339332,Oceanic Electronics Corporation,Oceanic Electronics Corporation,,,"Hersteller von Computerhardware in Taiwan, kaum dokumentiert",kif,,+,
15307,"Aktiengesellschaft für Druck und Verlag, vorm. Gebr. Gotthelft, Kassel","Aktiengesellschaft für Druck und Verlag, vorm. Gebr. Gotthelft, Kassel",,,Kasseler Verlag,kif,,+,
35542,Wendelin Wick (Drucker),Wendelin Wick (Drucker),,,"Drucker, tätig in: München und Freiburg im Breisgau, Wirkungsdaten: 1840-1845 (gnd, 31.01.2019)",piz,male,+,http://d-nb.info/gnd/1154539237
222788,Zimmermann Berndorfer Fleischwerke AG,Zimmermann Berndorfer Fleischwerke AG,,,"Fleischverarbeitender Betrieb in Berndorf, Niederösterreich. Bis 1948 aktiv. Zeitweilig bis zu 1200 Angestellte.",kif,,+,
40987,"Spindler (Familie, Tischler)","Spindler (Familie, Tischler)",,,"Familie von Tischlern, die u.a. für den preußischen Hof arbeiteten. 
Dt. Tischlerfamilie seit 18. Jh. aus Bayreuth, später in Potsdam.",pif,,+,
63858,Stadt Bergzabern,Stadt Bergzabern,,,Verwaltung der Stadt Bergzabern,kio,,+,
324629,Nikolaus Lenhardt,Nikolaus Lenhardt (1931-1999),1931,1999,"Nikolaus Lenhardt heiratete 1955 Anna Remy. Die Familie lebte zunächst in Kreuzkirchen/Cruceni. 1965 zog sie nach Arad um, wo sie ein Haus gebaut hatte, damit die Kinder die Möglichkeit hatten, ab der 5. Klasse eine deutsche Schule zu besuchen. (In Kreuzstätten hatte die deutsche Schule nur vier Klassen.)
1983 emigrierten sie aus Arad nach Deutschland, wo bereits Verwandte wohnten.",piz,male,+,
154829,Tânia Maria,Tânia Maria,,,"Musikgruppe, nachgewiesen für 1991",kim,,+,
336744,Eugen Wilke,Eugen Wilke (1850-1898),1850,1898,Regierungsrat beim königlichen Eisenbahnbetriebsamt Hamburg,piz,male,+,
88641,Schwarzkopf & Henkel GmbH,Schwarzkopf & Henkel GmbH,,,"""Die Schwarzkopf und Henkel GmbH ist als Teil der Henkel AG & Co. KGaA mit Hauptsitz in Düsseldorf-Holthausen weltweit mit ihren haarpflegenden Produkten vertreten. Seit mehr als 100 Jahren steht das Unternehmen unter anderem für Qualität, Kompetenz und Innovation in der Haarkosmetik und widmet sich dem Vertrieb von chemischen, therapeutischen und pharmazeutischen Erzeugnissen für die Haarpflege.
Der Henkel-Konzern wurde 1876 von dem Unternehmer Fritz Henkel in Aachen gegründet. Zunächst startete er mit dem Verkauf von Waschmittel, brachte er bereits 1903 das erste Haarwaschpulver auf den Markt und bot somit eine Alternative zu der sonst verwendeten Kernseife."" - https://www.shop-apotheke.com/hersteller/schwarzkopf-henkel-gmbh, 18.12.2020",kif,,+,
15303,Fleischhauer & Spohn (Verlag),Fleischhauer & Spohn (Verlag),,,1830 gegr. Verlag in Reutlingen,kif,,+,
8927,Schirmer (Standesbeamte),Schirmer (Standesbeamte),,,"1944 Standesbeamte im Standesamt Loitsche, Kreis Wolmirstedt",piz,,+,
30140,Franz Rösner (Müllerschüler),Franz Rösner (Müllerschüler),,,1902/03 Ausbildung an der Deutschen Müllerschule Dippoldiswalde,piz,male,+,
21847,VEB Pfeifen und Holzerzeugnisse Bad Liebenstein,VEB Pfeifen und Holzerzeugnisse Bad Liebenstein,,,"Carl Sebastian Reich gründete 1887 in Schweina (Thüringen) eine Pfeifenfabrik. Zum Zeitpunkt des 50jährigen Betriebsjubiläums in 1937 war die Firma C. S. Reich die größte Pfeifenfabrik Deutschlands. 
Im Jahre 1952 wurden die Gesellschafter Robert Hergert und Karl Reich inhaftiert und die Firma am 1. Juli 1953 als ""VEB Pfeifen und Holzerzeugnisse Bad Liebenstein"" ’in Volkseigentum überführt. So entstand auch der Name ""Howal"" als Abkürzung von ""Holzwaren Liebenstein"". 
(http://www.holzwerken.de/museum/hersteller/howal.phtml - 25.05.2016)",kif,,+,
208282,Bischöfliches Generalvikariat Trier,Bischöfliches Generalvikariat Trier,,,Verwaltungsorgan der römisch-katholischen Kirche in der Diözese Trier.,kir,,+,https://d-nb.info/gnd/1083293222
329107,"Josef Pfeiffer (Maler, 1912)","Josef Pfeiffer (Maler, 1912) (1912-1993)",1912,1993,Maler in Waldstetten (Ostalbkreis),piz,male,+,
38692,Dupuis (Musikinstrumentenmacher),Dupuis (Musikinstrumentenmacher),,,"""Dupuis was active in Paris in and around 1692. In this year, Du Pradellisted Dupuis as maître pour le Jeu et pour la Fabrique des Instruments à Vent. His mark appears as his name, DVPVIS, encapsulated in a cartouchesurrounded by either three or four fleur-de-lis. Dupuis also made recordersand pitchpipes. ..."" - Susannah Cleveland, Eighteenth Century French Oboes: A Comparative Study, Denton: University of North Texas, 2001 (Master of Music Thesis)",piz,,+,
193523,Emil Koch (Fotograf),Emil Koch (Fotograf),,,"Photographie Emil Koch Cöln Strasse 23 in Bonn, 19. Jh.",kiz,male,+,
47142,Bertha Funcke,Bertha Funcke (1892-1991),1892,1991,"Bertha Funcke war eine Tochter des Hagener Bankiers Ernst Osthaus und die Schwester des bekannten Kunstmäzens und Museumsgründers Karl Ernst Osthaus. Sie war verheiratet mit dem Politiker und Unternehmer Oscar Funcke (1885-1965). Das Paar hatte fünf Kinder: Erika (*1913), Ernst Oskar (*1915), Wilma (*1916), Liselotte (*1918) und Gerda (*1920).",piz,,+,
338908,Anton Simm,Anton Simm (1799-1873),1799,1873,"stammt aus Kukan (tschech. Kokonin) in Böhmen, starb in Gablonz an der Neiße; einer der produktivsten Glasschneider seiner Zeit im Isergebirgsraum; Themen die er in seinem Handwerk verarbeitete: Stadtansichten, historische, mythologische & sakrale Darstellungen",piz,male,+,
23183,Otto Königer (Eisleben),Otto Königer (Eisleben),,,"Wirkte an der Bergschule Eisleben, nachgewiesen um 1900",piz,male,+,
148079,H. Becker und Co.,H. Becker und Co.,,,"H. Becker & Co., Militär- u. Feuerwehrausrüstungen, Marsiliusstraße 4-6, Berlin.
Die Firma stellte u.a. Luftschutzhelme her. Die Kenn-Nummer eines der Luftschutzhelme bei der Reichsanstalt für Luftschutz 1936-1944 lautete: RL2-38/30",kif,,+,
169837,Friedrich Laue Musikverlag,Friedrich Laue Musikverlag,,,Die kleine Musikverlagshandlung von Friedrich Laue in Berlin bestand ab 1825 und wurde 1832 von dem Leipziger Verlag Friedrich Hofmeister angekauft.,kif,,+,
50889,Wolf Mair (Goldschmied),Wolf Mair (Goldschmied),,,"""Wolf Mair, Goldschmied & Stecher"" - http://www.smb-digital.de/eMuseumPlus?service=ExternalInterface&module=collection&objectId=917088, 17.01.2019
Nachgewiesen für 1586",piz,male,+,
187468,Louis Thomassin,Louis Thomassin (1774-1854),1774,1854,Maler in Frankreich,piz,male,+,
75334,Agostinho Martins,Agostinho Martins (1895-),1895,,"Agostinho Martins, geboren am 08.05.1895 in Barreiros, war ein portugiesischer Landarbeiter, der während des Ersten Weltkriegs im Kriegsgefangenenlager Merseburg interniert war.",piz,male,+,
223766,Heidrun Bartuschek,Heidrun Bartuschek,,,"Ehem. Kinderkrankenschwester, ausgebildet im Kaiserin-Auguste-Viktoria-Säuglingsheim in Berlin-Charlottenburg (Examen 1963)",piz,female,+,
313625,Erasmus Praetorius,Erasmus Praetorius (1560-1629),1560,1629,"Erasmus Praetorius (1560-1629) Erasmus Praetorius war ein deutscher Jurist, Historiker und Biograph der Spätrenaissance. Er veröffentlichte verschiedene juristische Abhandlungen, die das Prinzip gesetzlicher Rechtsprechung verteidigten. Später wurde er zum Gesundheitsminister des Herzogs von Holstein ernannt und verfasste auch eine Biographie über den Landesfürsten. (?)
https://www.igenea.com/de/nachnamen/p/praetorius",piz,male,+,
68391,Verlag Heinrich Valentin Bender,Verlag Heinrich Valentin Bender,,,Verlag in Mannheim,kif,,+,
221110,Barbara Müller (Malerin),Barbara Müller (Malerin) (1963-),1963,,geb. 1963 in Lichtenfels/Oberfranken,piz,male,+,
18114,"Fan-Club ""Eintracht Braunschweig""","Fan-Club ""Eintracht Braunschweig""",,,Fan-Club des Vereins Eintracht Braunschweig,kiz,,+,
70349,Tischlerei Göbel,Tischlerei Göbel,,,"Holzbau, Tischlerei, in Suhl, um 1940",kif,,+,
133371,Heinrich Busch (Maler),Heinrich Busch (Maler),1614,,"Maler, vermutlich niederländischer Herkunft. 1651 nachgewiesen in Dortmund. Porträtmaler. Wahrscheinlich identisch mit dem Maler Hendrick Bosch (Geboren in Dortmund, 1644 Heirat in Amsterdam, dort tätig).",piz,male,+,
313512,Georg Deffner,Georg Deffner (-1587),,1587,Buchdrucker in Leipzig,piz,male,+,https://d-nb.info/gnd/119652560
265406,Wolf-Dieter Pfennig,Wolf-Dieter Pfennig (1956-),1956,,"Maler, Grafiker",piz,male,+,https://d-nb.info/gnd/129678708
17815,Richard Goehde (Firma),Richard Goehde (Firma),,,"Richard Goehde war Ingenieur und Fabrikant von Koch-, Gas- und Beleuchtungsgeräten und auch Verfasser eines Kochbuches zum modernen Kochen mit Gas.
Laut Berliner Adressbuch ist die Fabrikationsstätte zwischen 1891 und 1897 in Berlin nachweisbar. Die Produkte waren vor allem für das Kochen mit Gas gedacht. (Stiftung Domäne Dahlem - Landgut und Museum)",piz,,+,
69709,Gertrud Mayer-Fröhlich,Gertrud Mayer-Fröhlich (1913-1951),1913,1951,"Gertrud Mayer-Fröhlich (geboren am 18.3.1913 in Barr/Elsass, gestorben am 9.4.1951 in Bergzabern) war eine deutsche Künstlerin.
1937 kommt sie nach Bergzabern, heiratet den Holzbildhauer Fritz Mayer und beginnt mit eigenen bildhauerischen Arbeiten. Ihr Mann fällt 1944 in Russland, ein tiefer Einschnitt in ihrem Leben. Die junge Kriegerwitwe beginnt ein Studium an der Akademie der Bildenden Künste in Karlsruhe, ihre Lehrer sind Karl Hubbuch und Otto Laible, die von den braunen Machthabern beide als „art fremde“ Künstler angesehen werden. In der Akademie lernt Gertrud den jungen Studenten Friedrich Schneider aus Dortmund kennen und lieben. In Briefen an seine Eltern gibt der aus Krieg und Gefangenschaft Zurückgekehrte seiner Verachtung über eine spießige und verlogene Gesellschaft Ausdruck. (Quelle: http://fjh-schneider.de/news.html, am 25.07.2019)",piz,female,+,
120000,Beringer & Seyfried,Beringer & Seyfried,,,"""Die Nürnberger Kompassmacher Beringer und Seyfried haben die Sonnenuhr oder zumindest die Kupferstiche Ende des 18. Jahrhunderts hergestellt. Georg Paul Seyfried (1725–nach 1776) war der Onkel des Nürnberger Kompassmachers David Beringer (1756–1829). Beide arbeiteten in einer Werkstatt zusammen, Beringer wird laut Gerhard G. Wagner 1777 Meister."" - https://digital.deutsches-museum.de/blog/der-gott-der-zeit-war-am-schnellsten-eine-wuerfelsonnenuhr-von-beringer-und-seyfried-1/, 30.05.2020",kif,,+,
118303,Johann Speck,Johann Speck (1892-),1892,,"Johann Speck, geboren am 7.2.1892 in Brüssel, war ein belgischer Kekshersteller, der während des Ersten Weltkriegs im Kriegsgefangenenlager Göttingen interniert war.",piz,male,+,
225482,Jacob Hübel,Jacob Hübel (1889-1954),1889,1954,"""Hübel war Bildhauer in Berlin. Er fertigte unter anderem klerikale Skulpturen, zumeist aus Holz, für Kirchen in der Stadt und im Umland. Sein bekanntestes Werk scheint die 1929 in Bergnassau entstandene Bronzebüste des Karl Freiherr vom Stein an der Alten Universität in Marburg zu sein. Die Freundschaft des Bildhauers mit dem preußischen Kultusminister Carl Heinrich Becker mag begünstigt haben, dass sein Name auf der Erwerbungsliste des Kultusministeriums auftauchte (Kristina Kratz-Kessemeier, Kunst für die Republik. Die Kunstpolitik des preußischen Kultusministeriums 1918 bis 1932, Berlin 2008, S. 511 f.). Hübel gehört zu den weniger bekannten Künstlern, deren Werke aufgrund des lokalen Ankaufschwerpunkts und zur Talentförderung erworben wurden."" - https://recherche.smb.museum/detail/964881/pferd, 19.12.2024",piz,male,+,
61336,Hans Puchner,Hans Puchner (1502-1567),1502,1567,"Hans Puchner, Nürnberger Patrizier, war von 1536-1539 Genannter des Großen Rates.",piz,,+,
23822,Hadsten Dampmølle A/S,Hadsten Dampmølle A/S,,,Um 1884 gegr. Dampfmühle im dänischen Hadsten,kif,,+,
329642,Jacob Wohlfarth (Verlag),Jacob Wohlfarth (Verlag),,,Verlag in Frankfurt am Main (nachgewiesen 1864),kif,,+,
328282,Lisi Jessen (Fotografin),Lisi Jessen (Fotografin),1889,,"deustche Fotografin, tätig in Berlin ab 1919",piz,female,,https://d-nb.info/gnd/1243832320
19802,"Bruck’s kaufmännische Privatschule, Magdeburg","Bruck’s kaufmännische Privatschule, Magdeburg",,,"Anschrift: Kölner Straße 1, Magdeburg - nachgewiesen für 1928-1929.",kif,,+,
81747,Franz Mayer (Firma),Franz Mayer (Firma),,,Unternehmen in Wien,kif,,+,
49384,Johann Balthasar Wening,Johann Balthasar Wening (1672-1720),1672,1720,"""Kupferstecher"" - gnd, 05.09.2020",piz,male,+,http://d-nb.info/gnd/129627593
55986,Hedwig Lehmann,Hedwig Lehmann,,,Stellte 1935 Brautkleid her.,piz,female,+,
280675,Artur Kretzschmar,Artur Kretzschmar,,,"Der aus Gröba stammende Artur Kretzschmar absolvierte zunächst eine Holzbildhauerlehre bei Paul Neubert in Riesa-Neuweida und im Alter von 24 Jahren eine Ausbildung als Dekorateur. In den folgenden Jahren bildete er sich künstlerisch fort, doch Einberufung in die Wehrmacht und Kriegsgefangenschaft verhinderten eine systematische künstlerische Ausbildung. Ein Neuanfang als Bildhauer nach 1945 blieb erfolglos, sodass er erneut als Dekorateur arbeitete und sich in der Freizeit als Landschaftsmaler entwickelte.",piz,male,+,
13865,M. Knäbig (Druckerei),M. Knäbig (Druckerei),,,Druckerei,kif,,+,
304803,Charlotte Hennings,Charlotte Hennings,,,1964 in Degerloch,piz,female,,
190361,Leu Numismatik AG (Winterthur),Leu Numismatik AG (Winterthur),,,"""Firma Leu Numismatik AG (Winterthur)
Die 2016 gegründete Münzhandelsfirma ist in Winterthur beheimatet und wird von Yves Gunzenreiner geführt. Mit der Firma Leu Numismatik AG (Zürich) hat sie nur den Namen gemeinsam."" - https://ikmk.smb.museum/ndp/koerperschaft/12733, 23.12.2021",kif,,+,
328512,Kurt Wetzel,Kurt Wetzel (1905-1995),1905,1995,deutscher Schauspieler,piz,male,+,https://d-nb.info/gnd/1146936001
9900,Willy Rodenberg,Willy Rodenberg (1904-1975),1904,1975,"Letzter Inhaber der Töpferei Rodenberg in Sommersdorf, die bis 1969 bestand. Willy Rodenberg hatte Ende der 1920er Jahre vier Semester an der Keramischen Fachschule in Bunzlau studiert.
Zu Beginn der 1930er Jahre übernahm er zusammen mit seinem Bruder Erich den väterlichen Betrieb, führte ihn später dann allein weiter. 1939 legte er die Meisterprüfung ab. Bereits zu Beginn des 19. Jahrhunderts kam das Grundstück an den Bouteillenfabrikanten Tobias Heinrich Gabriel Rodenberg und wies dort bis Ende der 1960er Jahre die Töpferei Rodenberg aus.",piz,male,+,
187304,Bürgermeisteramt Grünstadt,Bürgermeisteramt Grünstadt,,,Amt des Bürgermeisteres der Stadt Grünstadt,kio,,+,
9969,Otto Limutta,Otto Limutta,,,Nachgewiesen 1919 in Eisleben.,piz,male,+,http://d-nb.info/gnd/117007749
185975,Fotoatelier Georg Mauerer,Fotoatelier Georg Mauerer,,,"Fotoatelier in
- Hamburg",kif,,+,
1324,Johanne Döring,Johanne Döring,,,Wahrscheinlich Nichte von Bertha Futtig,piz,female,+,
294,Friedrich August Helm (Verlag),Friedrich August Helm (Verlag),,,Verlag in Halberstadt,kif,male,+,
23918,E. Redemann (Mühlenbesitzer),E. Redemann (Mühlenbesitzer),,,"Mühlenbesitzer in Wieprzyce, Nachgewiesen für Zeit um 1913",piz,,+,
16116,Hermes Fabrik pharm. Präparate K.G.,Hermes Fabrik pharm. Präparate K.G.,,,Arzneimittelhersteller in München-Grosshesselohe,kif,,+,
56280,Fritz Seemann,Fritz Seemann (1908-),1908,,Maler in Itzehoe. Nachgewiesen für 1969.,piz,male,+,
73489,Numismatische Gesellschaft Speyer e.V.,Numismatische Gesellschaft Speyer e.V.,,,"""In der 1965 gegründeten NUMISMATISCHEN GESELLSCHAFT SPEYER treffen sich Münzen-, Medaillen- und Papiergeldsammler sowie Geschichtsinteressierte und Kunstliebhaber.﻿""
Quelle: https://www.numismatische-gesellschaft-speyer.de/ 25.1.2023",kiz,,+,https://d-nb.info/gnd/2034611-6
113968,Herrmann Kerkow,Herrmann Kerkow,,,Herrmann Kerkow aus Bebersee,piz,male,+,
231165,E. Worgul (RGO),E. Worgul (RGO),,,Aktiv für die Revolutionäre Gewerkschaftsopposition (RGO). Nachgewiesen für 1931.,piz,,+,
266110,W. Freitag (Buchdruckerei und Buchhandlung),W. Freitag (Buchdruckerei und Buchhandlung),,,"Firma in Friedeberg/Neumark (Strzelce Krajeńskie), nachgewiesen 1917 durch Ansichtskarte mit dem Aufdruck ""W. Freitag, Buchdruckerei und Buchhandlung, Friedeberg N. M.""",kif,,+,
125476,Kötitzer Ledertuch- und Wachstuchwerke,Kötitzer Ledertuch- und Wachstuchwerke,,,"Wachstuchdruckerei Kötitz; Deutsche Pluviusin-(Kunstleder)Aktiengesellschaft; Kötitzer Ledertuch- und Wachstuch-Werke AG

Am 24. August 1897 gründete sich in Kötitz die ""Deutsche Pluviusin A.-G."". Bereits ein Jahr später begann in Kötitz die Herstellung von Kunstleder. Ab 27.09.1906 firmierte „Die Deutsche Pluviusin - AG“ unter der Bezeichnung ""Kötitzer Leder- und Wachstuchwerke AG"". Am 23.03.1910 wurde das Werk in !Deutsche Kunstleder-Aktien-Gesellschaft Kötitz"" umbenannt und übernahm die ""Kunstleder-Fabriken Carl Bockhacker"". 1918 wurden die ""Rheinische Kaliko-Fabrik C. Bockhammer"" in Burscheid als Werk II übernommen und während der Weltwirtschaftskrise 1930 stillgelegt.

Ab19.06.1923 führte das Werk den Namen ""Kötitzer Leder- und Wachstuch-Werke Aktiengesellschaft"". Die Produktion umfasste die Herstellung und den Vertrieb von Kunstleder, Ledertuch, Wachstuch, Lederersatzprodukten und ähnlichen Erzeugnissen.

Am 30.06.1924 erfolgte die Umbenennung des Werkes in ""Kötitzer Ledertuch- und Wachstuch-Werke AG"" mit Beteiligungen der ""Sächsische Zellwolle-Aktiengesellschaft"", Plauen, ""Knauth & Co. G. m. b. H."", Berlin, ""Göppinger Kaliko- und Kunstleder-Werke G. m. b. H."" Göppingen, Eislingen u.v.a.

1927 wurde die ""Berlin-Ketschendorfer Kunstlederfabrik AG"" übernommen und 1929 stillgelegt. Die ""Alexander-Schumann-Werke"" mit Werken in Zweenfurth bei Leipzig und Siebenlehn bei Nossen wurden 1929 übernommen. Die “Göppinger Kaliko- und Kunstleder und Eislingen Werke vorm Netter und Eisig GmbH” wurden 1938 in Göppingen gegründet.

1946 erfolgte durch die Teilung Deutschlands die Enteignung der in der Ostzone liegenden Fabriken Kötitz, Zweenfurth und Siebenlehn. Die Firma wurde 1946 in die ""Kötitzer Ledertuch- und Wachstuchwerke, Coswig"", umgewandelt. 1948 unterstellte man den VEB der ""VVB (Z) Lederherstellung Dresden"". Man forschte nun an der Entwicklung von flammensicheren Stoffen. Später gehörte der ""VEB Cowaplast"" dem Kombinat ""Kunstleder- und Pelzverarbeitung Leipzig"" an.

1950 erfolgte die Firmensitzverlagerung nach Düsseldorf, heute Vermögensverwaltungsgesellschaft mit Sitz in Norderfriedrichskoog. Als einziges Aktivum verblieb die Beteiligung an der Göppinger Kaliko, die sich 1977 der Großaktionär (""Continental-Gummiwerke AG"" in Hannover) einverleibte. Auch nach dem Verschwinden verschiedener anderer Unternehmen hatte die ""Kötitzer Ledertuch- und Wachstuch-Werke AG"" kontinuierlich ihren Hauptsitz in Friedrichskoog

Der ""VEB Cowaplast"" in Kötitz hatte ein großes Exportgeschäft. So gingen Folien, Kunstleder und Fußbodenbeläge in viele Länder, vor allem nach Skandinavien. Der Betrieb besaß ein eigenes Wohnheim in dem Arbeiter aus Cuba, Ungarn und Vietnam untergebracht waren und im Betrieb eine Ausbildung bekamen. Eine betriebseigene Feuerwehr gehörte ebenso zum Werk wie ein eigener Betriebskindergarten. Für die Betriebsangehörigen stand ein eigenes Betriebsferienheim in der Nassau zur Erholung. Der ""VEB Cowaplast"" hatte in Meißen im HO-Kaufhaus einen eigenen Verkaufsstand, an dem er die Waren aus seiner Produktion verkaufte.

1992 erfolgte die Privatisierung des Unternehmens Cowaplast. Die Probleme der Produktion konnten nicht mehr selbstständig gelöst werden und so stand die Liquidation des Werkes an. 1996 ging die Firma an die ""Elbtal Folien GmbH"". Heute befindet sich hier auf dem Gelände der Cowaplast die ""Jakob Buhl Leder- und Kunstlederverarbeitung"". Auch dieses Unternehmen kämpft um das Überleben, denn seit Juli 2009 befindet es sich im vorläufigen Insolvenzverfahren. Auf dem Gelände der ehemaligen Cowaplast haben sich im Laufe der Jahre mehrere kleine Betriebe angesiedelt. 
(Quelle: http://www.historisches-coswig.de/index.php?id=107, Stand 13.07.2020, KL)",kif,,+,
209489,Reinhard Grünewald,Reinhard Grünewald,,,"Realschullehrer i. R. in Reichelsheim (Odenwald), nachgewiesen als Buchautor 1998",piz,male,+,https://d-nb.info/gnd/133366235
267718,Reichs-Kredit-Gesellschaft AG,Reichs-Kredit-Gesellschaft AG,,,"""Reichs-Kredit-Gesellschaft Aktiengesellschaft"" in Berlin, nachgewiesen 1943",kif,,,
259507,Clifford Ashley,Clifford Ashley (1922-),1922,,"Clifford Ashley wurde im 2. Weltkrieg bei der britischen Royal Air Force als Pilot ausgebildet. Nach dem Kriegsende war Ashley in der Zivilluftfahrt tätig. Von 1949 bis zum Ende der Berliner Luftbrücke arbeitete Ashley als Pilot bei der Charterfluggesellschaft Airflight Ltd. von Don Bennett.

IWM-Interview von 2001:
https://www.iwm.org.uk/collections/item/object/80020421",piz,male,+,
104609,Salamon Nándor,Salamon Nándor (1935-2014),1935,2014,"Salamon Nándor (Tápszentmiklós, 1935. december 10.) muzeológus, művészeti író, művészettörténész, festőművész, tanár.
1950-1954: Tanítóképző, Győr; 1954-1957: Pedagógiai Főiskola, Szeged, rajz-földrajz szak, tanárai: Kopasz Márta, Vinkler László, Buday Lajos. 1979: Művelődési Minisztérium nívódíja a Borsos Múzeum rendezéséért. Az 1970-es években muzeológiai, esztétikai posztgraduális tanulmányokat folytatott. 1957-1972 között pápai, győri iskolákban, gimnáziumban tanított. 1973-1984 között a Xantus János Múzeum művészettörténész muzeológusa. 1984-1995 között a Szombathelyi Képtár igazgatója. 1960-1969-ben pápai, veszprémi, győri kollektív kiállításokon szerepelt festményeivel. Az 1960-as évek közepétől rendszeresen publikálta művészeti kritikáit, tanulmányait folyóiratokban és napilapokban (Művészet, Új Művészet, Műhely, Dunatáj, Új Forrás, Somogy, Új Horizont, Vasi Szemle, Népszava, Kisalföld, Tolna megyei Népújság stb.). Elsőként mutatta be a Kolozsváry- (1974) és Dévényi-gyűjteményt (1977), a hazatérő Konok Tamást (1980). Jelentősebb kiállításrendezései: Kassák, Miháltz, Lossonczy Tamás és Ibolya, Gadányi, Halápy, A. Tóth. Részt vett a Borsos Múzeum (1979), a Kovács Margit-gyűjtemény, a pápai A. Tóth Sándor állandó kiállítás, valamint a Kende Judit- és a Petz-gyűjtemény létrehozásában. Értékes művészeti hagyatékok megszerzését szorgalmazta (Xantus Gyula, Patay Éva, Kende Judit, Barkóczy- és Patkó Imre-gyűjtemény). Tanulmányaiban a kortárs magyar művészettel, a régió alkotóival foglalkozott (Borsos M., Somogyi J., Cziráki L., Tóvári Tóth I., Giczy J., Lossonczy T. stb.). Számos katalógust írt, szerkesztett. Folyamatosan foglalkozott a soproni érembiennáléval. Két ciklusban a Magyar Képzőművészek és Iparművészek Szövetsége észak-dunántúli szervezőtitkára volt. Megszervezte, kialakította a Szombathelyi Képtár intézményi arculatát, szervezeti kereteit. Nemzetközileg ismert művészeti múzeummá fejlesztette. Több hagyatékkal gyarapította a gyűjteményeket (pl.: Kassák, Orbán D., Martyn F., Szántó P., Miháltz P., Bartha L., Szőllősi E.). 1999-ben berendezte a Szántó Piroska-Vas István emléklakást. (artportal.hu)
Életének 79. évében 2014. július 23-án elhunyt. ""In Memoriam Salamon Nándor (1935 - 2014)"" címmel a vaol.hu-n jelent meg Dr. Gálig Zoltán művészettörténész nekrológja és visszaemlékezése.",piz,male,+,
2858,Porzellanmanufaktur Würzburg,Porzellanmanufaktur Würzburg,,,"Porzellanhersteller in Würzburg, 1775-1780",kif,,+,http://d-nb.info/gnd/4653044-7
23923,Kunstmühle Diez,Kunstmühle Diez,,,"Motorbetriebene Mahlmühle in Diez an der Lahn, belegt Anf. 20. Jh.",kif,,+,
5257,Friedrich Nikolaus Bonsack,Friedrich Nikolaus Bonsack (1833-1909),1833,1909,Bergmann in Deutschland,piz,male,+,
331223,Frankfurter Münzhandlung GmbH,Frankfurter Münzhandlung GmbH,,,"""1988 aus der Firma Frankfurter Münzhandlung Elisabeth Button hervorgegangen. 
Lit.: U. Werz, Münzhandel und Münzhändler in Frankfurt/M. nach dem Zweiten Weltkrieg, Geldgeschichtliche Nachrichten 29, 1994, 301."" - https://ikmk.smb.museum/ndp/corporation/8685?lang=de, 13.08.2025",kif,,+,https://d-nb.info/gnd/1086906918
118060,Rudolph Bang Perlmutterwarenerzeugnisse,Rudolph Bang Perlmutterwarenerzeugnisse,,,"""Die Firmengründung erfolgt 1870 durch den Goldarbeiter G. Leonhard Bang in Adorf (Vogtland). Dessen Sohn, Rudolph Bang, produziert und verkauft in den 1920er Jahren in Bad Brambach. Zum Sortiment der Firma gehören Spiegel, Bürsten, Streichholzhülsen, Uhren, Baro- und Thermometer, div. Kästchen, Rahmen, Tablette, Kreuze, Brieföffner und Petschafte, Besteck und Tafelzubehör, Schalen, Broschen, Anhänger sowie Schiffe."" - Perlmutter- und Heimatmuseum Adorf, 2021",kif,,+,
332735,Heinz Gliesche,Heinz Gliesche,,,"1948 2. stellv. Landrat des Kreises Ostprignitz (LDP), 1949 in Kyritz ansässig",piz,male,+,
266340,GYA-Schiller-Club,GYA-Schiller-Club,,,Jugendklub in Berlin-Tempelhof (nachgewiesen 1952),kiz,,+,
166413,Dietrich Schulte (Löbau),Dietrich Schulte (Löbau),,,Dietrich Schulte war von 1990 bis 2001 Oberbürgermeister der Stadt Löbau.,piz,male,+,
274809,Oswald (Schuhfabrik),Oswald (Schuhfabrik),,,"Die Schuhfabrik Oswald war eine Schuhfabrik in der Gemeinde Straß im Attergau. Nach dem Zweiten Weltkrieg entstand 1949 auf dem ehemaligen Brauereigelände in Attersee am Attersee die Schuhfabrik Oswald. Vorerst wurden Kinderschuhe erzeugt, später wurde auf Damenschuhe umgestellt. Nach zehnjährigem Bestehen beschäftigte die Schuhfabrik an die fünfhundert Mitarbeiter. Die Schuhfabrik übersiedelte 1960 nach Stöttham in der Gemeinde Straß im Attergau. Die Fabrik wurde 1988 geschlossen. Den gut eingeführten Markennamen übernahm die Schuhfabrik Högl in Taufkirchen an der Pram. Fritz Göschl: Attersee − Wasser und Geschichte, Heimatverein Attersee, 1996",kif,,+,
2683,Paul Gossen Co. K.-G.,Paul Gossen Co. K.-G.,,,"""Paul Gossen Co. K.-G., Fabrik elektrischer Messgeräte"", gegr. 1919 in Baiersdorf, ab 1920 in Erlangen
später ""P. Gossen & Co GmbH ""

""Paul Friedrich Karl Gossen (* 13. Dezember 1872 in Stargard in Pommern; † 30. Juni 1942 in Nürnberg) war ein deutscher Unternehmer und Ingenieur im Bereich Elektrotechnik."" - (Wikipedia (de) 10.08.2021)",kif,,+,
53086,Hermann Faber GmbH,Hermann Faber GmbH,,,Kaffeehersteller in Bremen,kif,,+,
22682,C. G. Lüderitz (Berlin),C. G. Lüderitz (Berlin),,,"Verlag und Druck in Berlin. Wurde vom Sohn des Gründers namens Gustav Lüderitz fortgeführt.
Lt. gnd:
Bezeichnung bis 1830: C. G. Lüderitz (Berlin) und ab 1837: C. G. Lüderitz’sche Verlagsbuchhandlung (Berlin)",kif,,+,http://d-nb.info/gnd/10155464-3
43104,Johann Christoph Pfeiffer (Hutmacher),Johann Christoph Pfeiffer (Hutmacher),,,Hutmachermeister und Bürger auf dem Neumarkt vor Halle. 1755 Verlobung mit Johanna Maria Dreyhaupt.,piz,male,+,
252733,Attalos Timo,Attalos Timo,,,"""Attalos tou Timonos. Attalos, Sohn des Timon.

Magistrat in Apameia/Phrygien zwischen ca. 75 und 67 v. Chr.

Der Name erscheint auf Kistophoren.

Lit.: W. Leschhorn, Lexikon der Aufschriften auf griechischen Münzen II (2009) 381. 848 (88-67 v. Chr.); F. S. Kleiner, The late cistophori of Apameia in: O. Mørkholm - N. M. Waggoner (Hrsg.), Greek numismatics and archaeology. Essays in honor of Margaret Thompson (1979) 126 issues XVII Nr. 30-32."" - https://ikmk.smb.museum/ndp/person/11113, 02.12.2023",piz,,+,
255870,Anstaltsschreinerei VA Ludwigsburg,Anstaltsschreinerei VA Ludwigsburg,,,Die Anstaltsschreinerei war ein Arbeitsbetrieb der ehemaligen Vollzugsanstalt Ludwigsburg.,kio,,+,
286463,Franz Xaver Schabel,Franz Xaver Schabel (1814-1880),1814,1880,Pfarrer in Schwäbisch Gmünd,piz,male,+,
311416,Seminarist Jung+Pieperts,Seminarist Jung+Pieperts,,,"Seminarist Jung+Pieperts aus Neuwied, Fabrik in Kessel (Feld in Heimbach-Weiss)",kif,,,
341925,Johann Christian Albert Schule,Johann Christian Albert Schule (1801-1875),1801,1875,Deutscher Radierer. Gestorben in Leipzig.,piz,male,,
187740,Literaturverlag Dr. Gebhard,Literaturverlag Dr. Gebhard,,,Verlag in Idar-Oberstein.,kif,,+,
124480,Lazarus Mansbach,Lazarus Mansbach,,,"Möbelhändler, Vorstandsmitglied der jüdischen Gemeinde in Kassel im frühen 19. Jahrhundert",piz,male,+,
234587,Anna Louise Bohrdt,Anna Louise Bohrdt (1865-1923),1865,1923,"geb. Koch, Ehefrau des Malers Hans Bohrdt",piz,female,+,
185636,Kunstanstalt Lautz & Isenbeck,Kunstanstalt Lautz & Isenbeck,,,Druckerei in Darmstadt,kif,,+,
205749,Diamant Schuhfabrik Otto Müller KG,Diamant Schuhfabrik Otto Müller KG,,,"""Die Diamant Schuhfabrik Otto Müller KG ist ein deutsches, mittelständisches Familienunternehmen, das sich auf die Herstellung von Tanzschuhen spezialisiert hat. Seit dem der Schuhmachermeister Eberhard Müller die Schuhmachertradition im Jahre 1873 mit der Eröffnung seines Ladengeschäfts in Frankfurt am Main begründete, hat sich der Familienbetrieb zu einem modernen und international agierenden Unternehmen entwickelt, welches seine Produkte in 37 Länder auf 4 Kontinenten exportiert. Der Firmensitz und Produktionsstandort ist in Bad Soden am Taunus ansässig und wird heute in der 4. und 5. Generation von Thomas Otto Müller und Thomas Oliver Müller geführt."" - https://www.diamant.net/diamant-schuhfabrik, 14.07.2022",kif,,+,
30402,Porzellanmanufaktur Reichenbach GmbH,Porzellanmanufaktur Reichenbach GmbH,,,Nachfolger der 1830 gegr. Manufaktur,kif,,+,http://d-nb.info/gnd/7741217-5
31469,Pfarramt Bodendorf,Pfarramt Bodendorf,,,Pfarramt in Bad Bodendorf (Rheinland-Pfalz) (nachgewiesen 1828),kir,,,
192721,K. Nake,K. Nake,,,Städtische Haushaltungslehrerin zu Dresden,piz,female,,
153004,Irmgard Zobel,Irmgard Zobel (1927-),1927,,"Geboren am 21.03.1927 in Zielitz.
Mutter: Marta Zobel
Vater: Karl Zobel (Beruf: Maurer)

1942 Lehrausbildung zur Damenschneiderin bei der Schneidermeisterin Anna Grupe in Wolmirstedt.",piz,female,+,
205984,Württembergische Naturalien-Sammlung (Stuttgart),Württembergische Naturalien-Sammlung (Stuttgart),,,Bis 1918 Königliches Naturalien-Kabinett (Stuttgart) und seit 20.03.1950 Staatliches Museum für Naturkunde Stuttgart,kio,,+,https://d-nb.info/gnd/31359-2
13859,A. Taube,A. Taube,,,Künstler in Wien (Wien VII),piz,male,,
210066,Heimat- und Geschichtsverein Wersau,Heimat- und Geschichtsverein Wersau,,,"Zusammenschluss interessierter (ortsansässiger) Menschen zum Erforschen der Heimatgeschichte, nachgewiesen 2014",kiz,,+,
86707,Metallwarenfabrik Christian Wagner Esslingen,Metallwarenfabrik Christian Wagner Esslingen,,,Hersteller von Küchengeräten aus Kupfer.,kif,,+,
166618,Druckhaus Richter,Druckhaus Richter,,,Druckerei in Würzburg,kif,,+,
280415,Werner Krause,Werner Krause,,,"Dipl.-Ing. Werner Krause, Weißenfels.
Hersteller eines keramischen Schuhs, Anf. 21. Jh.",piz,male,+,
341432,Erich Kristan,Erich Kristan (1904-),1904,,"Segelflugpionier, war bereits im Jahre 1922 technischer Assistent von Ferdinand Schulz, der die „Besenstielkiste“ konstruiert hatte. Das Fluggerät wurde mit geringstem Materialaufwand gebaut und war sehr leicht. Beim Rhönwettbewerb wurde es wegen mangelnder Baufestigkeit von der Technischen Kommission nicht zugelassen. Dennoch kann es zahlreiche Rekorde vorweisen, u.a. 8 h 42 min Dauerflug.",piz,male,+,
204942,Gravir & Prägeanstalt Wilhelm Theegarten,Gravir & Prägeanstalt Wilhelm Theegarten,,,Medaillienherstellendes Unternehmen. Nachgewiesen für 1898.,kif,,+,
350259,Wirth (Baumeister),Wirth (Baumeister),,,Baumeister (nachgewiesen 1831 durch Entwurf für eine Kirschenhalle in Güls bei Koblenz),piz,male,,
344442,Hildegard Rieth,Hildegard Rieth (1920-2019),1920,2019,"geborene Völk, Hausfrau, wohnhaft in Hofheim/Taunus und Fulda",piz,female,+,
339054,Druckerei Gottfried Hertle,Druckerei Gottfried Hertle,,,Druckerei in Kirchheim unter Teck (nachgewiesen 1975),kif,,+,
208190,Verlag Chr. Adolff (Altona-Ottensen),Verlag Chr. Adolff (Altona-Ottensen),,,Verlag in Altona. Nachgewiesen für Zeit um 1908-1925.,kif,,+,
43827,Walter Honroth,Walter Honroth (1880-1914),1880,1914,Architekt. War an den Grabungen im Pyramidenfeld von Abusir 1902-1908 beteiligt.,piz,male,+,
22099,Seifert & Kollektiv Naumann,Seifert & Kollektiv Naumann,,,Unternehmen in Dresden. Nachgewiesen für 1952.,kif,,+,
169907,Kazimierz Trygar,Kazimierz Trygar,,,Glasdesigner in Essen.,piz,,+,
113419,AG für Fabrikation von Eisenbahn-Material zu Görlitz,AG für Fabrikation von Eisenbahn-Material zu Görlitz,,,"""... Anfang 1869 verkaufte Lüders seine Eisenbahnwagen-Bauanstalt an den Berliner Kaufmann J. Mamroth für 600.000 Taler. Dieser trieb sofort seine Pläne voran, das Unternehmen in eine Aktiengesellschaft umzuwandeln. Hierzu wurde ein Gründungskomitee gebildet, dem unter anderem der königlich sächsische Finanzrat und Direktor der Sächsischen Staatsbahn Max Maria Freiherr von Weber, der königliche Regierungs- und Baurat sowie Direktor der Breslau-Schweidnitz-Freiburger Eisenbahn Carl Vogt und der kaiserlich-königliche Hofrat und Generaldirektor der Kaiser Ferdinands-Nordbahn Wilhelm Eichler von Eichkron angehörten. Am 3. Februar 1869 inserierte man in zahlreichen Zeitungen und bewarb die Beteiligung an der zu gründenden Aktiengesellschaft. Bereits am 10. Februar 1869 bei Schließung der Zeichnung waren statt der nötigen 800.000 Taler 2 Millionen Taler gezeichnet. Am 26. Mai des gleichen Jahres ging das Unternehmen in Besitz der Aktiengesellschaft über und wurde 21. Juni 1869 in das Gesellschaftsregister beim Königlichen Kreisgericht Görlitz eingetragen. Christoph Lüders schied auf eigenen Wunsch aus dem Unternehmen aus, obwohl man ihm die Stelle als technischem Leiter unter dem Direktor Heinrich August Samann anbot. ... "" Wikipedia (de) über Waggon- und Maschinenbau Görlitz, 11.03.2020",kif,,+,
20579,C. A. Rieder,C. A. Rieder,,,"Zinngießer, belegt im 19. Jh.",piz,male,,
328645,Kammleiter Uhremachermeister & Juwelier,Kammleiter Uhremachermeister & Juwelier,,,Uhrmachermeister und Juwelier in Schrotzberg in den 1990er Jahren.,kif,,+,
70309,Hermann Würz,Hermann Würz (1836-1899),1836,1899,"Geboren in Solingen, gestorben in Nizza. Genre- Bildnis- und Landschaftsmaler, ab 1854 Schüler von Johann Richard Seel.",piz,male,+,http://d-nb.info/gnd/1053687788
174502,Marie Margarethe Seipp,Marie Margarethe Seipp,,,Tochter von Johann Balthasar Seipp und Ehefrau des Pfarrers Johann Christoph Buff (1674-1756),piz,female,+,
343241,Gerta Kochendörfer,Gerta Kochendörfer (1892-),1892,,"Gerta Kochendörfer, geborene Pfaff, Heidelberg, Nachfahrin von Gottfried Pfaff",piz,female,+,
124786,VEB Plauener Spitze,VEB Plauener Spitze,,,"DDR-Großbetrieb für die Herstellung von Spitzen und Stickereien

""VEB Plauener Spitze
Gehört zu Kombinat
 VEB Kombinat Deko Plauen
Adresse
 Eugen-Fritsch-Straße, DDR-9900 Plauen (Bereiche TD, F/E, TKO)
 Weststraße 21/23, DDR-9900 Plauen (Betriebsdirektion)
Hat Teile
 VEB Plauener Spitze, (Betriebsteile Oelsnitz/Vogtland)"" - https://www.mil-airfields.de/ddr/orte/plauen.html, 17.08.2022",kif,,+,
135211,Martin Zimmermann (Kunsthändler),Martin Zimmermann (Kunsthändler),,,"Kunsthändler und Verleger in Augsburg. Aktiv 1648-1668. - gnd, 29.11.2020",piz,male,+,http://d-nb.info/gnd/129057681
4812,Lengerke (Firma),Lengerke (Firma),,,Hersteller von Oberbekleidung,kif,,+,
13103,Graphische Anstalt M. W. Laffally,Graphische Anstalt M. W. Laffally,,,Graphikbetrieb in Berlin. Nachgewiesen für Zeit um 1922.,kif,,+,
256636,Volksbank (Mayen),Volksbank (Mayen),,,"Geldinstitut.

Nachfolger ab 1998: Volksbank Vulkaneifel (Mayen)",kif,,+,https://d-nb.info/gnd/2106238-9
117444,Zentralhalle (Zeitz),Zentralhalle (Zeitz),,,Filmtheater in Zeitz,kif,,+,
147652,Verlag L. Kappelli,Verlag L. Kappelli,,,Verlag in Bologna. Nachgewiesen für Zeit um 1943.,kif,,+,
257285,Pip Coan,Pip Coan (1922-),1922,,"Pip Coan diente im Royal Army Service Corps für die Bodenorganisation als ""Air Strip Officer"" vom 28. Juni 1948 bis April 1949 auf dem Flugplatz Berlin-Gatow und anschließend auf dem Flugplatz Celle, Faßberg und Wunstorf bis November 1949. Nach Stationierungen in Bad Oeynhausen und Hildesheim wurde Coan 1953 nach Süd-Korea und Malaysia versetzt. Coan ging als Major in den Ruhestand.

Quelle:
Interview mit Pip Coan, IWM 1999
https://www.iwm.org.uk/collections/item/object/80017972",piz,male,+,
267862,Otto Hoffmann (Spandau),Otto Hoffmann (Spandau),,,"1903-1910 Schriftführer und ab 1910 (nocht 1935 erwähnt) Vorsitzender der ""Spandauer Singvereinigung 1866"", 1926 Ehrenmitglied;
verheiratet mit ""Lieschen"" Hoffmann",piz,male,+,
142147,Marcus Sommer Somso Modelle GmbH,Marcus Sommer Somso Modelle GmbH,,,"Unternehmen in Sonneberg, Thüringen.",kif,,+,
272884,Bernhard Hennig,Bernhard Hennig,,,"Bernhard Hennig war in den 1970er Jahren Bibliotheksangestellter im Botanischen Garten und Museum Berlin. Erwähnt ist er in Jahreberichtes über den Botanischen Garten und das Botanische Museum Berlin-Dahlem (vgl. z.B. Willdenowia 6), die von Theo Eckardt (1910 – 1970) verfasst wurden.",piz,male,+,
309889,Johann Hermann Querfurt,Johann Hermann Querfurt (-1737),,1737,Maler. Wohl Sohn des Tobias Querfurt d. Ä. Geboren um 1700 in Wolfenbüttel. Gestorben in Frankfurt/M. Porträtist.,piz,male,+,
211501,"Bourmaud, Gaël",Bourmaud Gaël (1975-),1975,,Bourmaud Gaël francia képzőművész.,piz,male,+,
72493,"Restaurant Hermann Türck, Inh. Franz Grothe","Restaurant Hermann Türck, Inh. Franz Grothe",,,"Großes Ausflugs-Restaurant am Machnower See in Kleinmachnow, belegt seit mindestens 1898, im II. Weltkrieg zerstört.",kif,,+,
268964,Friedr. Siemers (Verlag),Friedr. Siemers (Verlag),,,"Der Verlag ""Friedr. Siemers"" befand sich um 1913 in Berlin-Steglitz und veröffentlichte Ansichtskarten.",kif,,+,
274684,Sylvina Ahlendorf,Sylvina Ahlendorf,,,Sorbische Volkskünstlerin in Neschwitz,piz,female,,
74320,Druckhaus Aschendorff,Druckhaus Aschendorff,,,"Hoch qualifizierte und engagierte Mitarbeiter produzieren mit europaweit modernster Technik die Tageszeitungen der Zeitungsgruppe Münster und die verschiedenen Titel der Zeitungsgruppe Münsterland (ZGM). Außerdem stellen sie hochwertige Druckerzeugnisse für zahlreiche externe Auftraggeber her. Das Ergebnis dieser Arbeit halten die Leserinnen und Leser jeden Morgen in den Händen: Eine moderne, ansprechende und qualitativ hochwertige Tageszeitung, die auch im internationalen Vergleich Maßstäbe setzt. Für eine gleichbleibend hohe Qualität im gesamten Produktionsprozess sorgt das ISO-zertifizierte Qualitätsmanagement.

(https://www.aschendorff.de/druckzentrum/uebersicht/)",kif,,+,
64697,Andreas Vogler (Uhrmacher),Andreas Vogler (Uhrmacher) (-1800),,1800,"""Andreas Vogler (um 1730-1800) Er ist als Hersteller zahlreicher Äquatorialsonnenuhren, aber auch von Mond- und Sternuhren bekannt. Im Juli 1766 übernahm er die Werkstatt seines älteren Bruders Johann Georg Vogler und entfaltete eine überaus produktive Tätigkeit. Man zählt heute mehr als 130 Geräte von ihm in vielen Museen und Sammlungen."" (Quelle: Jürgen Abeler ""Meister der Uhrmacherkunst"", Wuppertal 1977, S. 634)",piz,male,+,
43890,Hartzerkleinerungs-Maschinenfabrik Zwickau,Hartzerkleinerungs-Maschinenfabrik Zwickau,,,Maschinenfabrik in Zwickau (nachgewiesen 1956),kif,,+,
40362,Eduardo Constantino,Eduardo Constantino (1948-),1948,,Keramiker aus Portugal,piz,male,+,
25325,Fotoatelier Müller-Kirchhofer,Fotoatelier Müller-Kirchhofer,,,"Fotoatelier in
- Basel, Clarastraße 5
- Herisau, Casernenstrasse
- Zürich, Villa Sofia, Seefeldstrasse 21

belegt Ende 19./Anf. 20. Jh.",kif,,+,
131575,G. Felix Solingen,G. Felix Solingen,,,"Unternehmen in Solingen. Auch: ""Gloriawerk, Solingen""",kif,,+,
210374,Hans Wildbolz,Hans Wildbolz (1873-1940),1873,1940,"Prof. Dr. Hans Wildbolz war ein Schweizer Chirurg und international anerkannter Spezialist für Urologie. Er wurde am 13.1.1873 in Bern geboren und starb dort am 14.12.1940. 
Er studierte Medizin an den Universitäten von Bern, Paris, Berlin, Lausanne und Zürich und promovierte 1896 in Bern. Assistent bei Theodor Kocher in Bern, 1902 PD der Chirurgie, 1919 außerordentlicher Professor für uroloische -chirurgische Diagnostik, 1940 ordentlicher Prof. ad personam. 1912-40 Chefarzt der nichtklinischen chirurgischen Abteilung am Inselspital. Die von ihm durch Schenkung gegründete urologische Station wurde 1941-71 von seinem Sohn Egon (1904-94, 1940 PD, 1955 ao. Prof.) geleitet, der das von seinem Vater verfasste Lehrbuch der Urologie (1924, 4. Aufl. 1959) weiter herausgab. Beide gehörten auch international zu den prominentesten Vertretern ihres Fachs.",piz,male,+,
256414,Nikolaus Hattemer,Nikolaus Hattemer (1900-1970),1900,1970,"Nikolaus Hattemer war Rechtsanwalt und Pfarrer, Ehrenbürger Viernheims (verliehen 1965) und Pfarrer an St. Marien.

* 26.4.1900, † 7.7.1970 Viernheim, katholisch
 Theologe (katholisch), Priester, Pfarrer, Dekan, Geistlicher Rat

 Werdegang:
 1925-1931 Rechtsanwalt
 1934 Priesterweihe
 1940-1970 Pfarrer an St. Marien in Viernheim
 Gründer der Albertus-Magnus-Schule in Viernheim
 Dekan des Dekanats Heppenheim
 Ehrenbürger von Viernheim
 Bundesverdienstkreuz 1. Klasse
 Monsignore
 Geistlicher Rat

Familie: 
 Vater: Hattemer, Karl* Joseph, 1869–1913, Gymnasiallehrer in Darmstadt
 Mutter: Hemmes, Elisabeth, 1870–1948, Lehrerin, Landtagsabgeordnete


siehe: „Hattemer, Nikolaus“, in: Hessische Biografie

""1925-1931 Rechtsanwalt, 1934 Priesterweihe, ab 1940 Pfarrer an St. Marien in Viernheim, Gründer der Albertus-Magnus-Schule Viernheim"" - gnd, 21.12.2023",piz,male,+,https://d-nb.info/gnd/1102141151
74445,Mechthild Allebrand,Mechthild Allebrand (1926-2021),1926,2021,Mitglied des Kulturvereins Guntersblum,piz,female,+,
312411,Lutz Röckert,Lutz Röckert,,,Leiter des Turmmuseums in Geyer (nachgewiesen 2018),piz,male,+,
276526,Graphische Abteilung Luftschiffbau Zeppelin Friedrichshafen a.B.,Graphische Abteilung Luftschiffbau Zeppelin Friedrichshafen a.B.,,,Abteilung für Dokumentations- und Werbefotografie innerhalb der Luftschiffbau Zeppelin Friedrichshafen GmbH (nachgewiesen 1930),kif,,+,
61983,Thomas Webb (Medailleur),Thomas Webb (Medailleur),,,"Medailleur in England, aktiv um 1800",piz,male,+,
24181,O. Schendel (Mühlenbesitzer),O. Schendel (Mühlenbesitzer),,,Mühlenbesitzer in Gultsch,piz,male,+,
337438,Berendt Woltemate,Berendt Woltemate,,,Deutscher Maler. Nachgewiesen 1651 in Hameln. Porträt- und Historienmaler. Vermutlich identisch mit dem 1643 in Lemgo erwähnten Maler Berendt Wottemau.,piz,male,+,
71700,Umkreis des Johann Andreas Benjamin Nothnagel,Umkreis des Johann Andreas Benjamin Nothnagel,,,Personen aus dem Umkreis des Johann Andreas Benjamin Nothnagel (1729-1804),siu,,+,
16182,Werner Meister,Werner Meister,,,"Herausgeber der ""Auerstedter Heimatblätter"", 2001",piz,male,+,
270283,Carl Schmidt (Verlag),Carl Schmidt (Verlag),,,"Berliner Verlag, der zu Beginn des 20. Jahrhunderts Ansichtskarten veröffentlichte.",kif,,+,
71929,Bussert & Stadeler (Verlag),Bussert & Stadeler (Verlag),,,"Der Verlag Bussert & Stadeler wurde im Sommer 1995 von den beiden Germanisten Frank Bussert und Helmut Stadeler gegründet. Mit seinem Hauptsitz in Jena/Thüringen und einer Dependance in Quedlinburg/Sachsen-Anhalt stand von Anbeginn die einzigartig dichte Aura der mitteldeutschen Kulturlandschaften im Fokus des verlegerischen Interesses.

Inzwischen sind im Sach- und Fachbuchbereich, in der Historischen und Regionalliteratur über 100 Titel entstanden, die von der Leidenschaft der Verleger für ihr Themengebiet wie für ihr Handwerk sprechen - denn alle unsere Bücher sind sorgfältig ediert und zumeist in Hardcover gebunden. In verschiedenen Reihen und vom opulenten Bildband bis zur wissenschaftlichen Studie, vom Harzer Sagenbuch bis zum Fan-Kult-Fußballjournal suchen wir den Kontakt mit den Lesern der Region und ihren so unverwechselbaren kulturellen Prägungen und Interessen.
(https://www.bussert-stadeler.de/index.php?route=information/information&information_id=6)",kif,,+,
52931,Kaffeesurrogat-Fabrik Wien,Kaffeesurrogat-Fabrik Wien,,,Fabrik in Wien,kif,,+,
340840,LAMBRECHT meteo GmbH,LAMBRECHT meteo GmbH,,,"Gegründet 1859 von Wilhelm Lambrecht in Einbeck, 1864 Verlagerung der Werkstatt nach Göttingen. Heute LAMBRECHT meteo GmbH, Entwicklung und Fertigung von meteorologischen Messgeräten (Windsensoren, Niederschlagssensoren etc.), Datenloggern und automatischen Wetterstationen. Projektierung kundenspezifischer Messsysteme (18.12.2025).",kif,,+,
212148,Fotoatelier Carl Becker,Fotoatelier Carl Becker,,,"Fotoatelier und Ansichtskartenverlag in
- Naumburg

Carl Becker Photographische Kunst-Anstalt für Portrait, Landschaften, Architecturen etc., Lichtdruckerei, Verlag in Naumburg (Saale)",kif,,+,
40166,Publius Licinius Crassus Iunianus Damasippus,Publius Licinius Crassus Iunianus Damasippus,,,"""P. Licinius Crassus Iunianus Damasippus (en), P. Licinius Crassus Iunianus Damasippus (la) -Roman Republican Moneyer, c. 47 - 46 BC (en)"", http://nomisma.org/id/p_crassvs_ivn_leg_pro_pr_rrc, 21.11.2017",piz,,+,
127681,Susanna Fussel,Susanna Fussel (1602-1651),1602,1651,"""verh. mit Georg Fussel; Tochter von Balthasar Schöner"" - gnd, 29.09.2020",piz,female,+,https://d-nb.info/gnd/131968882
19349,Tankstelle Otto Schulz (Rogätz),Tankstelle Otto Schulz (Rogätz),,,"Nachgewiesen für 1945, Tel. 25",kif,,+,
23668,F. W. Dannenberg (Mühlenbesitzer),F. W. Dannenberg (Mühlenbesitzer),,,1899/1902 Mühlenbesitzer in Zaatzke bei Wittstock/Dosse,piz,,+,
5247,W. Korn (Druckerei u. Verlag),W. Korn (Druckerei u. Verlag),,,"Verlag und Druckerei in Berlin, 1854 gegründet",kif,,+,
131048,Franz Eduard Rothe,Franz Eduard Rothe (1887-1975),1887,1975,"""Seit 1922 in Braunschweig; Angehöriger des Stahlhelm"" - gnd, 20.09.2020",piz,male,+,https://d-nb.info/gnd/1035121832
345626,Elisabeth Mensing,Elisabeth Mensing (1857-1936),1857,1936,"Porträtmalerin in Berlin

Geburtsname: Susanne Elisabeth Dorothee Jenny Mensing
auch: Lora Mensing",piz,female,+,
182702,Balikó Béláné Csordás Vilma,Balikó Béláné Csordás Vilma (1914-),1914,,Született Kerekiben.,piz,,+,
197438,Helmut Müller-Kühn,Helmut Müller-Kühn (1929-2017),1929,2017,Helmut Müller-Kühn studierte von 1953-1957 an der Hochschule für Gestaltung in der Abteilung Produktgestaltung. Danach arbeitete er im Institut des HfG-Dozenten Hans Gugelot als Produktgestalter. Mitte der 1960er Jahre wurde er Abteilungsleiter der Fried. Krupp Forschung und Entwicklung in Essen. Er baute die Abteilung auf und leitete sie 19 Jahre lang. Danach etablierte er sich als freier Künstler.,piz,male,+,
12727,Karthographisches Institut Peter J. Oestergaard,Karthographisches Institut Peter J. Oestergaard,,,Berlin. Nachgewiesen für Anfang 20. Jh.,kif,,+,http://d-nb.info/gnd/16228899-2
75337,Ali Muungárie,Ali Muungárie,,,"Ali Muungárie, geboren um 1893 in Wanani, war ein komorischer Bauer, der während des Ersten Weltkriegs im Kriegsgefangenenlager Wünsdorf interniert war.",piz,male,+,
341428,Johann Kirch,Johann Kirch (1728-1777),1728,1777,städtischer Eichmeister in Köln ab 1753.,piz,male,+,
156379,Traugott Friedrich Neuber,Traugott Friedrich Neuber (1834-1922),1834,1922,"Knopfmacher und später Oberlehrer der aus dem Haar seiner Mutter einen Blütenstrauß gefertigt hat. Geboren in Plauen 11.01.1834, verstorben am 26.09.1922 in Weigmannsdorf.",piz,male,+,
41577,VEB Schuhmaschinenbau Arnstadt,VEB Schuhmaschinenbau Arnstadt,,,"Am 1.1.1969 vereinigten sich der VEB Schuhmaschinenbau und er VEB Stanzmesser zum VEB Metallbau Arnstadt. Der VEB Metallbau betrachtete sich als Nachfolgefirma der Firma Ley, von der unter anderen das Firmenzeichen, sowie das Gründungsjahr 1856.",kif,,+,
33045,Anna Katharina Wishagg,Anna Katharina Wishagg,1664,1731,"Anna Katharina Wishagg, deren Mädchenname Dinglinger lautete, könnte mit dem Goldschmid Johann Melchior Dinglinger (1664-1731) verwandt sein, der in Biberach an der Riß geboren wurde und Hofgoldschmied in Dresden bei Kurfürst August dem Starken von Sachsen war. - Landesmuseum Württemberg, 24.07.2017",piz,female,+,
51097,Jakob Hagenbach,Jakob Hagenbach (1535-1565),1535,1565,Goldschmied in Basel.,piz,male,+,http://d-nb.info/gnd/122365011
186477,Carl August Constantin Schnauss,Carl August Constantin Schnauss (1782-1832),1782,1832,Respondent in Jena,piz,male,+,https://d-nb.info/gnd/121583430
3037,Friedersdorfer Ziegelwerke,Friedersdorfer Ziegelwerke,,,Friedersdorfer Ziegelwerke bei Bitterfeld (1889 bis 1967),kif,,+,
213775,Bischöfliches General-Viktariat Trier,Bischöfliches General-Viktariat Trier,,,Kirchenverwaltung des Bistums Trier.,kir,,+,
252202,Friedrich Koch (Galeriediener),Friedrich Koch (Galeriediener) (1793-1872),1793,1872,"Galeriediener und Münzsammler in Berlin, 1850er-1860er Jahre",piz,male,+,https://d-nb.info/gnd/174375700
308719,Marsilius Wulf,Marsilius Wulf,,,"Maler. 1624 in Braunschweig als ""Contrafeyer"" genannt. Porträtist.",piz,male,+,
70798,Anna Meinhardt (Verlag),Anna Meinhardt (Verlag),,,Verlag Anna Meinhardt in Teltow.,kif,,+,
235455,Beck Brauerei,Beck Brauerei,,,"Die Beck-Brauerei in Bremen (""Beck's"") war auch 2023 als Brauerei Beck GmbH & Co. KG in der Hansestadt aktiv.",kif,,+,
257724,J. L. Koch,J. L. Koch,,,"Uhrmacher in Berlin, nachweisbar 1751",piz,male,+,
214083,Ute Hoeschen,Ute Hoeschen (1939-),1939,,"""Dt. Künstlerin aus Hamm (Westfalen), Mitglied des Hammer Künstlerbundes"" - gnd, 14.02.2023",piz,female,+,https://d-nb.info/gnd/1081081147
24421,Meinecke (Mühlenunternehmer),Meinecke (Mühlenunternehmer),,,1913 belegt als Auftraggeber einer Motormühle in Hamburg,piz,,+,
74221,J.M. Paillard,J.M. Paillard,,,"War ein Farbenhersteller in Frankreich, der Ölfarben, Wasserfarben, Kohlefarben usw. herstellte. 1980 geschlossen.",kif,,+,
308649,Hans Georg Reuth,Hans Georg Reuth,,,"Deutscher Maler. Nachgewiesen 1638-1644, tätig in Kamenz und Bautzen. Porträt- und Historienmaler.",piz,male,+,
228844,Fotoatelier H. Kühnemann,Fotoatelier H. Kühnemann,,,"Fotoatelier in
- Delitzsch",kif,,+,
278295,Johann Heinrich Teucher,Johann Heinrich Teucher (1722-1802),1722,1802,"Schweizer Maler. Tätig in Bern, wohl auch in Zürich. Porträt-, Wappen- und Landschaftsmaler.",piz,male,+,https://d-nb.info/gnd/1317045777
163865,Wilhelm Barchet,Wilhelm Barchet,,,Einwohner in Fußgönheim (1945),piz,male,+,
241332,Hermann Scharrig (Bau- und Kunstglaserei),Hermann Scharrig (Bau- und Kunstglaserei),,,Bau- und Kunstglaserei in Greiz (nachgewiesen 1893/1900),kif,,+,
269376,Otto Schmidt (Pädagoge),Otto Schmidt (Pädagoge),,,"Dr. phil. Otto Schmidt, Direkor eines Milit. Pädagogiums in (Berlin-)Charlottenburg, Schillerstraße 7 (nachgewiesen 1901).",piz,male,+,
277915,Druckerei Haus GmbH,Druckerei Haus GmbH,,,Druckerei Haus GmbH in Hanau (nachgewiesen 1980),kif,,+,
122107,Seleukos tou Brachyllidou,Seleukos tou Brachyllidou,,,"""Seleukos, Sohn des Brachyllidas.
Magistrat in Tabai/Karien im 1. Jh. v. Chr.
Lit.: W. Leschhorn, Lexikon der Aufschriften auf griechischen Münzen II (2009) 802 s. v. Seleukos (1. Jh. v. Chr.); J.-S. Balzat u.a. (Hrsg.), Lexicon of Greek Personal Names V B. Coastal Asia Minor (2013) 381 s. v. Seleukos (Nr. 16) (1. Jh. v. Chr.)."" - https://ikmk.smb.museum/ndp/person/10688, 12.06.2020",piz,,+,
168110,Werkstatt Georg Funcke,Werkstatt Georg Funcke,,,In Dresden von 1710 bis 1727 für die Meissener Manufaktur als Goldmaler und Emailleur tätig.,kif,,+,
262155,William J. Sheehan,William J. Sheehan,,,"William J. Sheehan trat 1942 in die US-amerikanische Armee ein. 1944 war er an der Landung in der Normandie beteiligt. 1945 wechselte er zur Army Air Force bzw. US Air Force, bei der er bis 1974 diente. Seinen Abschied nahm er im Rang eines Senior Mastersergeants. Von Juli 1948 bis Oktober 1949 war er als Angehöriger des 11th Troop Carrier Squadron an der Berliner Luftbrücke beteiligt.",piz,male,+,
338707,Reinhard Schreiber (Chirurg),Reinhard Schreiber (Chirurg),,,"Dr. med., 1984-2025 Facharzt für Chirurgie, Orthopädie und Sportmedizin in Darmstadt",piz,male,+,
202024,Paula Kahn,Paula Kahn (1882-1962),1882,1962,"Paule Kahn, geborene Heim. Geboren am 04.10.1882 in Rödersheim. Verheiratet mit Hugo Kahn. Das Ehepaar lebte in der Weinstraße Süd, 31, bei Familie Feldmann. Beide wurden 1940 nach Gurs deportiert. 
Hugo Kahns Spur verlor sich in Majdanek. Er wurde nach dem Krieg für tot erklärt. Seine Ehefrau blieb von der Deportation in ein Vernichtungslager verschont. Paula Kahn konnte gerettet werden.
Denn ab dem 15. August 1944 landeten im Rahmen der „Operation Dragoon“ (englisch für Dragoner) etwa 180.000 alliierte Soldaten in Südfrankreich bei Saint Tropez an der Côte d‘Azur und zwangen die deutschen Truppen zum Rückzug aus Süd- und Südwestfrankreich. Kämpfer der Résistance befreiten schließlich das Camp de Noé. Am 20. August konnte Paula Kahn das Lager verlassen. Sie kam in ein Altersheim in Toulouse, wo sie als seelisch und körperlich gebrochene Frau weiterlebte. Von ihrer Lagerhaft hatte sie bleibende Schäden davongetragen. Sie blieb dauerhaft bettlägerig. Am 25. Februar 1962 starb sie in der südfranzösischen Stadt.
Aus dem Hospice de la Grave à Toulouse hielt Paula Kahn Briefkontakt mit Familie Wiemer in Bad Dürkheim.",piz,female,+,
135894,Casper Albeck,Casper Albeck,,,"evangelischer Pfarrer in Augsburg, 17. Jh.",piz,male,+,
165596,Attalos Diotrephou (Apameia),Attalos Diotrephou (Apameia),,,"""Attalos Diotrephou
Attalos tou Diotrephou. Attalos, Sohn des Diotrephes.
Magistrat in Apameia/Phrygien unter Augustus.
Lit.: RPC I 507 Nr. 3125; W. Leschhorn, Lexikon der Aufschriften auf griechischen Münzen II (2009) 381. 462."" - https://ikmk.smb.museum/ndp/person/5086, 23.11.2021",piz,,+,
302187,Arbeitsgemeinschaft Deutscher Schwesternverbände und Pflegeorganisationen e.V. (ADS),Arbeitsgemeinschaft Deutscher Schwesternverbände und Pflegeorganisationen e.V. (ADS),,,"Der Verein ist der Zusammenschluss von Mutterhausverbänden, Schwesternschaften, Verbänden und Pflegeorganisationen, die im Bereich des Deutschen Caritasverbandes, des Diakonischen Werkes der EKD und des Deutschen Roten Kreuzes die beruflichen Belange der Pflegeberufe vertreten.

https://vereins.fandom.com/wiki/Arbeitsgemeinschaft_Deutscher_Schwesternverb%C3%A4nde_und_Pflegeorganisationen",kiz,,+,
11391,Thomas Hofmann (Autor),Thomas Hofmann (Autor),,,"Autor luftfahrthistorischer Literatur, 2. H. 20. Jh.",piz,male,+,
237394,Fußballverband der Tschechischen Republik,Fußballverband der Tschechischen Republik,,,"Der Fußballverband der Tschechischen Republik (Fotbalová asociace České republiky, abgekürzt FAČR) vertritt knapp 4.000 Vereine und ca. 625.000 Mitglieder. (wikipedia, 1.08.2025)",kiz,,+,
