127950,Georg Ludwig Winter,Georg Ludwig Winter (-1772),,1772,"""† vor Juni 1772, Verleger. Winter begründete seinen (nicht allein auf Musik konzentrierten) Verlag im Jahre 1750 in Berlin und arbeitete als erster Drucker außerhalb Leipzigs mit dem von Joh. G. I. Breitkopf 1755 vorgestellten neuen Typendruckverfahren. ... Nach seinem Tode übernahm Fr. Wilh. Birnstiel Teile der nichtmusikalischen Produktion, während der Verlag seit Juni 1772 unter der Firma G. L. Winters Wittwe und Erben (seit Jan. 1787 unter G. L. Winters Wittwe) fortgeführt wurde. Ende 1787 erlosch die Firma, und die Musikalien gingen an Joh. C. Fr. Rellstab über."" - https://www.mgg-online.com/article?id=mgg13915&v=1.0&rs=mgg13915, 17.12.2020",piz,male,+,http://d-nb.info/gnd/1037495829
159190,Egon Kunz,Egon Kunz,,,"Dipl.-Ing., Regierungsbaudirektor (nachgewiesen 1992)",piz,male,,
211516,"Prosi, Henri",Prosi Henri (1936-2010),1936,2010,French painter,piz,male,+,
157110,Andreas (Seliger),Andreas (Seliger) (-936),,936,"Der Selige Andreas war Sklave des angesehenen Beamten Theognostos in Konstantinopel, der ihm aufgrund seiner Begabung Unterricht zuteil werden und ihn als Notar ausbilden ließ, um ihm die Leitung seines Hauses und die Verwaltung seines Vermögens zu übertragen. Der Hl. Andreas kam durch die Lektüre von Heiligenleben und durch seine Freundschaft zu Nikephoros, einem Presbyter der Sophienkirche, zum christlichen Glauben. Die Bekehrung im Alter von etwa 36 Jahren endete damit, dass er beschloss, sich zum,Narren um Christi Willen zu machen. Er verbrachte nun sein ganzes Leben auf den Gassen von Konstantinopel. In der Kirche zu Blachernae ward er gewürdigt, die Mutter Gottes zu sehen, die für die bedrohten Christen der Stadt betete und sie mit ihrem Schultertuch deckte. Der Selige Andreas starb im Jahre 936. orthopedia.de, 31.12.2020",piz,male,+,
142696,Da Chongguang,Da Chongguang (1623-1692),1623,1692,"Da Chongguang 笪道光 (1623 - 1692), chinesischer Maler des 17. Jahrhundert",piz,,+,
347736,Christian Felix,Christian Felix (1723-1796),1723,1796,"""Zu Christian Felix (* 22. Dezember 1723; † 5. August 1796) ist nicht bekannt, bei wem er das Handwerk des Glockengießers erlernte. Er betrieb anfangs in Feldkirch keine eigene Gießerei. Um 1768 lebt und arbeitet er in Chur, wo er mit Johannes Schmid zusammenarbeitet. 1768 ist er in Feldkirch ein selbstständiger Gießer.""! - https://austria-forum.org/af/AustriaWiki/Felix_%28Glockengie%C3%9Fer%29 (11.04.2026)",piz,male,+,
293488,Adelheid Koenigs,Adelheid Koenigs (1880-1945),1880,1945,"""Adelheid Koenigs (* 1880, † 1945) war die letzte Schlossherrin des Sinziger Schlosses. Am Standort der Skulptur „Das alte und das junge Sinzig“ in den Anlagen zwischen HoT und Schloss, die während der Nazizeit den Namen „Dr.-Goebbels-Anlagen"" trugen[1] stand einst eine von Adelheid Koenigs geschaffene Bronzeplastik „Der Dornzieher“. Sie fiel im Zweiten Weltkrieg der Metallsammlung zum Opfer."" - https://www.aw-wiki.de/index.php/Adelheid_Koenigs, 30.12.2024",piz,female,+,
8612,Heinrich I. Rößing,Heinrich I. Rößing,,,"Dr. med. Heinrich I. Roessing, Arzt aus Rhede, Münsterstraße (2. H. 20. Jh.)",piz,male,+,
234580,Paul Bohrdt,Paul Bohrdt (1841-),1841,,Bruder des Marinemalers Hans Bohrdt.,piz,male,+,
220569,Friedrich Kurscheidt,Friedrich Kurscheidt (1874-1942),1874,1942,Lehrer in Bonn,piz,male,+,
128784,Anthonius Carli,Anthonius Carli (1647-1717),1647,1717,"""dt. Maler; Hofmaler des Kölner Kurfürsten Heinrich Maximilian von Bayern und Köln"" - gnd, 01.09.2024",piz,male,+,https://d-nb.info/gnd/1052841309
49969,Sam Phillips (Kupferstecher),Sam Phillips (Kupferstecher),,,Stach nach Gemälde von William Hogarth,piz,,+,
65902,Timokles (Alabanda),Timokles (Alabanda),,,"""Magistrat in Alabanda in Karien zwischen ca. 197 und 189 v. Chr.
Lit.: W. Leschhorn, Lexikon der Aufschriften auf griechischen Münzen II (2009) 846."" - http://www.mkfrankfurt.uni-frankfurt.de/object?lang=de&id=ID340, 26.02.2019",piz,,+,
49070,H. Fricke (Fotograf),H. Fricke (Fotograf),,,"H. Fricke (Nachweiszeit: 1865 - 1884), Herstellung, Fotograf",piz,,+,
327853,Hochschule für Architektur und Bauwesen Weimar (1954-1996),Hochschule für Architektur und Bauwesen Weimar (1954-1996),,,Hochschule in Weimar 1954-1996,kio,,+,https://d-nb.info/gnd/37390-4
236314,Frederick Loeser,Frederick Loeser (1833-1911),1833,1911,"""Frederick Loeser & Co. war ein großes Kaufhaus in Brooklyn, New York. Ihr Hauptgeschäft in der Fulton Street 484 war 65 Jahre lang eines der wichtigsten Wahrzeichen von Brooklyn. Das Geschäft wurde im Februar 1952 geschlossen.

Das 1860 von dem deutschen Einwanderer Frederick Loeser (1833-1911) unter dem Namen Loeser und Dinkelspiel gegründete Unternehmen begann als Stickerei- und Posamentengeschäft. Das ursprüngliche Geschäft befand sich in der Fulton Street 277, etwa einen Block von der Brooklyn Borough Hall entfernt."" - (Wikipedia (de) 11.10.2023)",piz,male,,
62504,Peter Paul Pfeiffer,Peter Paul Pfeiffer (1879-1957),1879,1957,Medailleur,piz,male,+,http://d-nb.info/gnd/1012390624
166791,Ferdinand Ludwig Carl von Zeppelin,Ferdinand Ludwig Carl von Zeppelin (1875-1937),1875,1937,"Ferdinand Ludwig Carl Graf von Zeppelin (10.4.1875 - 26.10.1937), im Umfeld des Luftschiffbaus damals allgemein als Graf Zeppelin jun. bezeichnet, war ein Neffe des alten Grafen von Zeppelin (1838-1917). Sein Vater war Eberhard Moritz Adolf Albert Graf von Zeppelin (1842-1906), ein jüngerer Bruder des Luftschiffbauers Ferdinand Adolf Heinrich August Graf von Zeppelin (1838-1917). 
Er war ebenfalls für die Luftschiffbau Zeppelin GmbH tätig.",piz,male,+,
30140,Franz Rösner (Müllerschüler),Franz Rösner (Müllerschüler),,,1902/03 Ausbildung an der Deutschen Müllerschule Dippoldiswalde,piz,male,+,
30730,Bernd Schiemann,Bernd Schiemann,,,"Fotograf, Fürstenwalde, belegt um 1979",piz,male,+,
15236,Friedrich Vollandt,Friedrich Vollandt (1890-1977),1890,1977,"""Schüler der Leipziger Akademie, seine graphischen Mappen fanden große Beachtung, trat auch als Buchkünstler hervor"" - gnd, 18.05.2020",piz,male,+,http://d-nb.info/gnd/1034462636
10791,Fotoatelier Gustav Hansen,Fotoatelier Gustav Hansen,,,"Hansen, Gustav, geb. 28.06.1894 Wanzleben, gest. 29.03.1966 Hakenstedt, Fotograf, Graphiker.
Vor dem I. Weltkrieg besuchte H. die Fachschule für angewandte Kunst in Magdeburg und machte sich nach dem Kriegsdienst in Wanzleben als Fotograf selbständig. Seit 1926 war H. als Fotograf und Graphiker in der Saatzucht der Firma Zuckerfabrik Klein Wanzleben, vormals Rabbethge & Giesecke AG beschäftigt. H. legte in seiner Freizeit eine umfangreiche Fotodokumentation zur Geschichte von Natur und Gesellschaft des Kreises Wanzleben an, in enger Zusammenarbeit mit der 1935 gegründeten Kreisstelle für Heimatschutz (Albert Schimmel) und der Heimatsammlung in Wanzleben. H. schuf mindestens vier Schmalfilme (16 mm) zu kreisbezogenen Themen und fertigte zusammen mit Schimmel eine Dia-Serie über urgeschichtliche Funde des Kreisgebietes. Das ursprüngliche Werk erfuhr nach schwerer Erkrankung des Urhebers merkbare materielle Verluste, doch konnte der Verfasser einen ansehnlichen “Nachlaß G. H.” im Börde-Museum Ummendorf zusammenbringen, u. a. die Filme: “Jugend erlebt ihre Heimat” (Denkmalpflege) und “Bräuche im Kreis Wanzleben” (Volkskunde), Reste der Fotosammlungen (Negative und Positive), Aquarell- und Deckfarben-Malereien und Studien aus der Fachschulzeit.
Der Nachlass befindet sich im Börde-Museum Burg Ummendorf.
Literatur: Werner H., Chronik der Familie H., Ms. o. J. (Börde-Museum Ummendorf); Heinz Nowak, Rekonstruktion der Lichtbildserie “Die Urgeschichte des Kreises Wanzleben” von Albert Schimmel, fotografiert von G. H., 1938, Ms. 1981–95 (Börde-Museum Ummendorf).",kif,,+,
142100,Margarete Thiele (Autorin),Margarete Thiele (Autorin) (1879-),1879,,Autorin von Kinderbüchern und Märchen.,piz,female,+,http://d-nb.info/gnd/142626589
135598,Schenksche Kunsthandlung,Schenksche Kunsthandlung,,,Kunstdruckhandlung in Braunschweig. Nachgewiesen für Zeit um 1830.,kif,,+,
3354,Westpfalz-Verlag,Westpfalz-Verlag,,,Verlag in Ramstein-Miesenbach,kif,,+,
39608,M. Weigel (Verlag),M. Weigel (Verlag),,,"Druckerei/Verlag in Berlin, belegt um 1850",kif,,+,
25688,Johann Jakob Wagner (Münzmeister),Johann Jakob Wagner (Münzmeister),,,"Stuttgarter Münzmeister, nachgewiesen 1694",piz,male,+,
251362,Maria Theresia Büchler,Maria Theresia Büchler,,,"Maria Theresia Büchler, geb. Röchner, war seit 1835 mit Franz Valentin Büchler (1810-1883) verheiratet. (WikiTree, 29.11.2023)",piz,female,+,
322713,Mesebolt Játéknagykereskedő,Mesebolt Játéknagykereskedő,,,"Nyíregyháza, Bethlen u. 2. sz. alatt működött, tulajdonosa Bata Sándor volt.",kif,,+,
120827,"Priscott, T.",T. Priscott (1830-),1830,,"""Also known as
 T Priscott 
 primary name: Priscott, T 
Details
 unknown; printmaker; British 
Other dates
 c. 1830- (active) 
Biography
 Engraver "" - https://www.britishmuseum.org/collection/term/BIOG42697, 22.05.2021",piz,,+,
275022,Karl Aloys Schmitt,Karl Aloys Schmitt (1808-1860),1808,1860,"Karl Aloys Schmitt (geboren 03.09.1808 in Stuttgart, gestorben am 20. oder 29.06.1860 in Zürich) war Lehrer am orthopädischen Institut von Jakob Heine in Bad Cannstatt und Gesanglehrer/Musiklehrer am Katharinenstift in Stuttgart 1842-1849. Er lebte 1849-1860 im Exil in der Schweiz.
(Quelle: Personenkartei des Stadtarchivs Stuttgart sowie Karteikarten der Gemälde/Grafiksammlung des Stadtarchivs Stuttgart, 2.9.2024)",piz,male,+,
213778,Hannelore Mühlenhaupt,Hannelore Mühlenhaupt,,,"Hannelore Mühlenhaupt ist die Frau vom Künstler Kurt Mühlenhaupt. Nach dessen Tod im Jahr 2006 führte sie das Kurt Mühlenhaupt in Bergsdorf weiter, bis es im Jahr 2019 nach Berlin übersiedelte, wo sie noch immer seinen Nachlass verwaltet.",piz,female,,
335287,Johannes Mies,Johannes Mies,,,Lehrer und Hauptlehrer in Bodendorf/Ahr von 1894 bis 1928.,piz,male,+,
75482,Michel Holden,Michel Holden (1884-),1884,,"Michel Holden, geboren am 19.8.1884 in Blackburn, war ein englischer Spinner in einer Baumwollspinnerei, der während des Ersten Weltkriegs im Kriegsgefangenenlager Göttingen interniert war.",piz,male,+,
13670,Marthe Schwerdtlein (Figur in Goethes Faust),Marthe Schwerdtlein (Figur in Goethes Faust),,,"Marthe Schwerdtlein, Nachbarin Gretchens in Goethes Faust",pxl,,+,
287332,Cornelsen (Absender),Cornelsen (Absender),,,Absender einer Ansichtskarte aus Paris 1900,piz,,,
15868,Serious Games Solutions GmbH,Serious Games Solutions GmbH,,,"Serious Games Solutions GmbH, Potsdam; Entwickler/Publisher von Serious Games",kif,,+,
198946,Carl Köhler (Verlag),Carl Köhler (Verlag),,,"Verlag in Darmstadt am Ende des 19. Jahrhunderts, die Firma nannte sich vor 1864 ""Carl Koehler junior""",kif,,+,https://d-nb.info/gnd/1072927691
57678,2. Königlich Sächsisches Train-Bataillon Nr. 19,2. Königlich Sächsisches Train-Bataillon Nr. 19,,,Einheit der sächsischen Armee,kio,,+,
302511,VEB Apoldaer Lederwarenfabrik,VEB Apoldaer Lederwarenfabrik,,,"Der VEB Apoldaer Lederwarenfabrik war ein volkseigener Betrieb der DDR in Apolda (Thüringen), gegründet 1952 und spezialisiert auf hochwertige Lederwaren und Täschnerwaren (Damen-, Stadt- und Reisetaschen, Autohimmel für Wartburg und Trabant). Der Betrieb gehörte zum VEB Kombinat Lederwaren Schwerin und agierte als Leitbetrieb mit mehreren Fertigungsstätten (z. B. Werk II in Pößneck). Seine Produkte wurden in zahlreiche Länder exportiert und trugen häufig das lokale „Glockensiegel“. Bis zu 600 Beschäftigte arbeiteten in der Fabrik. Nach der Wende 1990 privatisiert, Rechtsnachfolger ist die heutige LederAtelier Apolda GmbH.",kif,,+,
30267,Carl Gottlieb Neumann,Carl Gottlieb Neumann,,,Zinngießermeister in Dresden (Wirkungszeit 1774-1795),piz,male,+,
337393,Kaufhaus Stauf,Kaufhaus Stauf,,,Das Kaufhaus Stauf befand sich an der Ecke Hermannstraße/Hörder Rathaus Straße in Dortmund-Hörde,kif,,+,
114356,Wilhelm Jentzsch,Wilhelm Jentzsch,,,"deutscher Unternehmer, Besitzer einer Kakao- und Schokoladenfabrik in Dresden, 1. H. 20. Jh.",piz,male,+,
53627,Oliver Rotzal (Fotograf),Oliver Rotzal (Fotograf),,,Wirkungszeit: 1980er Jahre,piz,male,+,
336832,Amalia Schaffner,Amalia Schaffner (1789-),1789,,"Schauspielerin in Breslau, 1807 verheiratet mit Loius Albertoni",piz,female,+,
250450,Werner Kising,Werner Kising (1917-1968),1917,1968,"Dr. Werner Kising (geboren 1917, gestorben 1968) war ein deutscher Agrarwissenschaftler und Leiter der Landwirtschaftsschule Staufen. (Quelle: gnd, 17.6.2024)",piz,male,+,https://d-nb.info/gnd/1230008659
154318,Sabine Petermann,Sabine Petermann,,,"(Wohl Pseudonym für eine) Sängerin der ""Liedertafel Margot Honecker"", dem musikalischen Organ der KED (Kommunistische Einheitspartei Deutschland), einer von 1992 bis 1994 vom Hamburger Labelmacher Uli Rehberg alias Dr. Kurt Euler angeführten Kunst-Partei",piz,,,
340406,"Buchdruckerei Otto Bärwald, Halle (S.)","Buchdruckerei Otto Bärwald, Halle (S.)",,,nachgewiesen für 1940,kif,,+,
270501,Conrad Merklin,Conrad Merklin (-1518),,1518,"Deutscher Maler. Nachgewiesen 1495, tätig in Ulm. Porträt- und Historienmaler. Nach Thieme-Becker Bruder oder Vater des Malers Jacob Merklin (gestorben 1526).",piz,male,+,https://d-nb.info/gnd/129178535
68640,Poeschel & Trepte (Verlag),Poeschel & Trepte (Verlag),,,"Poeschel & Trepte waren ein Verlag und Druckhaus in Leipzig

Vorgänger: E. Pöschel & Co. (Leipzig)
""Umbenennung 1875 der Buchdruckerei Poeschel"" - gnd, 05.10.2024",kif,,+,https://d-nb.info/gnd/5261241-7
5126,Heinz-Dieter Schulze (Modellbauer),Heinz-Dieter Schulze (Modellbauer),,,Modellbauer. Nachgewiesen für 2006,piz,male,+,
208190,Verlag Chr. Adolff (Altona-Ottensen),Verlag Chr. Adolff (Altona-Ottensen),,,Verlag in Altona. Nachgewiesen für Zeit um 1908-1925.,kif,,+,
23725,G. Fischer (Mühlenbesitzer),G. Fischer (Mühlenbesitzer),,,Um 1901 Besitzer einer Bockwindmühle in Fraßdorf,piz,,+,
244559,Wehle Bräu Adolf Miller Dunningen,Wehle Bräu Adolf Miller Dunningen,,,"Brauerei in Dunningen, gegründet 1847
(http://www.klausehm.de/BuchstabeD/D0444.html, abgerufen 24.10.2023)",kif,,+,
156723,Verlag Georg Koczyk Coswig,Verlag Georg Koczyk Coswig,,,Als Herausgeber von Postkarten für die Zeit von 1916 bis 1920 in Coswig (Sachsen) nachgewiesen. Georg Koczyk wird im Adressbuch Coswig von 1925 als Photograph aufgeführt.,kif,,,
18878,Deutscher Bauernverlag Berlin,Deutscher Bauernverlag Berlin,,,"1945 in (Ost-) Berlin gegr. Verlag, gab während der DDR-Zeit u. a. die ""Deutsche Bauernzeitung"" heraus, 
1991 Neuausrichtung nach Übernahme durch: Landwirtschaftsverlag Münster (LV), Deutscher Landwirtschaftsverlag München (DLV) und Landbuch-Verlag Hannover",kif,,+,http://d-nb.info/gnd/1065175582
275005,Anglibert Göbel,Anglibert Göbel (1821-1882),1821,1882,"Kupferstecher, Maler und Bildrestaurator in Frankfurt/Main",piz,male,+,
116836,Alles & Co.,Alles & Co.,,,"Alles & Co. ist ein in Bad Dürkheim ansässiges Unternehmen, welches Ansichtskarten und Souvenirs vertreibt.",kif,,+,
23466,Schladitz (Sägewerksbesitzer),Schladitz (Sägewerksbesitzer),,,1901 belegt als Besitzer eines Sägewerks in Lindemühle,piz,,+,
330139,Bernhard Berndes,Bernhard Berndes,,,"Auftraggeber, Vikar und Sangmeister am Dom zu Halberstadt, nachgewiesen 1412-1428",piz,male,+,
301171,Ravensden Plc,Ravensden Plc,,,"Ravensden Plc ist ein im Jahr 1975 gegründetes britisches Unternehmen mit Sitz in Rushden, Northamptonshire. Das Unternehmen ist tätig im Groß- und Einzelhandel mit Haushalts- und Geschenkartikeln, insbesondere Tier- und Tier-motivierten Plüschwaren und Geschenkartikeln für Zoos, Aquarien, Freizeit und Promotion.",kif,,+,
251104,Sylvius von Pückler-Schönfeld,Sylvius von Pückler-Schönfeld (1800-1859),1800,1859,Er war der Vater von Heinrich Graf von Pückler (* 14. April 1835 in Berlin; † 17. Mai 1897 in Riva del Garda) und Halbbruder vom Vater des Fürsten Pückler-Muskau.,piz,male,+,
316174,Fotoatelier Geschwister Strauss,Fotoatelier Geschwister Strauss,,,"Fotoatelier in
- Mainz, Ludwigstraße 16, Eingang Fuststraße, um 1880.",kif,,+,
226505,"Székely, Károly",Székely Károly (1880-1941),1880,1941,"Székely Károly (Marosvásárhely, 1880. 01. 22. - Budapest, 1941. 06. 07.) szobrász, éremművész. Szülővárosában agyagipari szakiskolát végzett. 1899-ben Kiss György szobrász mellett dolgozik az esztergomi bazilika kőfaragó munkálatain. Franciaországban és Belgiumban is végzett tanulmányokat, Budapesten Stróbl Alajos mesteriskolájának hallgatója volt. 1915-től teljesít katonai szolgálatot, többször is megsebesül. 1916 májusától 1918 decemberéig, mint 75%-os hadirokkant a Hadsegélyező Hivatal munkatársa volt hadnagyi rangban. 1926-ban háborús érdemeire való tekintettel vitézi címet kap. 1922 és 1935 között összesen 25 darab, a háborúban elesettek előtt tisztelgő hősi emlékműve is felállításra került az ország minden táján (pl.: Törökszentmiklós, Szarvas, Tiszasüly). Az emlékművek mellett portrészobrokat is készített (Gyulai Pál, Oszlányi Kornél, Gömbös Gyula). Önálló kiállítása életében nem volt, ehhez soha nem gyűlt össze műtermében elegendő anyag. Saját kedvtelésére alig volt lehetősége mintázni, mert - mindenekelőtt anyagi okokból - szinte kizárólag megrendelésre dolgozott. Sírja a budapesti Farkasréti temetőben található.",piz,male,+,
260947,Lazarus Herz Getz,Lazarus Herz Getz (1772-1841),1772,1841,"Wechselmakler in Frankfurt am Main.
Andere Namensform: Lazarus Herz Götz.
Quelle: Adressbuch Frankfurt am Main 1841; Jewish Families in Frankfurt: https://goldschmidt.tripod.com/getz.htm",piz,male,+,
334935,Nähmaschinenfabrik Haid und Neu,Nähmaschinenfabrik Haid und Neu,,,"Nähmaschinenfabrik in Karlsruhe, gegründet 1862",kif,,+,
252796,Otto Gottlieb Oskar Classen,Otto Gottlieb Oskar Classen (1876-1938),1876,1938,"* in Dillenburg, oo Dresden 01.05.1906 mit Luise Sophie Dorothea Otto, 7 Kinder:
 Christian Wolfgang Joachim Ursula Dietrich Friedburg Traugott, studierte Theologie in Greifswald,
diente als Pfarrer: 
1906 - 1925 in Hallkirch
1925 - 1933 in Schwebda
1933 - 1938 Klinikpfarrer in Marburg",piz,male,+,
329493,Verlag Heinrich Freytag,Verlag Heinrich Freytag,,,"Verlag in Zeulenroda, gab um 1910 Ansichtskarten heraus",kif,,+,
14102,Sunlicht AG,Sunlicht AG,,,"""Die Brüder William Hesketh Lever (1851 – 1925) und James D'Arcy Lever (1854 – 1910) errichteten 1885 in der Nähe von Liverpool eine Seifenfabrik. Als Markennamen für ihre Seife wählten sie Sunlight – vielleicht, weil es genau das im nebelverhangenen England eher selten gab. Nachdem die Fabrik fertig war, entstand vor ihren Toren die Arbeitersiedlung Port Sunlight. Sunlight-Soap, die erste abgepackte Seife, wurde bald in die ganze Welt verkauft, seit 1889 gab es sie auch in Deutschland. Hier bekam sie jedoch ab 1903 den eingedeutschten Namen Sunlicht. 1894 brachte Lever Brothers mit Lifebuoy eine weitere Markenseife heraus. 1895 eröffnete Lever eine Verkaufsniederlassung in New York und drei Jahre später, nachdem man eine kleine Seifenfabrik in Cambridge/Massachusetts erworben hatte, wurde dort die Produktion von Sunlight- und Lifebuoy-Seife für den US-Markt aufgenommen. ..."" - https://www.brandslex.de/markenlexikon/cover/s/markenlexikon-sunlight-sunlicht, 08.10.2020

1899 von William Lever gegründete Seifenfabrik Sunlicht in Mannheim, später Mannheim-Berlin",kif,,+,http://d-nb.info/gnd/3043125-6
210779,Adam Hertel (Schmied),Adam Hertel (Schmied),,,Schmied in der Mühlgasse von Reichelsheim (Odenwald),piz,male,+,
228844,Fotoatelier H. Kühnemann,Fotoatelier H. Kühnemann,,,"Fotoatelier in
- Delitzsch",kif,,+,
140005,Thrasher Wonders,Thrasher Wonders,,,"""Gospel group that became part of The Drifters in 1953 (Andrew Thrasher and Gerhart Thrasher moved to The Drifters, this group may have included their sister Bernice) "" - https://www.discogs.com/de/artist/3100282-Thrasher-Wonders, 18.10.2020",kif,,+,
120633,Johan Christian Jacob Friedrich,Johan Christian Jacob Friedrich (1746-1813),1746,1813,"Kupferstecher in Dresden

""Johann Christian Jacob Friedrich (1746-1813), Dresdener Maler u. Kupferstecher, studiere dort bei Hutin u. Casanova. Insbesondere seine feine Blumenmalerei führte 1785 zur Ernennung 'Botanischen Hof- und Cabinetsmaler' durch Kurfürst Friedrich August III."" - https://www.the-saleroom.com/en-gb/auction-catalogues/historia-auktionhaus-berlin/catalogue-id-srhist10003/lot-9768f7aa-73ce-47ca-b1f3-a42e01252327, 12.07.2020",piz,male,+,
22313,Christian August Thieme (Zinngießer),Christian August Thieme (Zinngießer),,,"""... Sohn des Zinngießers Gottlieb Thieme in Chemnitz, lernt bei seinem Vater von 1765/70, erlangt 1776 vor der Dresdner Kreislade das Meisterrecht nach Chemnitz, heiratet 1777, zahlt bis 1808 Quartalsgeld, vgl. Hintze Bd. 1, S. 45"" - https://www.the-saleroom.com/en-gb/auction-catalogues/auktionshaus-bossard/catalogue-id-sraukd10000/lot-e5a1bf9b-8d8b-4819-ad21-a3fd002ac985, 01.09.2017",piz,male,+,
331687,Deutsches Rotes Kreuz der DDR (DRK der DDR),Deutsches Rotes Kreuz der DDR (DRK der DDR),,,Dachverband der Rotkreuzorganisationen in der DDR (1952-1990),kiz,,+,
34069,Eckhard Hoffmann,Eckhard Hoffmann (1931-2019),1931,2019,Eckhard Hoffmann war beim Technischen Hilfswerk Ausbilder und nach seiner Pensionierung Archivar im Heimat- und Bürgerverein Bad Bodendorf.,piz,male,+,
188941,Romano Kistler,Romano Kistler,,,"Katholischer Geistlicher, Benediktiner, Kustode des Klosters St. Ulrich und Afra in Augsburg",piz,,+,
281763,Günter Linke,Günter Linke (1943-),1943,,"Deutscher Fotograf. Quelle: https://www.filmmuseum-potsdam.de/Der-Fotograf-Guenter-Linke-I.html (Stand: 13.11.24)
GND: 128621141",piz,male,+,https://d-nb.info/gnd/128621141
67979,Quintus Curtius (Münzmeister),Quintus Curtius (Münzmeister),,,"Münzmeister in Rom, 116-115 v. Chr. (Wikipedia über Liste der römischen Münzmeister, 07.07.2019)",piz,,+,http://d-nb.info/gnd/1185113053
278204,Industrie- und Handelskammer Stuttgart,Industrie- und Handelskammer Stuttgart,,,Körperschaft in Stuttgart,kiz,,+,
127240,Schmidt & Strübell,Schmidt & Strübell,,,Mechanische Weberei in Chemnitz,kif,,+,
75862,Touristik-Verlag Vellmar,Touristik-Verlag Vellmar,,,Ein Verlag in 34246 Vellmar,kif,,+,
20095,Domstift Merseburg,Domstift Merseburg,,,"""Im 10. Jahrhundert erwarb König Heinrich I. Merseburg und das umgebende Gebiet und baute es zur Pfalz aus. Im Jahre 968 gründete Otto I. (der Große) das Bistum Merseburg, das dem Heiligen Laurentius geweiht wurde. In Anknüpfung an eine Johanniskirche entstand der Merseburger Dom St. Laurentius und St. Johannes der Täufer. 981 erfolgte die Auflösung des Bistums, 1004 wurde es durch Kaiser Heinrich II. neu begründet. ... "" - http://www.vereinigte-domstifter.de/de/stiftung/vereinigte-domstifter/domstift-merseburg/, 23.09.2017",kir,,+,
122983,Émile Boudeau,Émile Boudeau (-1936),,1936,Münzhändler in Paris,piz,male,+,
7899,Moritz Augustus,Moritz Augustus,,,"Pfannenschmied in Köthen, Bürger 1681",piz,male,+,
59396,Marcus Aquinus,Marcus Aquinus,,,"""Legatus unter C. Cassius Longinus 43-42 v. Chr. RRC Nr. 498 und 499.
Lit.: T. R. S. Broughton, The Magistrates of the Roman Republic II (1952) 364."" - https://ikmk.smb.museum/object?id=18207153, 25.04.2019",piz,,+,
72981,Manius Aquillius Mn. f. Mn. n.,Manius Aquillius Mn. f. Mn. n.,,,"""Römischer Münzmeister, belegt ca. 71 v. Chr."" - gnd, 08.10.2024",piz,male,+,http://d-nb.info/gnd/1183430965
120951,"C. W. Putsch - Hölterhoff e. K., Wuppertal","C. W. Putsch - Hölterhoff e. K., Wuppertal",,,Werkzeughersteller in Wuppertal-Cronenberg,kif,,+,
337163,"Billetfabrik Kemnitz, Eberswalde","Billetfabrik Kemnitz, Eberswalde",,,"Billetfabrik in Eberswalde, gegründet 1876 als Druckerei, ab 1906 Billetfabrik",kif,,+,
7569,VEB Yachtwerft Berlin-Friedrichshagen,VEB Yachtwerft Berlin-Friedrichshagen,,,"Im Jahr 1956 wurden die Engelbrecht-Werft am Standort Berlin-Köpenick mit der Friedrich-Brumm-Werft am Standort Berlin-Friedrichshagen zu einem Volkseigenen Betrieb zusammengeführt und in VEB Yachtwerft Berlin umbenannt. (wikipedia 05.09.2012)

heute BBG Bootsbau Berlin GmbH",kif,,+,
300707,Stadtsparkasse Hannover,Stadtsparkasse Hannover,,,"Die Stadtsparkasse Hannover war ein öffentlich-rechtliches Kreditinstitut mit Sitz in Hannover. Sie bot umfassende Finanzdienstleistungen für Privatkunden, Unternehmen und Kommunen in der Region Hannover an und gehörte zu den größten Sparkassen Niedersachsens. Zum 1. Januar 2003 fusionierten die Stadtsparkasse Hannover und die Kreissparkasse Hannover zur heutigen Sparkasse Hannover, die seitdem als Nachfolgerin die Finanzversorgung in der Region übernimmt. Der Fusionsvertrag wurde bereits am 26. Juni 2002 unterzeichnet.",kif,,+,https://d-nb.info/gnd/2002436-8
121466,Andreas Nöllert,Andreas Nöllert (1951-),1951,,Andreas Nöllert biológus,piz,male,+,https://d-nb.info/gnd/1186282037
338793,Ulrike Grundmann,Ulrike Grundmann,,,Als Autorin nachgewiesen 1992,piz,female,,https://d-nb.info/gnd/1158158327
32357,VEB Esda-Feinstrumpfwerke,VEB Esda-Feinstrumpfwerke,,,Firma in Oberlungwitz,kif,,+,
268186,Goens & Nau (Verlag),Goens & Nau (Verlag),,,"Der Verlag ""Goens & Nau"" befand sich zu Beginn des 20. Jahrhunderts in Berlin und veröffentlichte u.a. Ansichtskarten.",kif,,+,
74418,Charlotte Baur,Charlotte Baur (1863-1930),1863,1930,"Tochter von Ernestine von Baur-Seidel und Professor Franz von Baur-Seidel, Schwester von Johanna Baur (älteste) und Liesel Baur (jüngste).",piz,female,+,
282550,Nagelschmiede-Gewerk Havelberg,Nagelschmiede-Gewerk Havelberg,,,Gewerk in der Stadt Havelberg,kiz,,+,
273585,Arthur Murawski,Arthur Murawski,,,"Grafiker, Schriftkünstler, Lithograf
Schriftdesigner der Schrift ""Magnet"", Schriftgießerei Ludwig & Mayer: Magner, 1951",piz,male,+,https://d-nb.info/gnd/1309354278
222838,Verlag Bergmann GmbH & Co.,Verlag Bergmann GmbH & Co.,,,Verlag in Köln,kif,,+,
118771,Carl Haller von Hallerstein,Carl Haller von Hallerstein (1821-1908),1821,1908,"Zivil-Architekt in Nürnberg, Ferienfreund der Röntgens in Pontresina

Carl Frhr. Haller v. Hallerstein wurde am 24. Juni 1821 in Nürnberg als Sohn des Christoph Joachim II. Frhr. HvH und der Maria Margaretha Koch geboren.
Er wurde Architekt und war als solcher 1853-64 in Diensten des Herzogs Alexander von Württemberg tätig, der ihn mit der Umgestaltung des Schlosses
und Gartens Fantaisie bei Bayreuth beauftragte. Während seines dortigen Aufenthalts heiratete er 1861 Susanne Schobert (geb. 1835), die aber 1863
auf Fantaisie starb. Seine zweite Frau Marie geb. Sandel verwitwete Cnopf (geb. 3. Dezember 1830) heiratete er am 18. August 1869; sie starb am 25.
Oktober 1898 in Nürnberg. Beide Ehen blieben kinderlos. 

1897 wurde er Familiensenior und Pfleger der Hallerschen Familienstiftung zum Heiligen Kreuz in Nürnberg, welches Amt er bis zu seinem Tod am 7. Mai
1908 ausübte. Einen Teil seines Vermögens bestimmte er zu einer heute noch bestehenden Familienstiftung, der private Nachlaß fiel an Verwandte seiner
zweiten Frau.

(Quelle: Bertold Freiherr v. Haller, Archive der Freiherren Haller von Hallerstein, Nürnberg)",piz,male,+,
228952,Stadt Eilenburg,Stadt Eilenburg,,,Die Stadtgemeinde Eilenburg als Gebietskörperschaft sowie ihre Verwaltung,kio,,+,
262988,Hessischer Jugendring,Hessischer Jugendring,,,"Arbeitsgemeinschaft hessischer Jugendverbände mit Sitz in Wiesbaden.
Im Hessischen Jugendring haben sich 31 landesweit aktive Jugendorganisationen zu einer Arbeitsgemeinschaft zusammengeschlossen.
(Stand 2014)",kiz,,+,
132406,Michael Pregel,Michael Pregel,,,Kupferstecher,piz,male,+,
49333,Richard Müller (Fotograf),Richard Müller (Fotograf) (1858-1903),1858,1903,"""1865-1898 als Fotograf in Dresden tätig, nachgewiesene Atelieradressen: 1865-1867 Zwingerstraße 1, Atelier Rocksch"" - gnd, 08.03.2023",piz,male,+,https://d-nb.info/gnd/1188439405
193415,Fotoatelier R. Rosenmüller,Fotoatelier R. Rosenmüller,,,"Fotoatelier in
- Oschatz",kif,,+,
9730,Gustav Neukirch,Gustav Neukirch,,,"Bekannt mit Hermann Badeleben, Loitsche.
vermutlich verwandt mit: Fritz, Maria, Margarete und Gustav Neukirch in Loitsche, Anfang 20. Jahrhundert",piz,male,+,
302426,J. A. Kropf,J. A. Kropf,,,"Schweizer Maler. Nachgewiesen 1777 in Basel, Porträtmaler.",piz,male,+,
262110,Christian Friedrich Bühler,Christian Friedrich Bühler (1813-1889),1813,1889,"Hat in Poppenweiler Bäcker gelernt.
Hat in St. Petersburg eine Bäckerei aufgemacht
Ist 1870 nach Bad Cannstatt zurückgekehrt.",piz,male,+,
42624,Willi Steinert,Willi Steinert (1886-),1886,,Karikaturist,piz,male,+,
31943,"Oosterhuis, Haatje Pieters",Haatje Pieters Oosterhuis (1784-1854),1784,1854,"""gedoopt 28 november 1784, Tolbert
gestorven 14 december 1854, Amsterdam
sekse, man
rubriek(en) , Beeldende kunsten & vormgeving"" - http://www.biografischportaal.nl/persoon/07625333, 14.05.2017",piz,male,+,
341449,VEB Apparatebau Lomatzsch,VEB Apparatebau Lomatzsch,,,"Im VEB Apparatebau Lommatzsch wurden von der Mitte der 1950er Jahre bis 1964 mehrere hundert Segelflugzeuge der Typen Baby IIb, Lehrmeister, Libelle und Favorit hergestellt.",kif,,,
32886,Christian Nusser,Christian Nusser (1702-),1702,,Geboren am 03.05.1702,piz,male,+,
329585,August Dethleffsen,August Dethleffsen (1916-),1916,,"deutscher Arzt, Buchautor, nachgewiesen 1914",piz,male,+,https://d-nb.info/gnd/126613834
243352,A. G. Hardy,A. G. Hardy (1926-),1926,,"A. G. Hardy war Flugzeugfunker (Wireless Operator) der britischen Royal Air Force (RAF) und diente während der Luftbrücke beim 297. Squadron der RAF auf dem britischen Stützpunkt Schleswigland. Von Dezember 1948 bis Juni 1949 flog er von dort mit den Handley Page Hastings der Staffel über 100 Einsätze nach Berlin. Hardy absolvierte auch ein Training mit der Hastings TG503, die im AlliiertenMuseum ausgestellt ist, auf der britischen Luftwaffenbasis Dishforth. Am Tag der Aufhebung der Berlin-Blockade flog Hardy mit dem Piloten Flight Lieutenant Hanson zweimal in einer Hastings von Schleswigland nach Berlin-Tegel.",piz,male,+,
183420,Deutsche Glühstoff-Gesellschaft m.b.H.,Deutsche Glühstoff-Gesellschaft m.b.H.,,,"Tochtergesellschaft der Max Elb AG.

""Max Elb (geboren 29. Oktober 1851 in Dresden als Maximillian Elb; gestorben 5. April 1925 ebenda) war ein deutscher Unternehmer, erster Ehrenvorsitzende der jüdischen Gemeinde Dresden und Sächsischer Kommerzienrat."" - (Wikipedia (de) 10.08.2021)",kif,male,+,
230528,Strumpfwirker-Innung Pirna,Strumpfwirker-Innung Pirna,,,Seit 1779 nachweisbare Innung der Stadt Pirna,kiz,,+,
152424,Johannes der Theologe,Johannes der Theologe,,,"Der Apostel Johannes (griechisch Ἰωάννης υἱὸς [oder ὁ] τοῦ Ζεβεδαίου Ioannes hyios [oder ho] tou Zebedaiou, lateinisch Iohannes Zebedaei, also Johannes, der Sohn des Zebedäus) war nach dem Zeugnis des Neuen Testaments ein Jünger Jesu Christi und wird in der christlichen Tradition mit dem „Lieblingsjünger“ Jesu aus dem Johannesevangelium identifiziert. Damit gilt er auch traditionell als Verfasser des vierten Evangeliums. Wegen der hochfliegenden Theologie seines Evangeliums wird er traditionell Johannes der Theologe genannt. (Wikipedia, 08.11.2020)",piz,,+,
274664,Friedrich Wichmann (Pfarrer),Friedrich Wichmann (Pfarrer) (1861-1918),1861,1918,"Ab 1888 evang. Pfarrer in Beyern bei Falkenberg/Elster
geb. 17. 1. 1861 Petersberg, gest. 22. 1. 1918
Quelle: Pfarrerbuch der Kirchenprovinz Sachsen. Bd. 9. Leipzig 2009, S. 376.",piz,male,+,
320273,Adolf Gesierich,Adolf Gesierich,,,"Adolf Gesierich lebte in Oberdorf, Hermannstadt. Es existiert ein schwarzweiß Foto von ihm unter ZH-00326.",piz,male,,
14049,William und Edward Finden (Firma),William und Edward Finden (Firma),,,"William (1787-1852) und Edward (1791-1857) Finden waren Brüder, die in London im frühen 19. Jahrhundert eine Druckerei führten, die vor allem Buchillustrationen herstellte.",kif,,+,
6746,Heinrich Fischer (Gera),Heinrich Fischer (Gera),,,Geraer Schütze des 19. Jh.,piz,male,+,
286343,Gustav Knödler,Gustav Knödler (1887-),1887,,"Maler, geb. 1887 Grunbach (Remshalden)",piz,male,+,
125427,Wilhelm Fahrenbruch,Wilhelm Fahrenbruch (1892-1962),1892,1956,"Maler, Graphiker in Hessen.

""Lebte von 1932 bis 1939 auf Schloß Philippseich bei Götzenhain. Schrieb im August 1938 an den Oberbürgermeister von Frankfurt wegen des Ankaufs von ausgemusterten Pferden für den landwirtschaftlichen Betrieb auf Schloß Philippseich bei Götzenhain.
Am 25.07.1945 wurde der Maler Fahrenbruch durch Ernstotto Graf zu Solms-Laubach als ""hergelaufener Nichtskönner"" abqualifiziert. In den Kriegsjahren wohnte er in Offenbach, danach wieder in Frankfurt. Am 31.08.1955 Wegzug von Frankfurt nach Bad Vilbel., Berkersheimer Weg 1. Dort starb er und wurde in Frankfurt eingeäschert."" - https://www.dreieichenhain.de/tng/getperson.php?personID=I13506&tree=Dreieichenhain, 12.07.2020",piz,male,+,
300658,VEB Milchkonservenfabrik Wittenberg,VEB Milchkonservenfabrik Wittenberg,,,"Der VEB Milchkonservenfabrik Wittenberg war ein volkseigener Betrieb der DDR, der sich auf die Herstellung von Milchkonserven spezialisierte.",pif,,+,
313922,Martin Friedrich Schulze,Martin Friedrich Schulze (1721-),1721,,"Deutscher Maler und Gemälderestaurator. Gestorben um 1794. Schüler von Thomas Huber (1700-1779). Geboren, gestorben und tätig in Berlin. Porträtist.",piz,male,+,
120111,Franz Schmidt (Glaser),Franz Schmidt (Glaser),,,Franz Schmidt war Anfang des 20. Jahrhunderts Glasermeister in Zehdenick.,piz,male,+,
217405,Hilde Herterich,Hilde Herterich (1886-1935),1886,1935,"""Schauspielerin"" - gnd, 11.09.2023

""Weitere Engagements in München: 1916-19 am Schauspielhaus, 1919-20 an den Kammerspielen."" - gnd, 11.09.2023",piz,female,+,https://d-nb.info/gnd/116753005
113400,Johannes Lange (Fotograf),Johannes Lange (Fotograf) (1901-1975),1901,1975,"Fotografierte Kriegsgefangene des zweiten Weltkriegs in Colditz.

""... Sein Sohn Johannes (1901 – 1975), der das väterliche Atelier übernahm, benutzte die Glasplattenkamera noch bis zu seinem Lebensende, obwohl inzwischen der Film als Negativ längst den Weltmarkt erobert hatte. ... Johannes Lange war ständig überall mit seiner Kamera unterwegs, egal ob auf Volksfesten oder im familiären Bereich. Von 1939 bis 1945 war im Schloss Colditz ein spezielles Gefangenenlager für alliierte Offiziere eingerichtet, das Oflag IV C. Mit einer Sondergenehmigung der Kommandantur wurde er beauftragt, Fotos von den Inhaftierten und vor allem ihren zahlreichen Fluchtversuchen im der Öffentlichkeit unzugänglichen Bereich zu machen. ... Sein Atelier betrieb er nach dem Krieg weiter, war ständig auf Achse, um das Leben in und um Colditz im Bild festzuhalten."" -https://www.colditz.info/fotolange/Moritz-und-Johannes-Lange.html, 14.02.2020",piz,male,+,
274590,Ruderverein Vorwärts Berlin e.V.,Ruderverein Vorwärts Berlin e.V.,,,1892 Gründung des Rudervereins 'Vorwärts' in Berlin,kiz,,+,
74909,Andrey Bulkin,Andrey Bulkin,,,"Andrey Bulkin, geboren um 1889 in Sosnowka, war ein russischer Bauer, der während des Ersten Weltkriegs im Kriegsgefangenenlager Chemnitz interniert war.",piz,male,+,
267334,Musikhochschule Mozarteum (Salzburg),Musikhochschule Mozarteum (Salzburg),,,"Hochschule in Salzburg, bestand von 1945 bis 1953
Vorgänger: Reichshochschule für Musik (Salzburg)
Nachfolger: Akademie für Musik und Darstellende Kunst Mozarteum",kio,,+,https://d-nb.info/gnd/400005-5
132690,Esther Besserer,Esther Besserer (1629-1661),1629,1661,Geborene Pilgram. Ehefrau des Daniel Besserer in Nürnberg.,piz,female,+,https://d-nb.info/gnd/118046098
328131,Parl Amore,Parl Amore,,,Dahinter verbigt sich die bildende Künstlerin und Gestalterin Helena van Essen (Amsterdam).,pip,,,
235595,Pius Gareis,Pius Gareis (1803-1879),1803,1879,"Maler und Zeichner
Gareis besuchte die Kunstschule zu Nürnberg und seit 18.20 die Akademie zu München unter Cornelius. Er malte Bildnisse und Historienbilder, z. B. in der Ludwigskirche in Ansbach. (AKL online, 11.09.2023)",piz,male,+,https://d-nb.info/gnd/1099994543
25693,Dr. Haas’sche Buchdruckerei G.M.B.H.,Dr. Haas’sche Buchdruckerei G.M.B.H.,,,Druckerei in Mannheim. Nachgewiesen für 1916.,kif,,+,
300512,Hugo Victor Sittel,Hugo Victor Sittel (1877-1938),1877,1938,"Victor Hugo Sittel (1877 in Altenburg - 1938) war ein deutscher Grafiker und Buchdrucker.
--------
Entwarf Vignetten für die Schriftgießerei Flinsch in Frankfurt am Main.
--------
Historische Adress-Informationen: 
DWB-Mitgliederverzeichnis Nachtrag 1909:
Buchdrucker und Fachlehrer, Düsseldorf, Kaiser Wilhelmstraße 19 III",piz,male,+,https://d-nb.info/gnd/1115006029
180584,Atlas Copco Airpower N.V.,Atlas Copco Airpower N.V.,,,"Unternehmen, stellte Kompressoren her.",kif,,+,
329436,Bernhard Degeler,Bernhard Degeler (1848-1924),1848,1924,"Ludwig Bernhard Degeler, geb. 27. 12. 1848 Wriezen, gest. 18. 11. 1924 Berlin-Charlottenburg, Oberstadtsekretär ebenda",piz,male,+,
209650,Karl Gerhard Baur,Karl Gerhard Baur (1935-),1935,,"""Schreibt und fotografiert zum Thema Eisenbahn"" - gnd, 27.10.2023",piz,male,+,https://d-nb.info/gnd/106657801
20668,Gerhard Henrich Albinger,Gerhard Henrich Albinger,,,Zinngießer in Münster Ende 18. - Anfang 19. Jh.,piz,,+,
18099,Puddingfabrik Polak KG Weener (Ems),Puddingfabrik Polak KG Weener (Ems),,,Puddingfabrik in Weener,kif,,+,
21389,Kurt Karl Schneider,Kurt Karl Schneider (1913-),1913,,Geboren am 09.12.1913. Verbrachte mindestens einen Teil seiner Kindheit/ Schulzeit in Berlin-Pankow,piz,male,+,
107369,Verlag für Handel und Industrie Wilhelm Stein,Verlag für Handel und Industrie Wilhelm Stein,,,Verlag in Weimar.,kif,,+,
336669,Valentin-Ostertag-Stiftung,Valentin-Ostertag-Stiftung,,,"Gemeinnützige Stiftung, benannt nach Valentin-Ostertag, 1511 ins Leben gerufen. Nichtkirchliche, wohltätige Stiftung, gegründet von der Witwe Margarethe Ostertag.",kiz,,+,
16753,Viktor Weiss,Viktor Weiss,,,"Jüdischer Kaufmann in Landau, 1. H. 20. Jh.",piz,male,+,
220961,BEKA-cookware,BEKA-cookware,,,"Alles begann im Jahr 1899, Daniel Braun und Jakob Kemmler stellten die Marke Beka in Betzingen vor und begannen mit der Produktion von qualitativ hochwertigem Kochgeschirr.",kif,,+,
274816,Hildegard von Baranayai-Dannenberg,Hildegard von Baranayai-Dannenberg (1897-1986),1897,1986,"ungarische Kunsthistorikerin deutscher Herkunft, geboren als Hildegard Dannenberg am 3. 1.2 1897 in Berlin, gest. 22. 1.2 1986, verh. ab 1928 mit Prof. Béla Ludwig Baranyai (1881-)",piz,female,+,
185111,Albert Ferdinand Thiel,Albert Ferdinand Thiel,,,Fotograf in Bielitz,piz,male,+,
205306,Pittsburgh Taximeter Co.,Pittsburgh Taximeter Co.,,,"Taxameterhersteller in Pittsburgh, USA.",kif,,+,
117811,Friedrich Wilhelm Bruder (Firma),Friedrich Wilhelm Bruder (Firma),,,Gegründet 1900 in Altena.,kif,,+,
63708,Steinau (Arbeitsdirektor des WF),Steinau (Arbeitsdirektor des WF),,,"Arbeitsdirektor im Werk für Fernmeldewesen, Berlin-Schöneweide. Nachweisbar für 1962",piz,,+,
162455,Louis Holtzschue,Louis Holtzschue,,,"Kunsthandwerker(in)?? Ohne Lebensdaten im AKL verzeichnet. (https://db.degruyter.com/view/AKL/_42427536?rskey=wFzIFQ&result=1&dbq_0=Holtzschue&dbf_0=akl-fulltext&dbt_0=fulltext&o_0=AND, 10.1.2021).",piz,male,+,
331231,Menandros Bassianus,Menandros Bassianus,,,"""Strategos in Hypaipa/Lydien unter Septimius Severus.
Sein Name erscheint immer in Kombination mit seinem Amtstitel."" - https://ikmk.smb.museum/ndp/person/11326, 19.08.2025",piz,,+,
259456,Robert D. Taggart,Robert D. Taggart (1922-2005),1922,2005,Robert D. Taggart trat 1943 in die US Army Air Force ein und wurde zum Piloten ausgebildet. Als Pilot einer Boeing B-17 bei der 390th Bomb Group in England flog er 32 Einsätze über dem NS-besetzten Europa. Zu Beginn der Berliner Luftbrücke flog Taggart 26 Einsätze nach Berlin. 1966 trat er im Rang eines Majors in den Ruhestand. Seit 1982 beteiligte er sich an Flügen von historischen Flugzeugen und engagierte sich bei Gedenkveranstaltungen.,piz,male,+,
15134,S. L. Wenbau,S. L. Wenbau,,,Grafiker/in,piz,,+,
168293,Theodor Radivon (Firma),Theodor Radivon (Firma),,,Theodor Radivon war ein rumänischer Metallwarenproduzent um 1900 und wurde Teil der Württembergischen Metallwarenfabrik AG,kif,,+,
23760,A. Schaper (Mühlenbesitzer und -baumeister),A. Schaper (Mühlenbesitzer und -baumeister),,,Mühlenbaumeister in Hohenwarsleben,piz,male,+,
80464,Qualiton,Qualiton,,,"""Hungaroton ist ein ungarisches Musiklabel. Es wurde 1951 zunächst unter dem Namen „Qualiton“ als Staatsunternehmen gegründet und hatte in dieser Form bis zum Ende des Ostblocks das Monopol bei der Plattenproduktion in Ungarn, ähnlich anderen Unternehmen wie zum Beispiel VEB Deutsche Schallplatten (DDR) und Melodija (Sowjetunion).

Der Fokus von Hungaroton liegt von jeher auf klassischer und Unterhaltungsmusik. Während der Zeit als Staatsunternehmen entstanden mehr als 10.000 Aufnahmen, die seit Mitte der 1960er Jahre vermehrt exportiert wurden. Noch in jenem Jahrzehnt folgte die Namensänderung auf Hungaroton und die Schaffung der Sublabels Bravó, Krém und Pepita für den Bereich der Unterhaltungsmusik."" - (de.wikipedia.org 11.08.2021)",kif,,+,
181743,Lukasgilde Antwerpen,Lukasgilde Antwerpen,,,Gilde der Maler von Antwerpen.,kiz,,+,
232921,Hollstein & Puppel,Hollstein & Puppel,,,"Buchhandlung, Kunsthandlung, Kunstantiquariat, Auktionen, Inhaber: Heinrich Hollstein, Reinhold Puppel (1913-1937); Reinhold Puppel (1937-1944), Bestand: 1913-1944",kif,,+,
248911,Johan Luhn,Johan Luhn (-1750),,1750,"Maler, geboren um 1670 in Hamburg. Porträtmaler.",piz,male,+,https://d-nb.info/gnd/1089644817
311270,Max Auerbach,Max Auerbach (1890-1977),1890,1977,"Drechsler in Seiffen/Erzgebirge; 1937 für seine Striezelkinder Goldmedaille auf der Pariser Weltausstellung erhalten; Holzsammlungen; Kronenleuchter, Bermann und Engel; Dosen aus verschiedenen Edelhölzern; vor 1930 Intarsienarbeiten; Tischleuchter; Weihnachtskrippen; Pyramiden",piz,male,+,
42710,Gesellschaft für Deutsch-Sowjetische Freundschaft Westberlin,Gesellschaft für Deutsch-Sowjetische Freundschaft Westberlin,,,"""In West-Berlin war die DSF als Deutsch-Sowjetische Freundschaftsgesellschaft bis 1990 ein Verein auf der Basis des alliierten Rechts."" (gnd 20.03.2018)",kiz,,+,http://d-nb.info/gnd/5198912-8
10697,Phil. Kiefer (Verlag und Druckerei),Phil. Kiefer (Verlag und Druckerei),,,Verlag / Druckerei in Helmstedt,kif,,+,
273555,Quidde & Müller (Fotoatelier/Verlag),Quidde & Müller (Fotoatelier/Verlag),,,"Berliner Fotoatelier/Verlag, um 1900.",kif,,+,
56335,Rudolf Stapel,Rudolf Stapel (1925-),1925,,"Maler, tätig in Norddeutschland.",piz,male,+,
238449,Katharina Schuchmann,Katharina Schuchmann,,,"Lebte 1870 in Reinheim, fertigte Damenhemd.",piz,female,+,
207026,Christian Schmidt,Christian Schmidt (1630-1696),1630,1696,"Deutscher Theologe, der in Wolfenbüttel als Pastor wirkte (Beata Maria Virginis, 1662-1696). Geboren 1630 in Rostock. Verheiratet mit Anna Concordia Lüdtkemann.",piz,male,+,https://d-nb.info/gnd/128460490
327573,"Kovács, Nikolett",Kovács Nikolett,,,Kovács Nikolett a Kézimunkasuli Facebook oldal és YouTube csatorna szerkesztője és tulajdonosa.,piz,female,+,
271199,Bücherei des Deutschen Ostens (Herne),Bücherei des Deutschen Ostens (Herne),,,"1948 von der Stadt Herne gegründete landeskundliche Bibliothek für das historische Ostdeutschland, ab 1989 Martin-Opitz-Bibliothek (siehe dort).",kio,,+,https://d-nb.info/gnd/2006249-7
188998,Motorola Deutschland,Motorola Deutschland,,,Vertrieb von elektronischen Komponenten und Geräten.,kif,,+,
238344,Guido Brüning,Guido Brüning (1900-),1900,,"Sonderschullehrer
1936 erwähnt als Lehrer an der Schule der Brandenburgischen Landesanstalt Potsdam, wohnhaft Nowawes (Die Erzieher der Kurmark 1936, S. 200)",piz,male,+,
276145,Conrad Gwinner (Metzgerei),Conrad Gwinner (Metzgerei),,,Conrad Gwinner führte seine Metzgerei in der Hirschstraße 8/10 in Stuttgart.,kif,,+,
16062,Felix Lehmann Verlag,Felix Lehmann Verlag,,,Verlag mit Sitz in Charlottenburg,kif,,+,
256583,Ulrich von Kronberg,Ulrich von Kronberg (-1460),,1460,Ritter von Kronberg vom Flügelstamm,piz,male,+,
153324,Clemens Freytag,Clemens Freytag (1883-1969),1883,1969,"Synonym: Freitag, Clemens bzw. Freytag-Koeppen, Clemens 
(* 24. Oktober 1883 in Heisingen; † 5. Dezember 1969 in München) war ein deutscher Maler. Er lebte als freier Künstler in München.
- Künstlerisch ausgebildet in Berlin, Düsseldorf und München. In Düsseldorf Atelierschüler von Jan Hendricks, befreundet mit dem Jagdmaler Josef Schmitzberger
- 1917 Übersiedlung nach Oberbayern, unternahm Studienreisen nach Holland, Friesland, Tirol und der Schweiz, 
- Mitglied der Münchner Künstlervereinigung ""Der Bund"" und im Reichsverband bildender Künstler Deutschlands, 
- um 1930 in München tätig erwähnt.
Quelle: Vollmer, Saur ""Bio-Bibliographisches Künstlerlexikon"", Dressler und Bruckmann ""Münchner Maler des 19./20. Jh. Erfassung: Katrin Lauterbach, Heimatmuseum Dohna, 23.11.2020",piz,male,+,
180184,Witkowitzer Eisenwerke,Witkowitzer Eisenwerke,,,Eisenwerk in Ostrava.,kif,,+,
62912,Georg Winterbauer (Brauereibesitzer),Georg Winterbauer (Brauereibesitzer),,,"Landwirt und Brauereibesitzer, Samsweger Straße 16, Wolmirstedt.",piz,male,+,
186428,Schwarzwaldmühle,Schwarzwaldmühle,,,Die Firma Hollmann in Triberg im Schwarzwald stellte Kaffeemühlen unter der Marke Schwarzwaldmühle her.,kiz,,+,
139801,Peter Sikuku's New Style Band,Peter Sikuku's New Style Band,,,Kenianische Musikgruppe.,kim,,+,
94399,Lithographia Ed. Langer,Lithographia Ed. Langer,,,Druckerei in Pest,kif,,+,
243886,Weberei Martin Augustin,Weberei Martin Augustin,,,"Martin Augustin heiratete 1920 Anna Reichel und übernahm von seiner Schwiegermutter Pauline, die Weberei Reichel, die bereits von Johann Georg Reichel 1793 gegründet worden war. Er benannte sie in Augustin um und ging infolge der Weltwirtschaftskriese 1930 in Konkurs (ohne Verlust des Grundstücks und der Gebäude). 1931 übernahm die Firma Zieschank & Co. die Produktion. Aber auch Martin Augustin wagte einen Neubeginn als Firma im Grundstück des Wohnhaus Hauptstraße 169 in Oberoderwitz unter dem Namen: Martin Augustin, Inhaber Anna Augustin geb. Reichel. 1953 starb Martin Augustin und die Erbin Hanna Reichel führte die Geschäfte weiter. 1972 Verstaatlichung und in VEB Frottierwaren Oberoderwitz umbenannt. Um 1989 Integration in den Firmenverbund des VEB Frottana, seit 1991 Future GmbH.",kif,,+,
183926,Christian Heinrich Ahlborn,Christian Heinrich Ahlborn,,,"Bürger und Schneidermeister in Hannover (18./19. Jh.). [Quelle: Evangelisches Landeskirchliches Archiv in Berlin, Kirchenbuch Dreifaltigkeitskirche Berlin, Trauungen 1832, S. 137/138, Nr. 157]",piz,male,+,
251069,Foto-Geisler (Tuttlingen),Foto-Geisler (Tuttlingen),,,ehemaliges Fotoatelier in Tuttlingen,kif,,+,
65368,Bundesministerium für gesamtdeutsche Fragen,Bundesministerium für gesamtdeutsche Fragen,,,Ehemaliges Ministerium in der BRD,kio,,+,
128690,"Bradford, Thomas",Thomas Bradford (-1773),,1773,"""Address
 139 Fleet Street, London (in 1769-70)
 132 Fleet Street, London (in 1770-2) 
Printseller and publisher. Published in 1765 the plates of the Luti collection (see sv Benedetto Luti). Most of his later plates with Robert Sayer, also published jointly with Henry Parker. His plates acquired by Boydell after his death."" - https://www.britishmuseum.org/collection/term/BIOG61558, 30.08.2020",piz,male,+,
341897,Verlag Max Cohen und Sohn,Verlag Max Cohen und Sohn,,,Verlag in Bonn,kif,,+,
237748,Töpferei Willi Scheibner,Töpferei Willi Scheibner,,,"Töpferei in Kohren

Scheibnersche Töpferei, vormals Sebastian. Alte Töpferei mit gutem Ruf. Sebastian musste verkaufen, da er keinen Sohn als Nachfolger hatte. Bei dieser Töpferei lagen Ladehaus und Pferdestall über der Straße, dem Wohnhaus gegenüber. Tonbett und Scheitplan jedoch am Wohnhaus. Das hier hergestellte Gebrauchsgeschirr hatte einen rötlich-braunen Lehmbeguss an dem die Ware dieser Werkstatt zu erkennen ist. Als Besonderheit ist die Herstellung von Spezialpfannen zu nennen. Nach 1900 wurde Ziergeschirr mit Laufglasuren für die Küchen sowie mit Auflegearbeiten versehene Schmuckkeramik in grüner Glasur und Laufglasur hergestellt.
Besitzer dieser Töpferei (2023 Adresse: Töpferstraße 4)
1734 bis 1886 - Töpferei der Familie Sebastian
1886 Moritz Scheibner (stirbt am 21.08.19299
1929 betreibt sein Sohn Willi Scheibner die Töpferei bis 1932/32",kif,,+,
142400,Sonor S.A. (Genf),Sonor S.A. (Genf),,,Druckerei in Genf.,kif,,+,
271657,A. Karl Müller,A. Karl Müller (1886-1966),1886,1966,"Postbeamter in Magdeburg, Schiffahrtsfotograf.

Der Sohn eines kaiserlichen Oberpostschaffners zog im Sommer 1899 mit seiner Familie nach Magdeburg, wo er bald darauf seine Schulausbildung abschloß. M. nahm zunächst eine Stelle als Schreiber bei einem Magdeburger Notar an, begann aber nach seinem Militärdienst in Bromberg eine Laufbahn als Postbote beim Postamt 1 in Magdeburg. Bereits zu dieser Zeit entwickelte M. ein reges Interesse an der Fotografie, erwarb sich autodidaktisch umfangreiche Kenntnisse und baute sich hierfür nötige Apparaturen selbst. Im I. Weltkrieg geriet er 1916 als Unteroffizier in englische Gefangenschaft, trat nach seiner Rückkehr nach Magdeburg 1918 als Postschaffner beim Bahnpostamt Magdeburg wieder in den Postdienst, wurde aber bereits 1925 infolge eines Unfalls pensioniert. M. machte daraufhin seine Fotoleidenschaft zum Beruf, wandte sich der Schiffahrtsfotografie zu und arbeitete seit 1926 als “Spezial-Photograph für Binnenschiffahrt und Industrie”. Er fertigte Aufnahmen von Binnenschiffen, aber auch von Besatzungen und Arbeitssituationen an Bord. So dokumentierte M. bis Anfang der 1950er Jahre, vorzugsweise im Stadtgebiet Magdeburgs fotografierend, den größten Teil der auf der Elbe verkehrenden Flotte sowie in bedeutendem Umfang die für die märkischen und östlichen Wasserstraßen typischen Binnenschiffe: Schleppkähne, Kettendampfer, Seiten- und Heckrad-Schlepper mit Dampf- und Dieselantrieb, Schraubenschlepper, die erste Generation selbstfahrender Motorschiffe sowie Fahrgastschiffe mit Dampf- und Dieselantrieb. In seiner Wohnung bearbeitete er die Aufnahmen für private Interessenten und fertigte Ansichtskarten, die er in der Druckerei Gebrüder Garloff herstellen ließ und unter der Firma Karl A. Müller Verlag, Magdeburg kommerziell vertrieb. Darüber hinaus arbeitete er als freier Mitarbeiter für die Bildredaktion des Magdeburger General-Anzeigers. Der Ausbruch des II. Weltkrieges wirkte sich einschneidend auf M.s Geschäft aus. Ab 1941durften keine wasserbaulichen Anlagen mehr fotografiert werden, so daß er auf andere Motive ausweichen mußte. Nach dem Ende des Krieges fertigte er nur noch vereinzelt Schiffsaufnahmen, vorzugsweise von tschechischen Fahrzeugen, und verdiente seinen Lebensunterhalt mit Paß- und Porträtaufnahmen. 1952 gab M. sein Geschäft altershalber auf. Durch seine einmaligen dokumentarischen Wert besitzenden Fotografien fast aller auf der mittleren Elbe eingesetzten Binnenschiffe, deren Baudatum vom Ende des 19. bis zur Mitte des 20. Jahrhunderts reicht, gilt M. gegenwärtig als einer der bedeutendsten Bildchronisten der Elbschiffahrt seiner Zeit. Von seinen Aufnahmen haben ca. 1.500 Fotoplatten die Zeitläufe überdauert.

Nachlaß: Heimatmuseum Schönebeck: Fotoplatten.

Literatur: Bernd Schwarz, Dampf- und Motorschiffe auf der Elbe. Aus dem Schaffen des Magdeburger Fotografen A. K. M. (2 Bde), 1997–1998 (B).

Günter Paulke",piz,male,+,
222953,Rudi Klos,Rudi Klos (1927-1995),1927,1995,"Zur Person Rudi Klos

Er war das, was man eine Seele von Mensch nennt: Immer freundlich, hilfsbereit und unkompliziert, und für die jungen, unerfahrenen Kollegen hatte er immer einen Tipp parat. Jahrzehntelang war Rudi Klos als Fotograf für die AZ unterwegs und ist bei allen, die ihm damals begegneten, unvergessen. Viel zu früh, mit gerade einmal 68 Jahren schon 1995 verstorben.

Schreiner war Rudi Klos zunächst, kaufte sich aber gleich nach der Währungsreform 1948 den ersten Fotoapparat. Bald darauf waren schon die ersten Bilder in der AZ, als der junge Fotograf die Rettung eines in einer Baugrube gestürzten Pferdes ablichtete.

Wie schwer die Anfänge waren, davon erzählte Rudi Klos später gerne den jungen Zeitungskollegen die bequem im Dienstwagen ihre Termine erledigten. Rudi war zu Beginn seiner Laufbahn immer mit dem Fahrrad unterwegs, was angesichts der hügeligen rheinhessischen Topographie sicher eine sportliche Herausforderung war. Später schenkte ihm dann sein Onkel ein Kleinmotorrad, auf dem der AZ- Fotograf dann von Termin zu Termin fuhr. An den Wochenenden war er auf sämtlichen Sportplätzen daheim und da die Zeit knapp war und er nicht erst ins Pressehaus nach Mainz fahren konnte, baute er sich eine Mini-Dunkelkammer auf den Gepäckträger seines Krads. Mithilfe eines lichtdichten Sacks konnte er die Filme schon vor Ort entwickeln.

Schnell war er auch noch mit über 60 äußerst flink, wenn es galt, irgendwo hochzuklettern, um ein gutes Bild zu schießen. Ein aktueller Termin nach dem anderen, überraschende Einsätze zu irgendeinem Polizeieinsatz – all das konnte ihn nie schrecken und ihm schon gar nicht die Laune verderben. Rudi Klos fing aber auch gekonnt die Atmosphäre von Stadt und Landkreis ein. Die Mainzer Gassen hatten es ihm dabei ebenso angetan wie die Atmosphäre am Rhein oder eine aus der Zeit gefallene dörfliche Szene. Wenn Schnee fiel, machte er stimmungsvolle Winteraufnahmen und als der Rhein 1963 zufror, fuhr er den Strom hinunter, um die bizarren Eislandschaften bildlich festzuhalten.

Quelle: Michael Bermeitinger / AZ-2017",piz,male,+,
53459,Hartmut Bieber,Hartmut Bieber (1964-),1964,,"""Hartmut Bieber, geboren 1964 in Westfalen, hat Grafik-Design mit Schwerpunkt Typografie und Illustration an der Fachschule Münster studiert. Er war viele Jahre für verschiedene Werbeagenturen tätig, bevor er sich im Jahr 2000 als Illustrator selbstständig machte."" - https://www.coppenrath.de/illustratoren-grafiker-fotografen/details/B/1/8/hartmut-bieber/, 17.02.2019",piz,male,+,http://d-nb.info/gnd/174140754
8124,Friedhelm Hoffmann,Friedhelm Hoffmann,,,Fotograf in Berlin-Schöneberg (nachgewiesen 2004),piz,male,+,
29720,Marco Prati,Marco Prati (1955-),1955,,Schweizer Künstler,piz,male,+,http://d-nb.info/gnd/1036111911
163315,Volkskommissariat für Finanzen der UdSSR,Volkskommissariat für Finanzen der UdSSR,,,"Oberste Finanzbehörde der UdSSR. Name bis 1946.

Volkskommissariat für Finanzen (russ. Народный комиссариат финансов; Наркомфин; НКФ; Transkription: NKF)",kio,,+,
114474,Eduard Julius Langwagen,Eduard Julius Langwagen (-1870),,1870,"""Eduard Julius Langwagen
- 18.8.1870 St. Privat (Gravelotte)
beruflicher Titel, Amtsbezeichung, Dienstgrad: Seconde-Leutnant
Beruf: Militär
Beruf: Offizier und Adjutant
- Kommandeur bei der Militär-Reitanstalt in Dresden
- gest. am 18.8.1870 bei St. Privat/Gravelotte (Deutsch-Französischer Krieg 1870/1871)"" - http://sammlungsdatenbank-museen-dresden.de/de/entitySearch?artId=52091, 20.09.2020",piz,male,+,
4157,Brunhilde Schindler,Brunhilde Schindler,,,Brunhilde Schindler war Ende des 19. Jahrhunderts Lehrerin in Bitterfeld.,piz,female,+,
258916,Peter Kranzler,Peter Kranzler,,,Gestalter eines Schutzumschlages (1978),piz,male,+,
67038,Fotoatelier Hugo Thiele,Fotoatelier Hugo Thiele,,,"Fotoatelier in
- Dresden

""Hugo Thiele (Dresden)
1872 - 1879
Wirkungsort: 1872 - 1879, Dresden, Deutschland
beruflicher Titel, Amtsbezeichung, Dienstgrad: Hoffotograf
Branche: Fotograf
- deutscher Fotograf
- 1872 bis 1879: Atelier in Dresden, Übernahme durch den Fotografen Otto Mayer, der fortan unter ""Otto Mayer vormals Hugo Thiele"" firmiert
- Tiehle betreibt weiterhin Ateliers in Frankfurt a. M., Mainz und Hanau.
- diverse Titel als Hoffotograf u. a. des Königs von Sachsen, der Königin der Niederlande, des Landgrafen von Hessen, des Herzogs von Nassau, der Herzogin von Albany u. a.
(Quellen: fotorevers.eu/de; Milde 1991; Dresdner Adressbücher)"" - http://sammlungsdatenbank-museen-dresden.de/de/entitySearch?artId=10623, 26.03.2019

Im Wikipedia-Artikel über ""Otto Mayer (Fotograf)"" (Aufgerufen 04.12.2019) heißt es: ""Mayer übernahm um 1885[7] das Atelier Hugo Thieles in Dresden in der Prager Straße 31."" und in Anmerkung 7: ""Zwei Aufnahmen der Ethel Hume vom Januar 1885 bzw. Juli 1886 tragen unterschiedliche Randaufschriften. Während das ältere Bild noch mit „Atelier Thiele Otto Mayer Dresden“ beschriftet ist, trägt das jüngere die Aufschrift „Otto Mayer vorm. H. Thiele“ sowie den Hinweis auf Mayers Eigenschaft als Hoffotograf."" - Demnach hätte das Fotostudio von Hugo Thiele in Dresden bis 1885 bestanden.",kif,,+,
154207,Albert Küster,Albert Küster (1922-),1922,,"Geboren am 08.10.1922 in Irxleben.

Mitglied in der Produktionsgenossenschaft des Handwerks ""Bauhütte"" Irxleben vom 5. April 1959 bis Februar 1980.",piz,,+,
