53610,Verlag L. Fernau,Verlag L. Fernau,,,Verlag in Leipzig.,kif,,+,
311495,Berliner Kammerorchester,Berliner Kammerorchester,,,"""Das frühere “Berliner KammerOrchester” wurde 1943 von Hans von Benda gegründet und bestand in dieser Form bis 1973. Seit der Neugründung 1994 in Charlottenburg liegt die Künstlerische Leitung bei dem Berliner Dirigenten und Komponisten Roland Mell. Das Repertoire des BKO umfaßt Werke vom Barock bis zur Gegenwart, wobei Werke Berliner Komponisten in besonderer Weise berücksichtigt werden."" - https://www.berlin.de/ba-charlottenburg-wilmersdorf/ueber-den-bezirk/kultur-und-wissenschaft/artikel.231016.php (24.02.2025)",kim,,+,
328489,Verlag des Verbandes kommunaler Vereie in Cöpenick,Verlag des Verbandes kommunaler Vereie in Cöpenick,,,"Verlag in (Berlin-)Köpenick, gab um 1912 Ansichtskarten heraus.",kif,,+,
169896,Max Diedrich (Fotograf),Max Diedrich (Fotograf),,,"Fotograf in Berlin S. 42, Gitschiner Straße 31, belegt um 1915",piz,male,+,
315914,Michael Biedowicz,Michael Biedowicz (1955-),1955,,Deutscher Fotograf und Bildjournalist,piz,male,+,https://d-nb.info/gnd/1322157367
200761,Carl Hermann Schreiber,Carl Hermann Schreiber (1864-1925),1864,1925,"Maler, geboren in Wald/Solingen.",piz,male,+,
301306,Gebrüder Adt AG,Gebrüder Adt AG,,,"Gebrüder Adt AG war ein deutsches Industrieunternehmen der Papier- und Kartonwarenherstellung mit Sitz in Wächtersbach (Hessen). Gegründet 1839 im Saarland, verlagerte die Firma nach dem Ersten Weltkrieg ihren Hauptsitz nach Wächtersbach. Dort produzierte sie unter anderem Verpackungen, Haushaltswaren und später auch Rüstungsgüter. In den 1920er- bis 1960er-Jahren war sie ein bedeutender Arbeitgeber der Region. Nach wirtschaftlichem Niedergang wurde sie in den 1970er-Jahren in ADT AG umbenannt.",kif,,+,
313838,Berliner Seidengarn-Fabrik A.G.,Berliner Seidengarn-Fabrik A.G.,,,1948/50 nachgewiesen.,kif,,+,
237812,Gabriele Gertrud Brudi-Schwarz,Gabriele Gertrud Brudi-Schwarz (1912-1992),1912,1992,Künstlerin und Musiklehrerin. Nachlass: Stadtarchiv Tuttlingen,piz,female,+,
229185,Karl Weise (Fotograf),Karl Weise (Fotograf),,,"Fotograf in Berlin-Mariendorf, Dorfstraße 27 [um 1923; 1929]",piz,male,+,
177843,Adolf Dammann (Kirchenrat),Adolf Dammann (Kirchenrat),,,Kirchenrat und Theologe.,piz,,+,http://d-nb.info/gnd/116020237
152552,Greiffenclau zu Vollraths,Greiffenclau zu Vollraths,,,Adelsgeschlecht aus dem Rheingau,pif,,+,
193282,Imanuel Siegesmund Baestlein,Imanuel Siegesmund Baestlein,,,Zinngießermeister (ab 1799) in Döbeln.,piz,male,+,
21519,Hannelore Vetter (Architektin),Hannelore Vetter (Architektin),,,"Berliner Architektin, tätig 2. H. 20. / 1, H. 21. Jh.",piz,female,+,
43696,Amalie Dorothea Elisabeth von dem Bottlenberg gen. Kessel,Amalie Dorothea Elisabeth von dem Bottlenberg gen. Kessel (1727-1797),1727,1797,Die Freifrau Amalie Dorothea Elisabeth von dem Bottlenberg gen. Kessel wurde 1727 geboren und starb 1797. Von 1776 bis 1797 war sie Äbtissin des freiweltlichen (adeligen) Damenstifts Elsey bei Hohenlimburg. Sie war gleichzeitig auch Kapitularin im Stift zu Gevelsberg. Ihre Familie war seit 1714 auf dem Schloss Neuenhof bei Lüdenscheid ansässig und gehörte zu den ältesten niederadeligen Häusern im Bergischen Land.,piz,,+,
251727,Theodor Müller (Zeichenlehrer),Theodor Müller (Zeichenlehrer) (1837-1921),1837,1921,Gymnasial-Zeichenlehrer in Berlin,piz,male,+,
23420,J. Sanderling (Mühlenbesitzer),J. Sanderling (Mühlenbesitzer),,,Mühlenbesitzer in Arys (Ostpreußen),piz,,+,
256568,Johann von Melem,Johann von Melem,,,"Bürger von Frankfurt am Main, erwähnt 1481",piz,male,+,
210636,Rheinland-Pfalz. Landeskonservator,Rheinland-Pfalz. Landeskonservator,,,"Amt für Denkmalpflege in Rheinland-Pfalz
Nachfolge-Institution: Rheinland-Pfalz. Landesamt für Denkmalpflege",kio,,+,https://d-nb.info/gnd/42402-X
223069,Willi Bunke,Willi Bunke,,,Fotograf aus Unna. Nachgewiesen für das Jahr 1939.,piz,male,,
341510,Darius Salbert,Darius Salbert (1982-),1982,,deutscher Fußballfunktionär,piz,,+,
259098,Otto Aßmus (Buchdruckerei),Otto Aßmus (Buchdruckerei),,,"Buchdruckerei in Berlin N 65, Fennstraße 31 (nachgewiesen 1934)",kif,,+,
4649,Martin Gottlob von Seulen,Martin Gottlob von Seulen,,,Der aus Siebenbürgen stammende Martin Gottlob von Seulen wurde am 16. September 1748 an der Universität in Jena immatrikuliert. Er verließ die Stadt nach fünf Semestern im April 1751.,piz,male,+,
266085,Heinrich Martin Heinsius,Heinrich Martin Heinsius,,,"Deutscher Maler. Nachgewiesen 1758-1778. Tätig in Tübingen, Heilbronn, Ilmenau (?) und Schwäbisch Hall. Porträtmaler.",piz,male,+,
307268,Rediroma-Verlag,Rediroma-Verlag,,,Print on Demand-Verlag in Remscheid (nachgewiesen 2015),kif,,+,
186095,Rudolf Mauer,Rudolf Mauer (1845-1905),1845,1905,"""Hermann Bernhard Rudolf Mauer (1845 - 1905), deutscher Kupferstecher und Akademieinspektor an der Kunstakademie in Königsberg (Preußen)"" - https://commons.wikimedia.org/wiki/Category:Rudolf_Mauer, 09.10.2021",piz,,+,
2865,Latschenpaule,Heinz Nerger (1917-2008),1917,2008,"Heinz Nerger alias Latschenpaule wurde im Laufe seines Lebens ein ""Pankower Original"". Als ""LatschenPaule"" nahm er an Zahlreichen Volks- und Familienfesten teil. Er selbst nannte sich Drehorgelspielmeister.",piz,male,,http://d-nb.info/gnd/160221609
273210,Friedel Ohle,Friedel Ohle,,,Fotograf der Bezirksbildstelle Charlottenburg (nachgewiesen 1948),piz,male,+,
129533,"Waesberge, Abraham van",Abraham van Waesberge (1632-1707),1632,1707,"""Name: Abraham van Waesberge
Gender: male
Born: Rotterdam baptized on 1632-10-29
Died: Rotterdam 1707-04-26
Father: Pieter van Waesberghe, alias: Petrus (1599 - 1661)
Mother: Catharina la Vie (? - 1659)
Marriages:
 Maria van Dijck (1632 - ?), Rotterdam 1658-08-11
Children:
 Pieter van Waesberghe (1659 - 1737)
 Gerardus van Waasbergen (1667 - 1698)
Occupation(s):
 prentenuitgever
 publisher (1656-1707)
 bookseller (1656-1707)
 letterpress printer (1661-1707)
Occupational address(es):
 Rotterdam (1656-1707)"" - http://www.vondel.humanities.uva.nl/ecartico/persons/21464, 30.11.2020",piz,male,+,
270620,Coleman Engineering Ltd,Coleman Engineering Ltd,,,Britischer Importeur von Landmaschinen.,kif,,,
274800,Jan de Vos (Jahn),Jan de Vos (Jahn),,,"Flämischer Maler. Nachgewiesen 1489-1522, tätig in Wittenberg. Vermutlich identisch mit ""Jahn dem niederländischer Maler"" ein Hofmaler Kurfürst Friedrichs des Weisen in Wittenberg. Auch tätig in Antwerpen, Krakau, Venedig und Frankfurt am Main. Porträt- und Historienmaler.",piz,male,+,
93,Sahm GmbH & Co. KG,Sahm GmbH & Co. KG,,,"Hersteller dekorierter Trinkgefäße, vor allem Biergläser",kif,,+,http://d-nb.info/gnd/16000130-4
142622,Cl(audius) Pardalas (Pergamon),Cl(audius) Pardalas (Pergamon),,,"Stratege in Pergamon/Mysien unter Antoninus Pius zwischen ca. 144 und 158 n. Chr.

Sein Name - immer kombiniert mit dem Strategentitel - erscheint in einigen Fällen mit dem Zusatz Neokoros.

Lit.: W. Leschhorn, Lexikon der Aufschriften auf griechischen Münzen II (2009) 746. - https://ikmk.smb.museum/ndp/person/11466, den 16.10.2021",piz,male,+,
264263,Klaus Lehnhäuser (Keramiker),Klaus Lehnhäuser (Keramiker),,,"Ehemaliger Schulleiter der Fachschule für Keramik in Höhr-Grenzhausen und langjähriges Vorstandsmitglied des BFZK e. V., bis 2023.",piz,,+,
324513,Sebastian Hirschmann (Weprowatz),Sebastian Hirschmann (Weprowatz),,,wurde zwischen 1914 und 1916 geboren; lebte in Weprowatz,piz,male,+,
75164,Albert Newton,Albert Newton (1887-),1887,,"War im Februar 1918, im Alter von 31 Jahren Kriegsgefangener in Wünsdorf, wo Sprachproben von ihm auf Hindi aufgezeichnet wurden. Er kam aus Kalkutta.",piz,male,+,
278240,Károly Hegedűs,Károly Hegedűs,,,1942 Straßenbahnfarer in Szombathely,piz,male,+,
350325,Th. Rudloff (Mühlenbesitzer),Th. Rudloff (Mühlenbesitzer),,,Mühlenbesitzer einer Weizenmühle in Weissensee (nachgewiesen 1912),piz,male,+,
2014,Grimm & Steinert (Firma),Grimm & Steinert (Firma),,,"Korn-Branntwein-Brennerei in Nordhausen
Grimm & Steinert (1883, 1902)
Grimm & Steinert Inh. Aug. Herm. Steinert (1906)
Grimm & Steinert Inh. Clara Schenke, Hermann u. Wilhelm Schenke Horst - Wessel - Allee 10 (1929, 1934, 1937)",kif,,+,
24505,Modellbau A. Schumann,Modellbau A. Schumann,,,Belegt 1. H. 20. Jh.,kif,,+,https://d-nb.info/gnd/1038087422
197200,Coenraad van Schilperoort,Coenraad van Schilperoort (1577-1635),1577,1635,Maler in den Niederlanden,piz,male,+,
191171,Joseph Tscherkassky,Joseph Tscherkassky (1879-1958),1879,1958,"Schriftgestalter, tätig für Berthold AG. 1879 in der Ukraine geboren, 1930 nach Brasilien emigiert, dort 1958 verstorben.",piz,male,+,https://d-nb.info/gnd/127643206
192846,VEB Triumphator-Werk,VEB Triumphator-Werk,,,Nachfolger des Triumphator-Werkes in Leipzig-Mölkau,kif,,+,
166397,Werkstatt Johann Christian Kirchner,Werkstatt Johann Christian Kirchner,,,"Johann Christian Kirchner (* 17. August 1691 in Merseburg; † 28. Dezember 1732 in Dresden) war ein Bildhauer am sächsischen Hof (ernannt 1717).

""Kirchner wurde ab 1712 als Mitarbeiter Permosers am Dresdner Zwinger genannt und 1717 zum Hofbildhauer befördert. Zahlreiche Plastiken in Dresdens Umgebung werden ihm zugeschrieben; den Dresdnern sind die Figuren auf den östlichen Torsäulen des Großen Gartens und die Figuren im dortigen Heckentheater gewiss bekannt. Mit Bezug auf das Thema Friedhöfe soll der Epitaph Johann Friedrich Karchers (1650–1726) in der Leubnitzer Kirche nicht unerwähnt bleiben."" - https://eliasfriedhof.de/johann-christian-kirchner, 24.02.2021",kif,,+,
190112,Max Schultze (Firma),Max Schultze (Firma),,,Atelier für Musterzeichnen in Chemnitz,kif,,+,
187878,Hermann I. zu Wildenburg,Hermann I. zu Wildenburg,,,"""Hermann I. (ca. 1341-1388), Herr zu Wildenburg"" - https://ikmk.smb.museum/ndp/person/818, 23.11.2021",piz,male,+,
67947,Marcus Porcius (Caesaraugusta),Marcus Porcius (Caesaraugusta),,,"""Duumvir unter Augustus in Caesaraugusta 8-1 v. Chr. Vgl. RPC I 120."" - https://ikmk.uni-freiburg.de/object?id=ID11026, 28.04.2019",piz,,+,
3441,Wilhelm Scholl (Lehrer),Wilhelm Scholl (Lehrer),,,Lehrer in Bielefeld,piz,male,+,
155224,H. Heinecke Verlag,H. Heinecke Verlag,,,Verlag in Berlin,kif,,+,
45586,Everett Rassiga,Everett Rassiga (1922-2003),1922,2003,Händler mit Indigener Kunst. Betrieb eine Gallerie in New York.,piz,male,+,
315542,Herbert Traub,Herbert Traub,,,"Lebte in den 1930er-Jahren in Seimeny, Bessarabien.",piz,male,+,
74603,William Gunn,William Gunn (1876-),1876,,"William Gunn, geboren am 2.11.1876 in Watten, war ein schottischer Sergeant, der während des Ersten Weltkriegs im Kriegsgefangenenlager Dyrotz interniert war.",piz,male,+,
205552,Rudolf Gärtner,Rudolf Gärtner (1875-1952),1875,1952,"""Oberlausitzer Mundartdichter. -verheiratet mit Anna Martha May seit 1898"" - gnd, 12.07.2022",piz,male,+,https://d-nb.info/gnd/122368045
167972,Ernst Heinkel Flugzeugwerke GmbH,Ernst Heinkel Flugzeugwerke GmbH,,,"Die Ernst Heinkel Flugzeugwerke GmbH (ab 1943 Ernst Heinkel AG), kurz Heinkel, war eines der größten deutschen Flugzeugbauunternehmen in der ersten Hälfte des 20. Jahrhunderts",kif,,+,
226521,Karl Schildmann (Fotograf),Karl Schildmann (Fotograf),,,Inhaber von Foto Krüger in Borgholzhausen.,piz,male,+,
30598,Carl Ludwig Schmidt (Kupferstecher),Carl Ludwig Schmidt (Kupferstecher),,,Kupferstecher - Wirkungsdaten: 1783-1805,piz,,+,http://d-nb.info/gnd/123383528
8957,Markus Oehmen,Markus Oehmen,,,"Geologe bei Rheinkalk (Lhoist-Gruppe), 21. Jh.",piz,male,+,
228701,Graphischer Kunstverlag W. Mohr,Graphischer Kunstverlag W. Mohr,,,"Kunstverlag in Leipzig O5, Oststraße 43",kif,,+,
113307,Victor Hummel (Uhrmacher),Victor Hummel (Uhrmacher),,,Handelte mit Uhren in Chartre,piz,male,+,
64941,Hans-Jürgen Eggert (Templin),Hans-Jürgen Eggert (Templin),,,Fotograf aus Templin,piz,male,+,
32551,Smith (Medailleur),Smith (Medailleur),,,"Medailleur, belegt um 1820",piz,,+,
1875,Manufaktur Pieter Adriaen Kocks,Manufaktur Pieter Adriaen Kocks,,,Delfter Fayencemanufaktur,kif,,+,
346645,Rudi Eudenberg,Rudi Eudenberg (1914-),1914,,Rudi Eudenberg wurde am 14.05.1914 in Ittenbach bei Königswinter (Siegkreis) geboren und war gelernter Schreiner. Er kam über das Schnitzen von Ornamenten an Möbeln nach und nach zu den Fertigkeiten des Holzschnitzens.,piz,male,+,
350472,Martina Weber,Martina Weber (1953-),1953,,"Geboren am 29.11.1953 in Wolmirstedt
Vater: Horst Weber
Mutter: Ingeborg Weber, geborene Wallbaum
Schwester: Dagmar Weber (geboren am 21.10.1955)",piz,female,,
89572,Rheinland-Verlag GmbH Düsseldorf,Rheinland-Verlag GmbH Düsseldorf,,,Verlag in Düsseldorf.,kif,,+,
116203,Barbara Seidler (Templin),Barbara Seidler (Templin),,,Mitarbeiterin Volkskundemuseum Templin,piz,female,+,
119922,Lorenz Furtwängler Uhrenfabrik,Lorenz Furtwängler Uhrenfabrik,,,"1836 gründete Lorenz Furtwängler in Neukirch die ""Lorenz Furtwängeler Uhrenfabrik"", die 1868 in ""Lorenz Furtwängler Söhne, Uhrenfabrik"" umbenannt wurde. Im Jahre 1900 wurde das Unternehmen in eine Aktiengesellschaft umgewandelt: L. Furtwängler Söhne AG. 1904 erfolgte eine Umbenennung in Uhrenfabrik vorm. L Furtwängler Söhne AG Furtwangen. 1929 erfolgte der Konkurs.",kif,,+,
275003,Agostino Onigo,Agostino Onigo (-1490),,1490,römischer Senator,piz,male,+,
172801,Rousseau (Firma),Rousseau (Firma),,,Landmaschinenhersteller in Frankreich.,kif,,+,
222097,Standesamt II Stettin,Standesamt II Stettin,,,Behörde für Beurkundung von Personenstandsfällen in Stettin,kio,,+,
272016,Fotoatelier Kurt Engel,Fotoatelier Kurt Engel,,,"Fotoatelier in
- Sonnefeld (Landkreis Coburg)
Kurt Engel (sen.) betrieb in den 1960er Jahren ein Fotoatelier und einen Luftbildverlag in Sonnefeld (LK Coburg). Die Idee der Luftbildfotografie hatte sein Vater Rudolf, die dieser im Krieg kennengelernt hatte. Kurt Engel betrieb sie, mit seinem Sohn Kurt (jun.) bis in die 1970er Jahre.
Quelle: https://www.hna.de/lokales/wolfhagen/naumburg-ort80387/spannender-fund-historischer-fotos-in-naumburgs-rathauskeller-91919585.html",piz,,+,
209094,Marthilde zu Ysenburg,Marthilde zu Ysenburg (1811-1886),1811,1886,"Prinzessin Mathilde zu Ysenburg und Büdingen, die von 1811 bis 1886 im Büdinger Schloss zu Hause war, komponierte zahllose Lieder für Gesang und Klavier, für Chöre, Duette und sogar zwei Opern.",piz,female,+,
187024,Gertrud Pechstein,Gertrud Pechstein,,,Schwester des Malers Max Pechstein,piz,female,+,
14725,Buchhandlung der Anstalt Bethel bei Bielefeld,Buchhandlung der Anstalt Bethel bei Bielefeld,,,Buchhandlung und Verlag,kif,,+,http://d-nb.info/gnd/10040036-X
260711,Albert Lowe,Albert Lowe (1922-2017),1922,2017,"Albert Lowe diente im 2. Weltkrieg bei der US-amerikanischen Army Air Force als Pilot für Consolidated B-24 Liberator. Er flog damit über Europa rund 50 Kampfeinsätze, für die er mit dem Distinguished Flying Cross geehrt wurde. 1948/49 beteiligte er sich als Pilot im Rang eines First Lieutenant für Douglas C-54 Skymaster an der Berliner Luftbrücke. Er war in Faßberg stationiert und absovierte 168 Kohleflüge nach Berlin. Nach dem Ende seines aktiven Flugdienstes für die US Air Force im Jahre 1965 wechselte er in die Militärverwaltung in Charleston, South Carolina, und trat 1983 im Rang eines Lieutenant Colonel in den Ruhestand.",piz,male,+,
191859,Piero Molin,Piero Molin,,,"""Molin, Piero
Münzmeister (Massarius, ital. Massaro) für Venedig (Candia/Kreta) zwischen 1668 und 1669. Auch Piero da Molin.
Signiert mit P. M.
Lit.: N. Papadopoli Aldobrandini, Le Monete di Venezia III (1919) 970 Nr. 66"" - https://ikmk.smb.museum/ndp/person/10929, 06.02.2022",piz,male,+,
300897,Weidenhammer Packungen GmbH & Co. KG,Weidenhammer Packungen GmbH & Co. KG,,,Verpackungsunternehmen in Hockenheim,kif,,+,
336473,Christof Sund,Christof Sund (1935-2022),1935,2022,Arzt in Freudenstadt,piz,male,+,https://d-nb.info/gnd/127698667X
85330,J.T. Müller Musikinsturmenten Fabrik,J.T. Müller Musikinsturmenten Fabrik,,,Musikinstrumentenhersteller in Dresden-Striessen.,kif,,+,
273232,Alfred Koerner,Alfred Koerner (1849-1926),1849,1926,"Architekt, Königlicher Baurat",piz,male,+,
117236,Elke Gerhold-Knittel,Elke Gerhold-Knittel (1946-2007),1946,2007,"Autorin von Geschichten für kleine Kinder. Erzählungen für Klein und Groß vorwiegend mit landeskundlichem Bezug, in letzter Zeit immer mehr im kulinarischen Bereich, gelegentlich auch über magische Bräuche.

""Studium an der FU Berlin, Promotion in Kunstgeschichte; Museumslaufbahn; schreibt Geschichten für kleine Kinder, Erzählungen für Klein und Groß vorw. mit landeskundlichem Bezug, viel im kulinarischen Bereich, gelegentlich auch über magische Bräuche"" - gnd, 18.12.2020",piz,female,+,http://d-nb.info/gnd/111311608
206757,Röhm und Haas GmbH,Röhm und Haas GmbH,,,"Unternehmen in Darmstadt von 1938-1971
Vorgänger: Röhm & Haas AG
Nachfolger: Röhm GmbH",kif,,+,https://d-nb.info/gnd/2031136-9
167135,Fr. Kistner (Firma),Fr. Kistner (Firma),,,"Musikverlag 
Im Jahr 1823 gründete Heinrich Albert Probst in Leipzig einen Musikverlag, den Friedrich Kistner 1831 erwarb und 1836 in den Musikverlag »Fr. Kistner« umbenannte.",kif,,+,
278758,Hugo Wollny,Hugo Wollny,,,Spender von Erinnerungsgegenständen des 1. FC Kaiserslautern (nachgewiesen 2024),piz,male,+,
117585,Otto Heck (Notar),Otto Heck (Notar),,,Otto Heck war 1921 Notar des Notariats Dürkheim II.,piz,male,,
230278,Ch. Haberle,Ch. Haberle,,,deutscher Uhrmacher; Tätigkeitszeitraum: Mitte 18. Jahrhundert; Wirkungsort: Weimar,piz,male,,
249155,Napoleon Spranger,Napoleon Spranger (1823-1880),1823,1880,"Der Goldwarenfabrikant Napoleon Spranger (1823 - 1880) war zunächst Teilhaber an der Firma N. Ott & Comp. (Ott-Pausersche Fabrik), wo er die kaufmännische Leitung übernahm, bis er 18? eine eigene Goldwarenfirma gründete.",piz,male,+,
30302,Werkstatt des Daniel Mauch,Werkstatt des Daniel Mauch,,,"""Daniel Mauch (* um 1477 Ulm; † 1540 in Lüttich) ist der letzte große Künstler in der langen Reihe der Ulmer Schule. Er arbeitete als Bildschnitzer in Ulm an verschiedenen spätgotischen Altarprojekten mit."" - wikipedia 22.09.2017 (Daniel Mauch (Bildschnitzer) )",kif,,+,
337424,Carl Neubronner (Konstrukteur),Carl Neubronner (Konstrukteur),,,"Gilt als einer der Erfinder des Raketenfluges, experimentierte mit Flugmodellen. Nachgewiesen 1912.",piz,male,,
258910,Giergl Károly,Giergl Károly,,,"Gierg Károly kb. 1825-1855 között készített játékkártyákat a Terézvárosban. Tekintélyes szereplője lehetett a kor iparos társadalmának, hiszen az 1840-es évek végén a privilégium nélküli céhszervezet mestereként említik. Fiai – János és István – szintén a kártyafestő szakmában keresték boldogulásukat.

Giergl Károly három évtizedes tevékenységét csupán három kártyaemlék jelzi:

Állatképes tarokkja a budapesti Iparművészeti Múzeumban van. Városképes tarokk kártyája a Magyar Kereskedelmi Múzeum kártya-szekciójának részét képezi. Színházi-képes tarokk kártyája berlini magángyűjtemény büszkesége.",piz,male,-,
115414,Bäcker-Verlag G.m.b.H.,Bäcker-Verlag G.m.b.H.,,,Verlag in Berlin. Nachgewiesen für Zeit um 1950.,kif,,+,
191162,Wilhelm Woellmer's Schriftgiesserei und Messinglinienfabrik,Wilhelm Woellmer's Schriftgiesserei und Messinglinienfabrik,,,"""Geschäft für Buchdruck-Utensilien 1854 von Wilhelm Woellmer in Berlin gegründet, 1864 um Schriftgießerei, 1888 um Messinglinienfabrik erweitert, 1883 an Siegmund Borchardt (Maaß und Rößmann) verkauft"" - gnd, 09.01.2026",kif,,+,https://d-nb.info/gnd/5154155-5
204816,Castan & Kotalik,Castan & Kotalik,,,"Uhrenhersteller, 20. Jh.",kif,,,
227716,Dietmar Seyffert,Dietmar Seyffert (1943-),1943,,"deutscher Tänzer, Choreograf, Regisseur und Hochschullehrer",piz,male,+,
302440,Bernhard Koschinski,Bernhard Koschinski (1854-1918),1854,1918,"Lithograph in Berlin, kath., geb. 20. 8. 1854 Königsberg in Preußen, gest. 7. 2. 1918 (Berlin-)Charlottenburg (amtliche Schreibweise des Namens laut Standesamtsregister: Koschinski, in von ihm hergestellten Landkarten jedoch meist Koschinsky).",piz,male,+,
149016,Kreisleitung Forst/Lausitz SED,Kreisleitung Forst/Lausitz SED,,,Teil der Sozialistischen Einheitspartei Deutschlands.,kiz,,+,
199512,Georg Langer (Berginspektor),Georg Langer (Berginspektor),,,"Berginspektor, nachgewiesen für 1909.",piz,male,+,
24024,Kampfhenkel (Mühlenbesitzer),Kampfhenkel (Mühlenbesitzer),,,Um 1894 Besitzer einer Wassermühle in Dahlenberg bei Dommitzsch,piz,,+,
157278,Aleksij von Moskau (Metropolit),Aleksij von Moskau (Metropolit) (1296-1378),1296,1378,"Alexi oder Aleksij, russisch Алексий (* vor 1296 in Moskau; † 12. Februar 1378), war der Metropolit von Kiew und seit 1354 von Moskau und ganz Russland ...

Wikipedia, 29.12.2020",piz,male,+,
306074,Siegfried Gronert,Siegfried Gronert (1946-),1946,,"Siegfried Gronert (*1946 in Magdeburg) ist ein deutscher Designer, Designwissenschaftler und Professor emeritus, der nach einem Studium des Industriedesigns sowie der Kunstgeschichte, Theater‑, Film‑ und Fernsehwissenschaften sowie Philosophie promovierte und von 1993 bis 2011 an der Bauhaus‑Universität Weimar Geschichte und Theorie des Designs lehrte. Er leitete das Michel‑Archiv zur Designgeschichte, war Dekan der Fakultät Gestaltung, ist langjähriger Vorsitzender der Gesellschaft für Designgeschichte e. V. und hat mit zahlreichen Publikationen zur Designtheorie und ‑geschichte beigetragen.",piz,male,+,https://d-nb.info/gnd/123996074
289,Christian Friedrich Voß (Verlag),Christian Friedrich Voß (Verlag),,,"Verlag in Berlin

""Christian Friedrich Voß (* 11. Oktober 1724 in Lübben; † 24. April 1795 in Berlin) war ein deutscher Verleger. Unter anderem verlegte er die Vossische Zeitung."" - (Wikipedia (de) 10.08.2021)",kif,male,+,
7888,Carl Gottlob Gemeinert,Carl Gottlob Gemeinert (1806-1874),1806,1874,"Landschaftsmaler des 19. Jahrhunderts in Berlin, gebürtig aus Sorau (Niederlausitz), anfangs Musiklehrer",piz,male,+,
177371,Max Kaufmann (Schauspieler),Max Kaufmann (Schauspieler),,,"Schauspieler, nachgewiesen für Zeit von 1902-1934 (1918 und 1934 in Berlin)",piz,male,+,https://d-nb.info/gnd/116074868
33576,St. Dominikus Stiftung (Speyer),St. Dominikus Stiftung (Speyer),,,"Zur Sicherung und Fortführung der von den Schwestern des Instituts St. Dominikus gegründeten Einrichtungen gründete der Orden 2003 die St. Dominikus Stiftung Speyer. Unter das Dach dieser Stiftung wurden die noch bestehenden Ordenseinrichtungen, sieben Schulen, ein Krankenhaus, ein Kinderheim, ein Kinderdorf, ein stationäres Hospiz und ein ambulanter Hospiz- und Palliativberatungsdienst mittels zweier gemeinnütziger GmbHs eingebracht. In den Einrichtungen sind etwa 1.500 Menschen beschäftigt. Stiftungsvorsitzende ist Generalpriorin Schwester Gertrud Dahl. (Wikipedia, 07.09.2017)",kiz,,+,
10884,Erich Salomon (Firma),Erich Salomon (Firma),,,"Berliner Textilhändler, 1. H. 20. Jh.",kif,,+,
257535,"Georg & Bischof, Frankfurt (Oder)","Georg & Bischof, Frankfurt (Oder)",,,"Konfektionshaus in Frankfurt (Oder), nachgewiesen 1950",kif,,+,
316532,"H. Dackweiler & Co., Trier","H. Dackweiler & Co., Trier",,,"Ursprünglich wurde die Druckerei 1895 von Aloys Schaar und Hermann Dathe gegründet. Nach 1939 firmierte das Unternehmen unter dem Namen Dackweiler & Hagen, das bis 2003 existierte.",kif,,+,
328600,Franz Mudlagk,Franz Mudlagk (1863-1937),1863,1937,"Tischer in Berlin, zuletzt in Berlin-Kaulsdorf",piz,male,+,
24367,Fuldamühle (Spiekershausen),Fuldamühle (Spiekershausen),,,"vermutlich bereits 1515 existierende Wassermühle in Spiekershausen bei Landwehrhagen, 
Mehl-, Ölmühle und Schnapsbrennerei, 1919-1977 auch Stromerzeugung
Besitzer: Heinrich Winneknecht bis 1883, Christian Winneknecht bis 1917, Richard Winneknecht bis 1946, danach Robert Winneknecht Mühlenbetrieb 1962 eingestellt
(vgl.: http://www.spiekershausen.de/Spiekershausen/Historisch/Muehle_historisch/muehle_historisch.html - 10.06.2016)",kif,,,
168344,Roxana Naumann,Roxana Naumann,,,Restauratorin,piz,female,+,
277566,Rainer Magnan,Rainer Magnan,,,"kein Wiki oder DNB Eintrag, gelistet unter ""Projektbearbeitung"" in der Zusammenfassung eines Gutachtens für die Berlin 2000 Olympia GmbH aus dem Mai 1993 von der Gesellschaft für Innovationsforschung und Beratung mbH",piz,,+,
168545,Omega-Werk Solingen,Omega-Werk Solingen,,,Eine Metallwarenfabrik in Solingen (um 1860-2003),kif,,+,
61583,Johann Dietrich Schlüter (Goldschmied),Johann Dietrich Schlüter (Goldschmied),,,"""Goldschmied und Petschaftstecher aus Weilburg.
Arbeitete auch als Stempelschneider. Hier belegt 1681 für Münzstätte Herborn, Fürstentum Nassau.
1675 auf der Frankfurter Herbstmesse wegen des Vertriebs und der Herstellung falscher (plattierter) Dukaten festgenommen.
Lit.: K. Schneider, Falsche Münzen und ihre Herstellung. Beispiele aus Frankfurt am Main und Umgebung, Abhandlungen der Braunschweigischen Wissenschaftlichen Gesellschaft Band 60, 2008, 193-210. 199 Anm. 44."" - https://ikmk.smb.museum/object?id=18206228, 28.08.2018

""Dt. Goldschmied und Falschmünzer aus Korbach (Landkreis Waldeck-Frankenberg) (-1705)"" - gnd, 28.08.2018",piz,male,+,http://d-nb.info/gnd/189563702
124221,Eisas (Ephesos),Eisas (Ephesos),,,"""Eisas/Heisas
Magistrat in Ephesos/Ionien unter Augustus.
Lit.: RPC I 435; W. Leschhorn, Lexikon der Aufschriften auf griechischen Münzen II (2009) 472."" - https://ikmk.smb.museum/ndp/person/4606, 14.07.2020",piz,,+,
165925,L. Paconius Flam.,L. Paconius Flam.,,,"""L. Paconius Flam.
Duumvir in Korinth 50/51 n. Chr. unter Claudius.
Nicht auszuschliesen ist, das FLAM hier auf ein Priesteramt (flamen) verweist.
Lit.: RPC I 249 Nr. 1182-1188; W. Leschhorn, Lexikon der Aufschriften auf griechischen Münzen II (2009) 923 Anm. 2; 940."" - https://ikmk.smb.museum/ndp/person/11131, 04.06.2022",piz,,+,
176524,Kaspar Weiß,Kaspar Weiß,,,"ca. Ende des 18. Jahrhunderts/1. Viertel des 19. Jahrhunderts 
""teilweise zusammen mit Baptista Weiss; handelte wohl überwiegend mit Stichen"" - gnd, 17.10.2022",piz,male,+,https://d-nb.info/gnd/117291250
277410,Josef Großhaupt (Metzgerei),Josef Großhaupt (Metzgerei),,,Die Metzgerei des Metzgermeisters Josef Großhaupt war ansässig unter der Adresse Im Geiger 63 in 70374 Stuttgart-Bad Cannstatt. Nachgewiesen 1953.,kif,,+,
4181,Albert Theisen,Albert Theisen (1886-1967),1886,1967,Landwirt und Amateurfotograf aus Meckel (Eifelkreis Bitburg-Prüm),piz,male,+,
340527,Artur Fleischer (Stadtführer),Artur Fleischer (Stadtführer) (1887-1959),1887,1959,"geb. 7. 4. 1887, gest. 13. 7. 1959, Kulturgeschichtlicher Stadtführer in Berlin, 1945/46 wohnhaft in Berlin-Dahlem, Buggestr. 12 a",piz,male,+,
9627,Edizioni Richard Scholtz,Edizioni Richard Scholtz,,,"Postkartenverlag, Sitz Bordighera, Italien.",kif,,+,
182478,Antoinette von Thermo,Antoinette von Thermo (1796-1855),1796,1855,"Antoinette von Thermo, geb. von Kutzschenbach (geb. 7.5.1796 Gansgrün bei Plauen im Vogtland, gest. 20.8.1855 Bornsdorf bei Luckau).",piz,,+,
252031,John Gloag Murdoch,John Gloag Murdoch (1830-1902),1830,1902,"""Murdoch, John Gloag (1830-1902)
Münzsammler. Seit 1871 in London.
Sammlung versteigert zwischen 1903 und 1904 durch Sotheby's.
Lit.: Lord Stewartby, John Gloag Murdoch, 1830-1902, British Numismatic Journal 73, 2003, 186-190; ders., Scottish Coin Collectors ebd. 66, 1996, 87 ff. 106 f."" - https://ikmk.smb.museum/ndp/person/6043, 06.10.2024",piz,,+,
58069,Aulus Licinius Nerva Silianus,Aulus Licinius Nerva Silianus,,,"""Triumvir AAAFF unter Augustus 6 v. Chr."" - https://ikmk.smb.museum/object?id=18208214, 24.02.2019",piz,,+,
56947,Andreas Roht,Andreas Roht (1671-1710),1671,1710,Bildhauer,piz,male,+,http://d-nb.info/gnd/121660508
217153,Herbert Ehrich,Herbert Ehrich (1906-1942),1906,1942,deutscher Bildhauer,piz,female,+,
207961,Liborius Schlintzing,Liborius Schlintzing,,,"""Briefmaler, Kupferstecher und Formschneider in Augsburg"" - gnd, 09.09.2022

""Zeichner und Kuperstecher, dessen Lebensverhältnisse unbekannt sind. Er arbeitete in Sadeler's Manier. [...] Rechts und links neben der Cartouche steht der Tauf- und Geschlechtsname des Künstlers."" (Dr. G. K. Nagler, Die Minogrammisten, S. 27)",piz,male,+,https://d-nb.info/gnd/130541850
204581,Johannes Majer,Johannes Majer (1667-1747),1667,1747,"Fürstlicher Cabinett-Schreiner, Kabinettebenist, Kunstschreiner aus Kirchheim unter Teck",piz,male,+,
275119,Edgar Gutmann,Edgar Gutmann,,,"Kunsthändler in Berlin (nachgewiesen 1927-1938), zuvor in München (nachgewiesen 1925)",piz,male,+,
75232,Karl Capelli,Karl Capelli (1893-),1893,,"Karl Capelli, geboren am 23.10.1893 in Voghera, war ein italienischer Schneider, der während des Ersten Weltkriegs im Kriegsgefangenlager Limburg (Lahn) interniert war.",piz,male,+,
123804,Almuth Lohmann-Zell,Almuth Lohmann-Zell (1974-),1974,,"""Lohmann-Zell, Almuth (geb. 1974 Parchim)
Bildhauerin und Medailleurin."" - https://ikmk.smb.museum/ndp/person/7697, 24.06.2022",piz,female,+,
225952,Harald Falkenhagen,Harald Falkenhagen (1956-),1956,,"Harald Falkenhagens (*1956 in Delmenhorst / DE) Zeichnungen bestechen durch ihre Leichtigkeit und ihren Humor. Seine Werke leben von der Spannung zwischen Bild und Schrift, von der scheinbaren Beziehung beider zueinander. Anstatt aufwändiger Inszenierungen schafft er einfache, oftmals ironische, dabei sehr poetische Reflexionen auf die Welt, die uns umgibt. Seine Arbeiten handeln von persönlichen, alltäglichen Gedanken und Gesten. Sie bilden eilig zu Papier gebrachte Zeugnisse der Ideen ihres Urhebers.",piz,male,+,
128525,Susanne Johanna Huth,Susanne Johanna Huth,,,"""Ehefrau von Wolf Tobias Huth, Kaufmann in Nürnberg"" - gnd, 22.08.2024",piz,female,+,https://d-nb.info/gnd/129799114
275380,Heimarmene-Maler,Heimarmene-Maler,,,"""Attischer Vasenmaler, aktiv ca. 450-ca. 420 v. Chr."" VIAF 12.11.2025",piz,male,+,
331205,Bezirksverband der Eisenbahn-Vereine e.V. Berlin,Bezirksverband der Eisenbahn-Vereine e.V. Berlin,,,"Körperschaft in Berlin, nachgewiesen 1910 und 1929.",kiz,,+,
337219,Deutscher Schauspiel-Verein zu Berlin,Deutscher Schauspiel-Verein zu Berlin,,,"Eingetragener Verein, gegründet 1891 (nachgewiesen 1928)",kiz,,+,
150923,Karl Schenke (Mühlenbauer),Karl Schenke (Mühlenbauer),,,Mühlenbaumeister Falkenberg (Elster),piz,male,+,
280710,Kulmbacher Reichelbräu AG,Kulmbacher Reichelbräu AG,,,"Die Reichelbräu AG firmiert seit 1997 als Kulmbacher Brauerei AG, unter deren Dach (2024) alle bekannten Biermarken geschlossener Brauereien in Kulmbach hergestellt werden.",kif,,+,
202140,Elsa Hauck,Elsa Hauck,,,"Finderin von Steinzeitobjekten (Fußgönheim, 1981)",piz,female,+,
211341,Kunstverlag Max Köhler,Kunstverlag Max Köhler,,,Kunstdruckverlag aus Dresden.,kif,,+,
276943,Edition Gerold Riedl,Edition Gerold Riedl,,,Verlag in Frankenau (nachgewiesen 1999),kif,,+,
332519,Heinrich Emil Streuli-Hüni,Heinrich Emil Streuli-Hüni (1839-1915),1839,1915,"Schweizer Seidenindustrieller (geboren 1839, gestorben 1915)",piz,male,+,
208174,Goldberg Gyula (Druckerei),Goldberg Gyula (Druckerei),,,"Druckerei in Pápa, Ungarn",kif,,+,
345382,Helene Jungk,Helene Jungk (1826-1875),1826,1875,"Landschaftsmalerin in Berlin, Schwester der Malerinnen M. Jungk und H. Jungk in Berlin, Tochter des in Weimar verstorbenen Predigers Conrad Jungk",piz,female,,
239332,Amt für Information beim Ministerpräsidenten der DDR,Amt für Information beim Ministerpräsidenten der DDR,,,"Das Amt für Information beim Ministerpräsidenten der DDR (AfI) wurde am 12.10.1949 nach Gründung der DDR aus der vormaligen Hauptverwaltung für Information der Deutschen Wirtschaftskommission gebildet. Diese zentrale Stelle für regierungsamtliche Presseinformationen gab auch Propagandaschriften und Plakate heraus und fungierte zudem als Kontroll- und Zensurbehörde des Pressewesens der DDR. Es gab entsprechende Ämter auch bei den einzelnen Landesregierungen. Ende Dezember 1952 wurde das AfI aufgelöst, ein großer Teil seiner Funktionen wurde in das am 1.1.1953 gegründete Presseamt beim Ministerpräsidenten der DDR überführt. Aus: Herbst u. a.: So funktionierte die DDR, Bd. 2, 1994, S. 826 ff",kiz,,+,
137946,Kieninger & Obergfell (Kundo),Kieninger & Obergfell (Kundo),,,"Uhrenhersteller in St. Georgen, Schwarzwald.",kif,,+,
184817,Fotoatelier Carlos Braun,Fotoatelier Carlos Braun,,,"Fotoatelier in
- Avignon, Rue de la Republique 24
- Arles
- Nimes",piz,,+,
92473,S & J. Fuller,S & J. Fuller,,,"""Printsellers and publishers, stationers, artists' colourmen, playing-card makers. The partnership of Samuel Williams Fuller (c.1777-1857) and Joseph Carr Fuller (c.1782-1863 was already active by 1809 at the 'Temple of Fancy' at 34 Rathbone Place. The partnership was dissolved in 1854 (London Gazette 3 March 1854). By this time both men were in their seventies."" - https://www.britishmuseum.org/collection/term/BIOG150823, 25.07.2020",kif,,+,
222347,Fleischer-Innung Nürnberg,Fleischer-Innung Nürnberg,,,"Innung der Fleischermeister in Nürnberg, nachgewiesen 1900",kiz,,+,
73,Companhia Cacique de Cafe Soluvel,Companhia Cacique de Cafe Soluvel,,,Brasilianischer Kaffeehersteller,kif,,+,
126016,ZentRa,ZentRa,,,"""ZentRa ist eine Uhrenmarke, die 1927 aus dem Markenuhr-Verein e.V. Garantiegemeinschaft Deutscher Uhrmacher hervor gegangen ist."" - https://watch-wiki.org/index.php?title=ZentRa, 17.07.2020",kif,,+,
67029,Erich Eduard Poppe,Erich Eduard Poppe (1843-1904),1843,1904,"""Erich Eduard Poppe
6.9.1843 Dippoldiswalde - 3.4.1904 Dresden
beruflicher Titel, Amtsbezeichung, Dienstgrad: Geheimer Baurat
Beruf: Eisenbahningenieur
- 1870er Jahre Ingenieur bei der privaten Leipzig-Dresdner-Eisenbahn in Leipzig
- ab 1876 im Staatsdienst 
- 1889 Betriebsdirektor der sächsischen Staatseisenbahnen
- seit 1890 in Dresden, Oberbauingenieur der Staatseisenbahnen
- 1898-1904 Geheimer Baurat und vortragender Rat im sächsischen Finanzministerium 
- Grab auf dem Alten Annenfriedhof in Dresden-Südvorstadt"" - http://sammlungsdatenbank-museen-dresden.de/de/entitySearch?artId=66499, 26.03.2019",piz,male,+,
256450,András Hetyei,András Hetyei,,,Einer der Grundbesitzer von Simonyi (heute Nagysimonyi) im Komitat Vas um 1800.,piz,male,+,
24112,Kube (Mühlenbesitzer),Kube (Mühlenbesitzer),,,Um 1898 Besitzer einer Wassermühle in Naundorf bei Ruhland,piz,,+,
17031,Paul Jacobs,Paul Jacobs,,,"Geboren und als Kind wohnhaft in Samswegen.
Geschwister: Karl, Frieda und Fritz Jacobs.
Mutter: Vorname unbekannt, geborene Knuts, verheiratete Jacobs.
Vater: Vorname unbekannt, Nachname: Jacobs. Als Soldat im 1. Weltkrieg, für 1915-1917 Russland belegt.
Großereltern mütterlicherseits: Nachnamen Knuts, Vornamen unbekannt (Großvater 1923 gestorben, Großmutter 1928 gestorben).",piz,male,+,
32597,Baugewerksinnung des Kreises Templin,Baugewerksinnung des Kreises Templin,,,"Innung der Mauer etc. in Templin, nachgewiesen 1915",kiz,,+,
146540,Arnim Otto Verlag,Arnim Otto Verlag,,,Verlag in Offenbach am Main.,kif,,+,
90504,Fritz Rockstroh & Sohn (Firotti),Fritz Rockstroh & Sohn (Firotti),,,"Hersteller von Akkordeons, aufgegangen in VEB Klingenthaler Harmonikawerke",kif,,+,
188494,Robert Rassmann,Robert Rassmann,,,Münzsammler (um 1900),piz,male,+,
23692,Meyer (Mühlenbesitzer in Hohenstadt),Meyer (Mühlenbesitzer in Hohenstadt),,,1913 belegt als Besitzer einer Wassermühle in Hohenstadt bei Hersbruck an der Pegnitz,piz,,+,
16290,Buchdruckerei Wagner (Bad Nauheim),Buchdruckerei Wagner (Bad Nauheim),,,"""Die Sasse Medien GmbH entspringt einer über 160-jährigen Geschichte. Im Mai 1849 wurde die Buchdruckerei Ludwig Wagner in Bad Nauheim gegründet. 1991 wurde die Druckerei aufgekauft. Der Verlag wurde ausgegliedert und in Telefonbuchverlag Sasse GmbH & Co. KG, Bad Nauheim umbenannt. ..."" - https://www.sassemedien.de/verlag.html, 24.11.2019",kif,,+,
49411,Fotoatelier L. Strieckling,Fotoatelier L. Strieckling,,,"Fotoatelier in
- Bad Oeynhausen",kif,,+,
45929,"VEB Bagger-, Förderbrücken- und Gerätebau Lauchhammer","VEB Bagger-, Förderbrücken- und Gerätebau Lauchhammer",,,"VEB BFG, Vorläufer des TAKRAF Kombinat in der DDR, Hersteller von (Groß-)geräten zur Nutzung in der Industrie",kif,,+,
310596,"Wilhelm Vorwerk (Gärtner, II)","Wilhelm Vorwerk (Gärtner, II) (1873-1936)",1873,1936,"Geboren Lagewitz Kreis Meseritz am 4.5.1873, Gärtnerausbildung, ab 15.3.1898 am Botanischen Garten Berlin, zunächst als Reviergärtner, ab 1907 als Obergehilfe für die Kalthauspflanzen, 1913 Garteninspektor, 1925 Gartenoberinspektor, 1928 bis 30.6.1934 Gartendirektor (Technischer Gartenleiter); gestorben am 12.3.1936 in Berlin.

Nach: Zepernick B. & Timler F. K. 1979: Grundlagen zur 300jährigen Geschichte des Berliner Botanischen Gartens. – Englera 1: 113.",piz,male,+,
327854,"A-C Mexicana, S.A","A-C Mexicana, S.A",,,Mexikanischer Maschinenbauer und Landmaschinenhersteller (nachgewiesen 1990),kif,,+,
19431,Entnazifizierungskommission Wolmirstedt,Entnazifizierungskommission Wolmirstedt,,,"Nach 1945 beim Landkreis bestehendes Gremium, Vorsitzender war der Landrat.",kiz,,+,
302280,L. Eisenhuth,L. Eisenhuth,,,Apotheker in Bad Vilbel um 1830,piz,male,,
259099,Franz Lederer (Studienrat),Franz Lederer (Studienrat) (1882-1945),1882,1945,"Dr. phil., Literaturwissenschaftler, Studienrat in Berlin, Berliner Stadtführer",piz,male,+,
32713,Magistrat der Stadt Frankfurt (Oder),Magistrat der Stadt Frankfurt (Oder),,,Verwaltungsbehörde der Stadt Frankfurt (Oder),kio,,+,
307687,Agnes Hassenpflug,Agnes Hassenpflug (1825-1829),1825,1829,"Agnes Hassenpflug war die Tochter von Charlotte Hassenpflug, einer Schwester der Gebrüder Grimm. Agnes lebte von 11. Dezember 1825 bis 29. Oktober 1829. - Wikipedia (de) über Charlotte Grimm, 01.06.2025",piz,female,+,https://d-nb.info/gnd/1318617677
24369,Emma Flechtner (Mühlenbesitzerin),Emma Flechtner (Mühlenbesitzerin),,,Um 1910 Mühlenbesitzerin in Sössen,piz,,+,
77782,Kaiserlich-Königlich Privilegirte Österreichische Staats-Eisenbahn-Gesellschaft,Kaiserlich-Königlich Privilegirte Österreichische Staats-Eisenbahn-Gesellschaft,,,Kaiserlich-Königlich Privilegirte Österreichische Staats-Eisenbahn-Gesellschaft,kif,,+,
200313,Irmgard Halmhuber,Irmgard Halmhuber,,,Kunsthandwerklich Schaffende. Illustrierte u.a. Kinderbücher. Nachgewiesen für 1921.,piz,female,+,https://d-nb.info/gnd/12745926X
331257,R. Fosanelli,R. Fosanelli,,,"""Herr R. Fosanelli."" - https://ikmk.smb.museum/ndp/person/14353, 18.08.2025",piz,,+,
344395,Innere Mission und Hilfswerk der Evangelischen Kirchen in der DDR,Innere Mission und Hilfswerk der Evangelischen Kirchen in der DDR,,,"Kirchlicher Wohlfahrtsverband in Ost-Berlin, 1961-1965",kir,,+,https://d-nb.info/gnd/2030722-6
325402,Editura Didactică și Pedagogică,Editura Didactică și Pedagogică,,,Verlag in Bukarest,kif,,+,
133701,Maria Helene Kunigunde Bezzel,Maria Helene Kunigunde Bezzel (1740-1801),1740,1801,"""Zusammen mit ihrem Ehemann wurde sie 1776 in den Pegnesischen Blumenorden zu Nürnberg aufgenommen"" - gnd, 24.12.2020",piz,female,+,https://d-nb.info/gnd/142887293
329700,Bisyu Osafune Sukemitsu,Bisyu Osafune Sukemitsu,,,Berühmter Schwertschmied der Osafune-Schule. Arbeitete um 1450.,piz,male,-,
183677,Max Schaper,Max Schaper (1862-1896),1862,1896,"Dr. phil., Oberlehrer an der Ritterakademie in Brandenburg an der Havel
[Quelle: Heike Köhler: Frauen in Kunst und Gesellschaft im 19. / frühen 20. Jahrhundert. In: Historischer Verein Brandenburg Havel e.V. Jahresbericht 20 (2010/11 [2011]), S. 201-224, hier S. 216; Heiratsurkunde: Landesarchiv Berlin, Standesamt Charlottenburg, Heiratsregister, Reg.-Nr. 525/1895 ]",piz,male,+,
300861,Carl Braun Camerawerk Nürnberg,Carl Braun Camerawerk Nürnberg,,,"Das Carl Braun Camerawerk Nürnberg, gegründet 1915, war ein deutscher Hersteller von Kameras und Diaprojektoren. 2000 meldete das Unternehmen Insolvenz an und firmiert seit 2004 unter dem Namen Braun Photo Technik GmbH. Seit 2016 ist es eine Marke der Reflecta GmbH in Eutingen. - (https://de.wikipedia.org/wiki/Braun_Photo_Technik, 08.06.2025)",kif,,+,
278713,Verlag Robert Fleischer,Verlag Robert Fleischer,,,Ansichtskartenverlag in Brandenburg an der Havel (um 1914),kif,,+,
316070,Peters Postkarten-Verlag,Peters Postkarten-Verlag,,,Ansichtskartenverlag in Düren (nachgewiesen 1906),kif,,+,
21691,Feddersen und von Herder (Architekturbüro),Feddersen und von Herder (Architekturbüro),,,"1973 gegr. Berliner Architekurbüro, später Feddersen, von Herden & Partner, seit 2002 Architekturbüro feddersenarchitekten",kif,,+,
307289,Adelheid Königs,Adelheid Königs,,,1906 Briefverfasserin in Berlin,piz,female,,
75116,Friedrich Sik,Friedrich Sik (1890-),1890,,"Friedrich Sik, geboren um 1890 in Sika, war ein estnischer Bauer, der während des Ersten Weltkriegs im Kriegsgefangenenlager Gießen interniert war.",piz,male,+,
3046,VEB Glühlampenwerk Eisenach,VEB Glühlampenwerk Eisenach,,,Glühlampenwerk in Eisenach.,kif,,+,
21068,Kaiser & Cie. Pirmasens,Kaiser & Cie. Pirmasens,,,"Schuhfabrik in Pirmasens, 1925 in der Buchsweilerstraße 3; 2016: Peter Kaiser Schuhfabrik GmbH, Lemberger Straße 46, 66955 Pirmasens",kif,,+,
126200,Alois Leykum,Alois Leykum (1801-1855),1801,1855,"Alois Leykum war ein Österreichischer Lithograph, Kunstdrucker u. -händler in Wien. Sein Spezialgebiet war der Druck von Farblithographien. Nach seinem Tod führte die Ehefrau Barbara Leykum das Geschäft fort. (http://d-nb.info/gnd/133207366 22.07.2020)",piz,male,+,https://d-nb.info/gnd/133207366
157475,Franziskus Schmale,Franziskus Schmale,,,Nadelfabrikant aus Iserlohn-Calle.,piz,,+,
23851,Anton Schmidt (Mühlenbesitzer),Anton Schmidt (Mühlenbesitzer),,,Mühlenbesitzer in Hettenshausen.,piz,,+,
64936,Elisabeth Hartknoch,Elisabeth Hartknoch,,,Erbte den Verlag Hartknoch von ihrem ersten Ehemann Georg Hartknoch und übertrug ihn 1834 ihrem zweiten Gatten Carl Otto Baumann.,piz,female,+,http://d-nb.info/gnd/1073364607
64357,Carl Hamel AG,Carl Hamel AG,,,"1866 wurde die Spinn- und Zwirnereimaschinenfabrik „Carl Hamel AG“ von Anton und Carl Hamel als „Handwerksbetrieb Carl und Anton Hamel“ in Chemnitz gegründet. Das Unternehmen konzentrierte sich zunächst auf die Herstellung von Ersatzteilen für Spinnmaschinen. In den 1870er Jahren konstruierten sie ihre erste eigene Maschine, eine Ringzwirnmaschine. Kurz darauf trennten sich die Brüder beruflich. Ab 1892 übernahm Carl Hamels Sohn Hermann die Firma. Seit 1896 hatte das Unternehmen ihren Sitz in Schönau bei Chemnitz, wo Maschinen für die Spinnerei und Zwirnerei hergestellt wurden.
1904 erfolgte die Umbenennung in „Carl Hamel AG“. In den folgenden Jahren folgte der Ausbau des Betriebs, der Spinn-, Zwirn- und Spulmaschinen fertigte. 
1933 schloss sich das Unternehmen mit anderen Textilmaschinenherstellern („Sächsische Webstuhlfabrik AG (Louis Schönherr)“ in Chemnitz, „Sächsische Textilmaschinenfabrik vorm. Richard Hartmann AG“ in Chemnitz, „Kettling & Braun Textilmaschinenfabrik und Eisengießerei“ in Crimmitschau) zur „Textil-Maschinen-Compagnie Chemnitz“ zusammen. 
Nach dem Zweiten Weltkrieg wurde die Carl Hamel AG enteignet und 1949 als „VEB Spinn- und Zwirnereimaschinenbau“ in den „VEB Kombinat Textima Karl-Marx-Stadt“ eingegliedert. Das Unternehmen konzentrierte sich auf die Produktion von Maschinen für die Verarbeitung von Chemiefasern. 1988 ging die Hamel AG an den Saurer-Konzern über.",kif,,+,http://d-nb.info/gnd/1048540669
39955,Dietrich Thilo (Schafzüchter),Dietrich Thilo (Schafzüchter),,,"Zuchtleiter für Schafzucht, unter anderem 1932 in Wolmirstedt.
Anschrift 1932: Berlin-Steglitz, Amfortasweg 11, Tel. Albrecht 7396.",piz,,+,
190100,James Schmall,James Schmall,,,Künstler in England,piz,male,+,
244804,Christiane Wendt,Christiane Wendt (1956-),1956,,"(*Hamburg 1956)

""Aufgewachsen in Hamburg, nach dem Abitur 1977 bis 1981 Studium Fachrichtung Schmuckdesign an der Fachhochschule für Gestaltung in Schwäbisch Gmünd. Hier seit dem Abschluss als Diplomdesignerin selbständig im eigenen Atelier."" - https://christianewendt.de/persoenlich/, 01.02.2026",piz,female,+,
48484,Wilhelm Felsing,Wilhelm Felsing,,,"""Carl Jakob Otto Felsing war der Sohn von Johann Heinrich Felsing. Felsing erlernte als erstes den Beruf des Kunstschlossers. Seine Ausbildung als Kupferdrucker und Kupferstecher erhielt er in der Werkstatt seines Vaters in Darmstadt.
Von 1852 bis 1857 befand sich Felsing zur Weiterbildung in London, danach arbeitete er in der Druckerei seines Vaters in Darmstadt. Im Jahr 1870 übernahm Felsing die Druckerei in Darmstadt von seinem Vater.
Felsing führte, mit seinen Söhnen Friedrich Felsing und Wilhelm Felsing, auch eine eigene Kupferstecher-Druckerei in München.
Im Jahr 1875 gründeten seine Söhne eine Firma („Hof-Kupferdruckerei und Nationaler Verlag Otto Felsing“) in Berlin-Charlottenburg. Die Druckerei in Darmstadt wurde im gleichen Jahr aufgegeben.
Ab dem Jahr 1881 leitet Wilhelm Felsing die Druckerei in Berlin und spezialisiert sie auf alle Verfahren des Tiefdrucks. Die nur reproduzierende Grafik trat dabei in den Hintergrund.
Viele bekannte Künstler ließen bei Felsing drucken; z. B. Lovis Corinth, Otto Greiner, Max Klinger, Käthe Kollwitz, Max Liebermann, Ernst Oppler, Max Slevogt und Heinrich Zille."" - Wikipedia (de) über Otto Felsing, 10.04.2020",piz,male,,
37583,Sophie Wolff,Sophie Wolff (1871-1944),1871,1944,"Bildhauerin und Zeichnerin, stammte aus einer jüdischen Bankiersfamilie in Berlin, die aber schon im Kaiserreich evangelisch wurde, zahlreiche Geschwister auch in künstlerischen Berufen, jüngere Schwester der Malerin Betty Wolff. Ausstellungsdebüt 1900 in der Berliner Secession als Mitglied. Gemeinsam mit Käthe Kollwitz 1904 bei Auguste Rodin in Paris, unter dessen Einfluss wandelte sie sich zur Bildhauerin, in der dortigen Bohème bis 1914 künstlerische Entwicklung, jedoch Rückkehr nach Berlin. 1919 und 1923 ausgestellt bei der Freien Secession, 1929-1934 Mitglied im Verein der Berliner Künstlerinnen und dort auf einigen Ausstellungen vertreten. Ebenso Mitglied im Lyceum-Klub, seit 1943 in stationärer Betreuung wegen psychischer Erkrankung. Bisher nur einzelne Kleinplastiken in Georg Kolbe Museum und Nationalgalerie Berlin und in Privatbesitz sowie vier Zeichnungen im Stadtmuseum Berlin bekannt, ohne dass ein Überblick über das Gesamtwerk zu gewinnen ist. Biographisches Material im Besitz von Nachfahren, Werkverzeichnis in Vorbereitung. [kl-bb]",piz,female,+,http://d-nb.info/gnd/1140543725
8252,Hedwig Müller-Kolms,Hedwig Müller-Kolms,,,"Keramikerin, Berlin",piz,female,+,
328465,Solms (Grethen),Solms (Grethen),,,Bürger und Commissaire zu Grethen 1793,piz,male,,
59658,Marcus Oppius Capito,Marcus Oppius Capito,,,"""Marcus Oppius Capito
Pro praetore praefectus classis des Marcus Antonius.
Zusammen mit L. Sempronius Atratinus (augur und consul designatus) und L. Calpurnius Bibulus (praetor designatus) verantwortlich für die sogenannte Flottenprägung der Jahre 38-35 v. Chr.
Lit.: T. R. S. Broughton, The magistrates of the Roman Republic II (1952) 402; RPC I 286 Nr. 1462-1470."" - https://ikmk.smb.museum/ndp/person/4063, 21.06.2020",piz,,+,
4266,Heinrich Kurt,Heinrich Kurt (1846-1938),1846,1938,"Bergwerksdirektor in Bitterfeld

Heinrich Kurt wurde vermutlich am 30. Mai 1846 in Frankfurt geboren. 1878 kam er als Direktor der Steinzeugfirma Richter & Co. nach Bitterfeld. Spätere leitete Kurt ein Braunkohlengrube im Bitterfelder Revier, war zudem als Grubenvorstand im rheinischen Bergbaurevier tätig. Kurt war Stadtverordneter in Bitterfeld und Mitglied zahlreicher Vereine. Am 1. Juli 1938 verstarb der Bergwerksdirektor i. R. Heinrich Kurt.",piz,male,+,
