75501,Josephe Hotchamps,Josephe Hotchamps (1891-),1891,,"Josephe Hotchamps, geboren am 27.1.1891 in Liège, war ein französischer Restaurantleiter, der während des Ersten Weltkriegs im Kriegsgefangenenlager Göttingen interniert war.",piz,,+,
329389,Waltraut Holländer,Waltraut Holländer (1928-2025),1928,2025,Mitglied des Freundeskreis Struwwelpeter Museum,piz,female,+,
313525,Charles Mitchell (Fotograf),Charles Mitchell (Fotograf),,,"Charles Mitchell war von 1891 bis 1914 ein Fotograf in Glasgow, wo er innerhalb seiner Laufbahn vier Fotostudios eröffnete.",piz,male,+,
122382,Friedrich Hermann (Bankier),Friedrich Hermann (Bankier),,,1866 Direktoriumsmitglied der Leipziger Bank,piz,male,+,
267672,Carl Samuel Struck (Buchdrucker),Carl Samuel Struck (Buchdrucker),,,Carl Samuel Struck wird als Hof-Buchdrucker in Wernigerode geführt (nachgewiesen1797).,kif,,+,
75855,Carl Friedrich Zürner,Carl Friedrich Zürner,,,Bruder von Adam Friedrich Zürner,piz,male,+,
74778,Spyridon Jamburwnis,Spyridon Jamburwnis (1893-),1893,,"Spyridon Jamburwnis, geboren 1893 in Souli, war ein griechischer Hirte, der während des Ersten Weltkriegs im Kriegsgefangenenlager Görlitz interniert war.",piz,male,+,
214357,Anton Nuss,Anton Nuss,,,"Maler, vermutlich in Berlin (1936 nachgewiesen, in diesem Jahr jedoch nicht im Berliner Adressbuch genannt)",piz,male,+,
48404,Fotoatelier C.J. Ophoven,Fotoatelier C.J. Ophoven,,,"Fotoatelier in
- Lippstadt (ab 1856)
- Paderborn, Wilhelmstraße (1877, nur bis Oktober des Jahres)
- Paderborn, im Garten des Brauereibesitzers Klapmeyer, Liboristraße A 124 (später umbenannt in Liboristraße Nr. 5), ab Mai 1882 bis 1896. Filiale wohl geführt von Aloys Ophoven (Sohn).

""Friedrich Aloys Ophoven wurde am 25.8. 1857 als zweiter Sohn des Photographen Carl Joseph Ophoven und dessen Frau Sophia Wulff in Lippstadt geboren. Sein Vater führte dort seit 1856 ein Photographen-Geschäft. 1877 übernahm Carl Joseph Ophoven das Atelier von Herr Alexander in Paderborn und schloss es im gleichen Jahr wieder. Erst 1882 wagte er einen zweiten Versuch mit einem Atelier in der Liboristraße. Es existierte bis 1896 und sein Sohn Aloys führte das Geschäft. Der neue Standort in der Bahnhofstraße 18 findet sicher erstmals im Adressbuch von 1898. Um 1930 wurde es vermutlich geschlossen. Aloys eröffnete außerdem 1900/1901 eine Filiale in Sennelager, die bis 1920 bestand. Aloys Ophoven war verheiratet mit Katharina Berger aus Münster und hatte mir ihr drei Kinder. Er starb am 23.3. 1933."" (Gaidt: Die Anfänge der Photographie in Paderborn; Westfäl. Zeitschricht 34, 1999, S. 336ff.)",kif,,+,
20929,Mary Anne Faulkner (Sängerin),Mary Anne Faulkner (Sängerin),,,"Sängerin, aktiv um 1750",piz,female,+,
273555,Quidde & Müller (Fotoatelier/Verlag),Quidde & Müller (Fotoatelier/Verlag),,,"Berliner Fotoatelier/Verlag, um 1900.",kif,,+,
132380,Johann Fabritius,Johann Fabritius (1560-1637),1560,1637,"""Dt. ev. Theologe; Prediger und Pastor an St. Sebald in Nürnberg"" - gnd, 01.06.2021",piz,male,+,https://d-nb.info/gnd/128429070
213631,Wilhelm Arnold,Wilhelm Arnold (1888-1942),1888,1942,Fotograf in Freyburg (Unstrut),piz,male,+,
113549,Ursula de Weerth,Ursula de Weerth (1670-1735),1670,1735,"Ursula de Weerth (08. April 1670 - 2. Februar 1735), geborene Kirberg, war die Ehefrau des Elberfelder Bürgermeisters Werner de Weerth.",piz,female,+,
63372,Soldaten-Siedlungsverband Kurland,Soldaten-Siedlungsverband Kurland,,,deutsches Freikorps im Baltikum nach dm Ersten Weltkrieg,kiz,,+,
82930,Franz Joseph Kratschmann,Franz Joseph Kratschmann (-1845),,1845,"Josef Franz Kratschmann war ein Geigenbauer und Lautenmacher in Znaim. Er lebte dort von 1799 bis 1845.

Er war mehr als Gitarren- und Zithermacher bekannt, hat aber auch recht gute Geigen gebaut, die jetzt meist als Werke anderer, berühmter Geigenmacher im Verkehr sind. In ihrer Art ähneln seine Geigen den Wiener Instrumenten dieser Zeit, obwohl sie in Graslitz gearbeitet sind. Später zeichnete er seine Werke mit „Geigen- und Guitarmacher 1831 in Reichenberg“.",piz,male,+,
232287,Hans Weber (Fotograf),Hans Weber (Fotograf) (1889-1964),1889,1964,Hans Weber (1889-1964) - Mitarbeiter der Städtischen Lichtbildstelle Potsdam in den 1930er Jahren.,piz,male,+,
67706,VEB Verlag Sprache und Literatur,VEB Verlag Sprache und Literatur,,,VEB Verlag Sprache und Literatur Halle,kif,,+,
2751,Wildvogel Pflegestation Kirchwald (Mayen),Wildvogel Pflegestation Kirchwald (Mayen),,,Im Herbst 1983 gegründete Pflegestation für Wildvögel,kiz,,+,
23210,Germano Grethel (Mühlenbesitzer),Germano Grethel (Mühlenbesitzer),,,1913 Bauherr einer Dampfmühle in Bom Retiro (Brasilien),piz,male,+,
23657,Paul Daske (Mühlenbesitzer),Paul Daske (Mühlenbesitzer),,,Um 1899 Mühlenbesitzer in Burg bei Magdeburg,piz,,+,
315491,Ingo Mewes,Ingo Mewes (1965-),1965,,"Objektentwickler und Puppenbauer. Seit 2005 leitet er an der HfS „Ernst Busch“ die Werkstatt mit dem Schwerpunkt Metallbearbeitung, Mechanische Objekte und Bühnenbauten und als Dozent Seminare zur Werkstattlehre.

Quelle: https://tdz.de/person/1c0aacc7-9d22-408e-a6d1-ab0f6a0a92d4 (Stand: 07.04.2025)",piz,male,+,
237775,Victor Gerber,Victor Gerber (1878-1954),1878,1954,"Ingenieur in Berlin, 1912 in die USA ausgewandert, lebte dann in Philadelphia",piz,male,+,
255144,Papierflieger Offsetdruck GmbH,Papierflieger Offsetdruck GmbH,,,Druckerei in Clausthal-Zellerfeld (nachgewiesen 2006),kif,,+,
312725,Staatliche Fachgewerbeschule Seiffen,Staatliche Fachgewerbeschule Seiffen,,,Schule zur Ausbildung von Spielzeugmachern und Drechslern.,kif,,+,
62928,Druckerei Carl von der Linnepe,Druckerei Carl von der Linnepe,,,Druckerei in Lüdenscheid,kif,,+,
163293,Christian Mätzschke,Christian Mätzschke (-1688),,1688,Maler und Radierer aus Kamenz,piz,,+,
278717,Kupfer & Mohrenwitz,Kupfer & Mohrenwitz,,,"1867 als Nähseidenfabrik Kupfer gegründet. Nähseidenfabrik in Bamberg. Die Firma Kupfer & Mohrenwitz Monopol Textilwerk in der Luitpoldstraße 40 wurde Ende 1938 durch die Porzellanfabrik Schmidt und Winterling aus Windischeschenbach arisiert. Nach dem 2. Weltkrieg wurde die Firma treuhänderisch weitergeführt.
1963 bezog die junge, kleine jüdische Gemeinde die Räumlichkeiten der ehemaligen Seidenfabrik Kupfer, Mohrenwitz und Hesslein.
Nachdem die Nachkommen und Rechtsnachfolger der letzten Besitzerin der Fabrik, Leonie Kupfer, die 1943 nach Theresienstadt deportiert unddort von den Nationalsozialisten ermordet wurde, der jüdischen Gemeinde, die 1943 auf schändliche Weise ausgelöscht wurde, die Nutzung der Fabrik überließen, kam es zu einer bescheidenen Wiederbelebung des jüdischen Lebens.",kif,,+,
7787,Emil Krafft,Emil Krafft (1802-),1802,,"Historien- und Porträtmaler und Lithograf in Berlin, dort nachweisbar 1824-1859",piz,male,+,http://d-nb.info/gnd/132382113
200635,Gießer Spang,Gießer Spang,,,"Glockengießer, aktiv um 1862.",piz,,+,
42930,Heinrich Benno Meisner,Heinrich Benno Meisner (1849-1929),1849,1929,"""Historiker, Philosoph, Bibliothekar, Germanist"" - gnd, 10.04.2018",piz,male,+,https://d-nb.info/gnd/116863935
22534,Orgelbauanstalt Wilhelm Rühlmann,Orgelbauanstalt Wilhelm Rühlmann,,,"Die Orgelbauanstalt Rühlmann wurde 1842 durch den aus Thüringen kommenden Friedrich Rühlmann in Zörbig gegründet. 1866 übernahm Wilhelm Rühlmann das Unternehmen vom Vater. Bis dahin wurden nur sechs Orgelinstrumente gebaut. Erst anschließend entwickelte sich die Bauanstalt zu einem bedeutendem Unternehmen. 1907 wurde der Sohn Wilhelm Rühlmann jun (1882–1966) in den Betrieb aufgenommen, welcher die Werkstatt nach dem Tod des Vaters fortführte.",kif,,+,
273616,"Reinh. Stertzing, Photogr. (Ansichtskartenverlag)","Reinh. Stertzing, Photogr. (Ansichtskartenverlag)",,,"Ansichtskartenverlag (und Fotoatelier?) in Berlin N58, Schliemannstraße 35. Nachgewiesen für erste Hälfte der 1920er Jahre.",kif,,+,
94279,Anna Dancing Bár,Anna Dancing Bár,,,Tanzbar in Budapest.,kif,,+,
120028,"Camerer, Kuss & Co","Camerer, Kuss & Co",,,""" Zu den bekanntesten Schwarzwaldengländern zählt die Uhrenhandlung Camerer, Kuss & Co. mit Ihren Teilhabern. Die Wurzeln des Uhrengeschäftes reichen zurück bis zum Ende des 18. Jahrhunderts, als sich in dem einst bedeutenden Uhrmacherdorf Neukirch, damals Amtsbezirk Triberg, der Schwarzwälder Andreas Kamerer aufmachte in England Uhren zu verkaufen.
Das Sortiment des Ladengeschäftes bediente in der zweiten Hälfte des 19. Jahrhunderts alle Käuferschichten. Die Großuhren, ob Wand-, Tisch- oder Kuckucksuhren, sind hauptsächlich Importware aus dem Schwarzwald. Anderster verhält es sich mit den Taschenuhren. Diese sind zumeist englische, amerikanische oder schweizer Fabrikate die in London noch den letzten Schliff wie Gravur und Vergoldung erhielten. ... Die Firma Camerer Kuss & Co. hatte in London mehrere Filialen. Neben der in der Oxford Street bestand eine weitere in der Broad Street Nr. 2. im ehemaligen Ortsteil Bloomsbury. "" - https://www.heimatmuseumschwarzwald.de/uhren/camerer-kuss-co/, 30.05.2020",kif,,+,
254856,Elisabeth Classen,Elisabeth Classen (1887-1978),1887,1978,"als ""Tante Illchen"" bekannt, Sterbeort Niederaula",piz,female,+,
199820,Carl Friedrich Schönberg,Carl Friedrich Schönberg,,,Goldschmied in Nürnberg.,piz,male,+,
121780,Jean Faubert (Münzdirektor),Jean Faubert (Münzdirektor),,,Münzdirektor in Paris um 1712.,piz,male,+,
16790,Fritz Fröhlich (Lithograf),Fritz Fröhlich (Lithograf) (1928-2006),1928,2006,"Fritz Fröhlich wurde am 14. Juni 1928 in Zeitz geboren. Er absolvierte eine Lehre als Farblithograf. Studium und langjährige Tätigkeit verbanden ihn mit der Hochschule für Grafik und Buchkunst in Leipzig. Er schuf Auftragswerke für die Ministerien der DDR. 1988 erhielt er den Kunstpreis der DDR.
Am 26. Dezember 2006 verstarb er in Sofia.",piz,male,+,
182812,Gemeindeverwaltung Ech-sur-Alzette,Gemeindeverwaltung Ech-sur-Alzette,,,Gemeindeverwaltung der Stadt Ech-sur-Alzette (Esch an der Alzette) in Luxemburg,kio,,+,
185943,Walter Bludau,Walter Bludau,,,Modellbauer aus Gera,piz,male,+,
98431,Edi (Spiele),Edi (Spiele),,,"Spielehersteller in Westdeutschland, nachgewiesen für 1950er Jahre.",kif,,+,
324056,Maria Müller (Beigelbeck),Maria Müller (Beigelbeck) (1934-),1934,,"geb. Beigelbeck, Stifterin, Tochter von Franz und Antonia Beigelbeck (geb. Führinger), geboren in Großturwall/Törökbálint (Ofener Bergland, Ungarn). Die Familie wurde im Januar 1946 aus Ungarn vertrieben.",piz,female,+,
180353,Dieter Thierse,Dieter Thierse (1929-),1929,,"""1929-, ehem. Leiter d. Techn. Abteilung d. Ruhrkohle AG"" - gnd, 10.01.2026",piz,male,+,https://d-nb.info/gnd/189555165
169873,F. Küppersbusch & Söhne (Herdfabrik),F. Küppersbusch & Söhne (Herdfabrik),,,Friedrich Küppersbusch gründet 1875 weltweit die erste Herdfabrik „F. Küppersbusch & Söhne“ im Gelsenkirchener Stadtteil Schalke und startet mit der handwerklichen Fertigung von Kohleöfen.,kif,,+,
24304,A. Faber (Mühlenbesitzer),A. Faber (Mühlenbesitzer),,,Um 1910 Mühlenbesitzer in Ifta bei Creuzburg,piz,,+,
166121,G. Furios,G. Furios,,,"""G. Furios
Magistrat in Pitane/Mysien unter Nero zwischen ca. 54 und 59 n. Chr.

Lit.: W. Leschhorn, Lexikon der Aufschriften auf griechischen Münzen II (2009) 883; RPC I 406 f. Nr. 2394-2395."" - https://ikmk.smb.museum/ndp/person/11794",piz,,+,
122839,Caspar Ayrer,Caspar Ayrer (1561-1636),1561,1636,"""Ayrer, Caspar (1561-1636?)
Münzmeister in Frankfurt am Main 1618 bis 1636. Münzmeisterzeichen AE sowie Kratzeisen.
1620: Arbeitet mit Georg Nürnberger. 
1625: Ende der Zusammenarbeit mit Cousin Hans Jakob Ayrer.
Ab 1625 nur Münzzeichen Ayrers. 
Ab 1626 meist Hans Schmidt. 
Von 1627 bis 1636 Ayrer und Schmidt gemeinsam. Münzmeister auf Lebenzeit.
Lit.: P. Joseph - E. Fellner, Die Münzen von Frankfurt am Main (1896) 210."" - https://ikmk.smb.museum/ndp/person/1577, 15.10.2021",piz,male,+,http://d-nb.info/gnd/1188992538
16336,Rat des Bezirkes Magdeburg,Rat des Bezirkes Magdeburg,,,Leitdende Verwaltungsbehörde des DDR-Bezirks,kio,,+,https://d-nb.info/gnd/128387542X
204599,Alb. Urbahn & Comp.,Alb. Urbahn & Comp.,,,"""1879 gründete Albert Urbahn (1851-1939) die Alb. Urbahn & Comp., Remscheid-Güldenwerth.

1920 wurde die Marke ‚Aurowa’ eingeführt, unter der das Unternehmen 1929 mit der Fabrikation elektrischer Handbohrmaschinen begann. 1954 folgten ‚elektrische Universal-Kurvenschneidmaschinen’. 1961 wurde der Faustbohrer ‚Bisolette’ für den iF product design award nominiert.

Im Sommer 1966 ging die Firma in Konkurs."" - https://www.jettmar.at/marken/aurowa/, 19.06.2022",kif,,+,
188998,Motorola Deutschland,Motorola Deutschland,,,Vertrieb von elektronischen Komponenten und Geräten.,kif,,+,
23129,Karl Hauke,Karl Hauke (1831-1896),1831,1896,Absolvent der Bergschule Eisleben,piz,male,+,
63167,Johann von Salm-Grumbach,Johann von Salm-Grumbach (1582-1630),1582,1630,"""Johann von Salm-Grumbach[14] (1582–1630) ∞ Anne Juliane von Mansfeld-Hinterort (* 1591) (Haus Mansfeld), Tochter von Ernst III. (Mansfeld-Hinterort) (1561–1609)"" - https://de.wikipedia.org/wiki/Stammliste_der_Rheingrafen#Linie_Salm-Grumbach, 07.11.2018",pik,male,+,
259820,"Männer-Gesangverein ""Eintracht"" Berlin-Friedrichsfelde","Männer-Gesangverein ""Eintracht"" Berlin-Friedrichsfelde",,,Männer-Gesangverein in Berlin-Friedrichsfelde (nachgewiesen 1928),kim,,+,
172191,Verlag Friedrich Junge (Langensalza),Verlag Friedrich Junge (Langensalza),,,Verlag in Langensalza.,kif,,+,
118334,Bhairan Sing,Bhairan Sing,,,"Bhairan Sing, geboren um 1880 in Keora, war ein indischer Landmann, der während des Ersten Weltkriegs im Kriegsgefangenenlager Wünsdorf interniert war.",piz,male,+,
54233,Verlag Heinrich Korff,Verlag Heinrich Korff,,,Verlag von Heinrich Korff in Oberammergau,kif,,+,
244474,Erika Stephan,Erika Stephan (1929-2018),1929,2018,"Theaterkritikerin, Hochschullehrerin
Hochschuldozentin an der Theaterhochschule „Hans Otto” in Leipzig, arbeitete frei u.a. für ""Theater der Zeit"", ""Theater heute"" und die ""Thüringer Allgemeine""

GND: 1186078170",piz,female,,
234137,Heinrich Sieling,Heinrich Sieling,,,"""Drucker, Wurde am 26.11.1849 in Naumburg eingebürgert"" - gnd, 05.09.2023",piz,,+,https://d-nb.info/gnd/1037553284
4959,Uhren- und Maschinenfabrik Ruhla,Uhren- und Maschinenfabrik Ruhla,,,"Uhren- und Maschinenfabrik Ruhla, vorm. Gebr. Thiel",kif,,+,
232966,Ludwig Urack,Ludwig Urack,,,Deutscher Maler des 20. Jahrhunderts. Er malte Landschaften und Städteansichten,piz,male,+,
252586,John Milton (Medailleur),John Milton (Medailleur) (1759-1805),1759,1805,"""Milton, John (19.07.1759 - 11.02.1805)
Medailleur. Von März 1787 bis März 1797 als dritter Stempelschneider an der Royal Mint tätig.
Lit.: T. Stainton, British Numismatic Journal 1983, 133-154."" - https://ikmk.smb.museum/ndp/person/10315, 04.01.2026",piz,male,+,
115147,Matthias Mann (Druckerei),Matthias Mann (Druckerei),,,Grafikdrucker in Chemnitz. Nachgewiesen für 1994.,kif,male,+,
187509,"Richard Hölzel GmbH, Buch- und Akzidenzdruckerei, Leipzig","Richard Hölzel GmbH, Buch- und Akzidenzdruckerei, Leipzig",,,Druckerie in Leipzig.,kif,,+,
256684,H. Siedentopf (Kaffeerösterei),H. Siedentopf (Kaffeerösterei),,,"Kaffee-Großrösterei in Bremen

1875 in Bremen gegründete Familienunternehmen H. Siedentopf begann als Gummisiederei und wurde nach der Übernahme 1928 durch den Eduscho-Gründer Eduard Schopf zur Kaffee-Großrösterei aufgebaut. Nach der Übernahme der Marke durch Tchibo wandelte sich die H. Siedentopf GmbH & Co. KG zur Immobilienholding mit Sitz in Bremen.",kif,,+,
329505,Josef Schüller (Orthopäde),Josef Schüller (Orthopäde) (1900-),1900,,Prof. Dr. med. Dr. med. dent. Josef Schüller war Arzt und Orthopäde.,piz,male,,
75272,Jwan Schatajeff,Jwan Schatajeff,,,"Jwan Schatajeff, geboren um 1889 in der Nähe von Saransk, war ein russischer Bauer, der während des Ersten Weltkriegs im Kriegsgefangenenlager Puchheim interniert war.",piz,male,+,
297477,Helmut Romeick,Helmut Romeick (1913-1990),1913,1990,"Helmut Romeick (01.03.1913 in Magdeburg - 07.08.1990 in Frankfurt a. M.) war ein deutscher Architekt.
--------
""Studium der Architektur, zunächst (1930-32) an der TH München, dann an der TH Stuttgart bei Paul Bonatz (1877-1956) und schließlich (ab 1934) in Danzig, abgeschlossen 1935 mit Diplom. Von 1937 bis 1938 Tätigkeit bei dem Architekten und Regierungsbaumeister Hans Geber (1889-1973). Dort lernte R. seinen späteren Büropartner Max Meid (1910-2009) kennen."" - https://frankfurter-personenlexikon.de/node/8902, 17.03.2025
--------
Historische Adress-Informationen: 
DWB-Mitgliederverzeichnis 1953:
Dipl.-Ing., Architekt, Frankfurt a.M., Wolfgangstr. 104",piz,male,+,https://d-nb.info/gnd/1248272218
328621,Hanna Hempel,Hanna Hempel,,,"deutsche Schauspielerin, tätig 1939-1958",piz,female,,https://d-nb.info/gnd/117375217
328277,Rudolf Maass,Rudolf Maass (1893-1945),1893,1945,"Rudolf Maass war ein Schauspieler und Oberstleutnant.
GND: 1036434494",piz,male,+,https://d-nb.info/gnd/1036434494
2238,Merian Erben (Matthäus Merians selige Erben),Merian Erben (Matthäus Merians selige Erben),,,"Verleger in Frankfurt/Main 1650 - 1727
Matthäus Merian der Ältere (* 22. September 1593 in Basel; † 19. Juni 1650 in Langenschwalbach) war ein schweizerisch-deutscher Kupferstecher und Verleger. Nach seinem Tod übernahmen seine beiden Söhne Matthäus und Caspar den Verlag und gaben unter dem Namen Merian Erben seine Werke weiter heraus. (wikipedia)",kif,,+,http://d-nb.info/gnd/6009670-6
146699,"Verlagsanstalt Buntdruck, Wilhelm Kraus","Verlagsanstalt Buntdruck, Wilhelm Kraus",,,Verlag in Berlin.,kif,,+,
114141,Virginia Dulon,Virginia Dulon (1910-2002),1910,2002,"""Deutsche Schauspielerin und zweite Ehefrau Ernst Heinrich von Sachsens"", - wikipedia-Eintrag zu Ernst Heinrich von Sachsen, 21.04.2021",piz,female,+,
310104,Kunstanstalt und Verlag G. Löwensohn,Kunstanstalt und Verlag G. Löwensohn,,,"Druckerei und Verlag, 1844 gegründet von Gerson Löwensohn in Fürth",kif,,+,
23797,Schulze & Hoppe,Schulze & Hoppe,,,Betreiber der Klostermühle Spandau. Nachgewiesen für Zeit um 1910,kif,,+,
243419,Martin Hildenbrand,Martin Hildenbrand,,,"Badearzt in Bad Salzuflen, ca. 1959/90",piz,male,+,
31886,Christus König Kirchengemeinde (Krefeld),Christus König Kirchengemeinde (Krefeld),,,Kirchengemeinde in Krefeld-Verberg.,kiv,,+,
140826,Sabine Trebinjac,Sabine Trebinjac,,,Nachgewiesen 1988/89,piz,female,,
5456,VEB Kombinat Berliner Verkehrsbetriebe (BVB),VEB Kombinat Berliner Verkehrsbetriebe (BVB),,,Nahverkehrsunternehmen in Ost-Berlin während der DDR,kif,,+,
1608,Herzoglich Sachsen-Meiningsche Hof-Schokoladen- und Kakao-Fabrik Robert Berger,Herzoglich Sachsen-Meiningsche Hof-Schokoladen- und Kakao-Fabrik Robert Berger,,,"Chokoladen- und Zuckerwarenfabrik Robert Berger (Gründungsname)
Herzoglich Sachsen-Meiningsche Hof-Schokoladen- und Kakao-Fabrik Robert Berger (Pößneck)
1876 - 1955",kif,,+,http://d-nb.info/gnd/10202972-6
50650,Simon Köfferl,Simon Köfferl (1545-1585),1545,1585,"""Simon Köfferl (Köfferlein)
Nürnberger Rechenmeister des 16. Jahrhunderts.

* 1545? ; † 21.11.1585 in Nürnberg (Beerdigung)"" - https://www.astronomie-nuernberg.de/index.php?category=personen&page=koefferlein-simon, 09.05.2020",piz,male,+,
197992,"Verlag Der goldene Schnitt, Wien","Verlag Der goldene Schnitt, Wien",,,Verlag in Wien. Nachgewiesen für 1941.,kif,,+,
24233,Fr. Heite (Mühlenbesitzer),Fr. Heite (Mühlenbesitzer),,,um 1888/89 Besitzer einer Wassermühle in Lüderitz (bei Stendal),piz,,+,
124102,Albert Gallatin,Albert Gallatin (1880-1965),1880,1965,"""Gallatin, Albert (08.01.1880 - 01.09.1965)
Archäologe, Numismatiker und Sammler.
Mitglied im Vorstand der American Numismatic Society. Empfänger der Huntington Medal im Jahre 1941."" - https://ikmk.smb.museum/ndp/person/8560, 12.07.2020",piz,male,+,https://d-nb.info/gnd/173751652
193289,Kopp & Haberland,Kopp & Haberland,,,"""... 17. Dezember 1871
Bankier Kopp und der ehemalige Werkmeister Haberland gründen die Oschatzer Waagenfabrik Kopp & Haberland, die zur damaligen Zeit Dezimal-, Tafel-, Vieh- und Fuhrwerkswaagen produziert. ..."" - https://www.oschatzer-waagen.de/de/historische-entwicklung, 18.02.2022

1871
Am 17. Dezember gründet der Bankier und Kaufmann Ernst Moritz Kopp gemeinsam mit dem Mechaniker Carl Albert Haberland in der Bahnhofstraße die Firma „Kopp und Haberland, Brücken- und Tafelwaagenfabrik Oschatz“. Zur Absicherung der Arbeiter und Angestellten wird 1874 eine fabrikeigene Kranken- und Begräbnis-Unterstützungs-Kasse eingeführt.

1889 
Mitinhaber Haberland stirbt. Die Waagenfabrik bleibt in den Händen der Familie Kopp und behält den Firmennamen „Kopp & Haberland“.

1901
Der Betrieb wird erweitert und der Maschinenpark modernisiert. In der „Kopp’schen Knochenmühle“ produzieren die Arbeiter im Akkord, die Entlohnung ist schlecht. Ab 1905 verbessert der neue Inhaber Martin Moritz Kopp die Arbeitsbedingungen. Die Produktivität steigt, der Export nimmt zu.

1914–1918
Während des Ersten Weltkrieges arbeiten nur Frauen, Lehrlinge, Invaliden und rund 20 französische Kriegsgefangene im Betrieb. Sie müssen wöchentlich mindestens 1.000 Kisten für Munition anfertigen.

1919
Mit Gründung der „Gartengenossenschaft Kopp & Haberland“ erhalten Betriebsangehörige eine Gartenparzelle von 150 qm zur Selbstversorgung. Die Ernte des gemeinschaftlich genutzten Kartoffelfeldes wird gleichmäßig aufgeteilt. 

1932
Die Weltwirtschaftskrise führt zu Absatzeinbußen. Die Fabrik entlässt Arbeiter. Nach dem Tod von Martin Moritz Kopp wird seine Tochter Marie Sophie Ellen Kopp Inhaberin. Sie wandelt die Firma 1938 in die „Kopp & Haberland GmbH“ um.

1939/1940–1945
Der Betrieb stellt auf Rüstungsproduktion um. Nach Kriegsende wird er vollständig demontiert und das Betriebsvermögen beschlagnahmt. 

1946
Die Firma „Kopp & Haberland GmbH, Waagenbau Oschatz“ wird per Volksentscheid zugunsten des Landes Sachsen enteignet. Sie geht in das „Eigentum des Volkes“ über.",kif,,+,
114766,Ottilie Schott (Opernsängerin),Ottilie Schott (Opernsängerin),,,"""Ottilie Schott
Nachweiszeit: 1912
beruflicher Titel, Amtsbezeichung, Dienstgrad: Königlich Sächsische Hofopernsängerin
Beruf: Opernsängerin
- 1911/12 Ensemblemitglied der Dresdner Hofoper"" - http://sammlungsdatenbank-museen-dresden.de/de/entitySearch?artId=67887, 16.11.2020",piz,female,+,
258945,Carl Dreesbach (Druckerei),Carl Dreesbach (Druckerei),,,Druckerei in Remagen,kif,,+,
152998,Franz Hegemann,Franz Hegemann (1835-1913),1835,1913,Rendant der Sparkasse und Stadtvorsteher in Warstein,piz,male,+,
11213,Fotoatelier Victoria (Schöningen),Fotoatelier Victoria (Schöningen),,,"Fotoatelier in
- Schöningen, Bismarckstraße 17 (E. Schütze)",kif,,+,
204605,Johanna von Olfers,Johanna von Olfers (1824-1901),1824,1901,"Weiterer Name: Olfers, Nina von; Gräfin Yorck von Wartenburg. Tochter von Ignaz von Olfers, Schwester der Marie von Ofers, verheiratet mit Hans David Ludwig Yorck von Wartenburg",piz,male,+,
18153,Zupack (Firma),Zupack (Firma),,,Unternehmen der Verpackungsindustrie in Darmstadt,kif,,+,
136996,Elisabeth Magdalena zu Münsterberg-Oels,Elisabeth Magdalena zu Münsterberg-Oels (1562-1630),1562,1630,Herzogin von Liegnitz-Brieg und Münsterberg-Oels.,pik,female,+,http://d-nb.info/gnd/120063743
264752,"Charles E. Merrill, Publishing Company","Charles E. Merrill, Publishing Company",,,Verlag in den USA.,kif,,+,
301383,MOGLi Naturkost GmbH,MOGLi Naturkost GmbH,,,Die MOGLi Naturkost GmbH aus Berlin ist ein Grosshändler für nachhaltige Snacks in Bioqualität.,kif,,+,
100353,"Trojan, Marian József",Marian József Trojan (1931-2016),1931,2016,Hungarian painter and graphic designer.,piz,male,+,
32224,Bernhard Wilhelm Barkhaus,Bernhard Wilhelm Barkhaus,,,"Zinngießer, 2. Hälfte 18. Jahrhundert",piz,male,+,
232683,Friedrich Jakob Notter,Friedrich Jakob Notter,1777,1812,"Friedrich Jakob Notter (Calw 24.07.1777 - 1812), Sohn des Calwer Bankiers und Kaufmanns Johann Martin Notter und Justine Marie Notters, geb. Seybold. Heiratet 1799 Caroline von Naso (1780-1844), Tochter von Oberstleutnant Friedrich Gottlob von Naso und Maximiliane Henriette geb. von Wöllwarth. Hauptmann des 4. Königlich-Württembergischen Infanterieregiments; stirbt während des Russlandfeldzugs Napoleons 1812, nachdem er bei der Schlacht von Smolensk am Bein verwundet wird. Vater des Schriftstellers und Politikers Friedrich Notter (1801-1884), sowie von Marie Notter, verh. Weishaar (1802-1886), Maximilian Notter (1807-1829) und Elisabeth (Betty) Notter, verh. Märklin (1809-1903). GND: https://d-nb.info/gnd/138267081. (Quelle: Stadtarchiv Stuttgart 177/2 - Standesamt, Familienbücher, Bd. 4, Nr. 21; Stand: 01.08.2023)",pif,male,+,
4975,Ernst Müller (Maler),Ernst Müller (Maler) (1891-1973),1891,1973,Ernst Müller wurde 1891 in Osterode/Harz geboren. Er hatte ein Atelier für Landschaftsmalerei und Stillleben in der Wernigeröder Kaiserstraße 72. In der Reichskammer der bildenden Künste war er Mitglied.,piz,male,+,
135304,Adolf Saubert,Adolf Saubert (1635-1678),1635,1678,"""Dt. ev. Theologe; Prediger an St. Egidien in Nürnberg"" - gnd, 27.10.2023",piz,male,+,https://d-nb.info/gnd/116976349
114460,Friedrich Oskar Kunze,Friedrich Oskar Kunze (1831-1893),1831,1893,"""Friedrich Oskar Kunze

11.6.1831 Lengenfeld im Vogtland (Sachsen) - 22.12.1893 Dresden

Beruf: Stadtrat
Beruf: Jurist
Beruf: Bürgermeister

- Studium der Rechtswissenschaft
- nacheinander Bürgermeister in Lengenfeld, Mittweida und Großenhain (alle Sachsen)
- 1873-1892 Dresdner Stadtrat
- Grab auf dem Alten Annenfriedhof in Dresden-Südvorstadt"" - http://sammlungsdatenbank-museen-dresden.de/de/entitySearch?artId=52063, 10.05.2020",piz,male,+,
183501,Lutz Fahron,Lutz Fahron (1961-),1961,,"Numismatiker, Mitglied und Vorsitzender des Numismatischer Arbeitskreises Brandenburg/Preußen",piz,male,+,https://d-nb.info/gnd/1011512890
259645,Kirchenchorverband für Berlin und die Provinz Brandenburg,Kirchenchorverband für Berlin und die Provinz Brandenburg,,,Dachverband der evangelischen Kirchenchöre in Brandenburg und Berlin (nachgewiesen 1929),kim,,+,
156306,Seifen- und Glycerinfabrik Herrmann Otto Schmidt,Seifen- und Glycerinfabrik Herrmann Otto Schmidt,,,Seifen- und Glycerinfabrik Herrmann Otto Schmidt,kif,,+,
14524,Hugo Bermühler Verlag,Hugo Bermühler Verlag,,,Verlag mit Sitz in Berlin-Lichterfelde,kif,,+,
210397,Zeppelinpost-Arbeitsgemeinschaft e.V.,Zeppelinpost-Arbeitsgemeinschaft e.V.,,,"""Seit 1973 besteht die Zeppelinpost-Arbeitsgemeinschaft e.V. im Bund Deutscher Philatelisten."" - https://www.zeppelinpost-arge.de/ueber-zeppelinpost-arge/, 05.05.2024",kiz,,+,
267520,Kunstverlag Robert Hügel,Kunstverlag Robert Hügel,,,"Verlag R. Hügel, Berlin, Friedrichstraße 243 (um 1900-1920), gab Ansichtskarten heraus.",kif,,+,
260274,Friedrich Cramer,Friedrich Cramer,,,"Beamter an der Stadtbibliothek Frankfurt am Main; belegt 1871-1903.
Vollständiger Name: Johann Friedrich Cramer.
Quelle: Adressbuch Frankfurt am Main 1871-1903.",piz,male,+,
322959,Christlichsociale Arbeiterpartei,Christlichsociale Arbeiterpartei,,,Politische Partei im Deutschen Reich 1878-1881 (Nachfolger: Christlich-Soziale Partei),kiz,,+,https://d-nb.info/gnd/10091258-8
315831,Eisenbahnverein Hörde 1904,Eisenbahnverein Hörde 1904,,,"Verein in Dortmund-Hörde, gegründet 1904",kiz,,+,
325392,Elisabeth Bach,Elisabeth Bach (1929-),1929,,"geb. Koch, Elisabeth Bachs Eltern, Margarethe und Johann Koch, waren mittlere Bauern in Kalaznó. Das Dorf war rein deutsch und evangelisch. Die Mutter fertigte die gesamte Kleidung der beiden Töchter Elisabeth und Margarethe selbst an. Der Vater hatte einen Webstuhl, an dem er aus dem selbst angebauten Hanf Bettücher, Küchentücher und alle anderen benötigten Leinenwaren selbst herstellte. Die Familie wurde 1945 aus ihrem Haus vertrieben und 1948 offiziell ausgesiedelt. Sie kamen im Sommer 1948 ins Lager Pirna (SBZ), von wo sie nach wenigen Tagen nach Sebnitz „verteilt“ wurden.",piz,female,+,
189573,Kimbel & Friederichsen,Kimbel & Friederichsen,,,1897 von Wilhelm Kimbel in Berlin gegründete Firma für Innenausstattungen.,kif,,+,
25300,Wiener Spielwarenfabrik Emil Pfeiffer,Wiener Spielwarenfabrik Emil Pfeiffer,,,"Spielzeughersteller in Wien.
""Das Unternehmen wurde 1873 gegründet und stellte ab etwa 1880 auch Figuren für Kinder her. Nachdem wenig später die ersten Spielzeug-Eisenbahnen Einzug in die Kinderzimmer hielten, formte Pfeiffer hierfür beispielsweise Figuren für das Bahnpersonal und auch andere Figuren, die das Spiel mit einen Bahnhof lebendig wirken ließen. Die Materialien für solche Spielfiguren bestanden aus einer aus Sand, Müllereiabfällen und Kastanienmehl in ausrangierten Bäckermaschinen zusammengerührten Kompositionsmasse."" - Wikipedia über Emil Pfeiffer (Spielzeughersteller), 24.06.2017",kif,,+,
324724,Franz Weißbarth,Franz Weißbarth (1914-),1914,,lebte in Weprowatz; starb im Lager Karbonit in Russland,piz,male,+,
338939,Matthias Gasser,Matthias Gasser,1680,1746,"Tiroler Maler. Geboren in Dientenheim (Bruneck), seit 1713 tätig in Innsbruck. Porträtmaler. Angehöriger der Malerfamilie Gasser.",piz,male,+,
18653,Fotoatelier Julius Goebel,Fotoatelier Julius Goebel,,,"Fotoatelier (Hoffotograf) in
- Bad Ems, ""Haus Vichy""",kif,,+,
201165,Stadler Károly étterme,Stadler Károly étterme,,,Restaurant in Budapest,kif,,+,
134760,Heinrich XXXII. von Schwarzburg,Heinrich XXXII. von Schwarzburg (1499-1538),1499,1538,"""Einziger Sohn u. Nachfolger von Graf Günther XXII. (1455-1531); folgte 1527 in Rudolstadt u. 1531 in Arnstadt; seit 1527 lutherisch; führte um 1532 die Reformation in Rudolstadt ein, weshalb er der Reformator genannt wurde"" - gnd, 22.03.2022",pik,male,+,https://d-nb.info/gnd/1024115801
59502,Sisenna (Triumvir),Sisenna (Triumvir),,,"""Sisenna
Triumvir AAAFF, unter Augustus um 5 v. Chr."" - https://ikmk.smb.museum/ndp/person/3039, 20.10.2020",piz,,+,
300311,Kunstgewerbeschule Zürich. Fachklasse für Fotografie,Kunstgewerbeschule Zürich. Fachklasse für Fotografie,,,Die Fachklasse für Fotografie war Teil der Kunstgewerbeschule Zürich,kiz,,+,
189112,Fotoatelier August Fahrenberg,Fotoatelier August Fahrenberg,,,"Fotoatelier in
- Kiel, Flämische Straße 10",kif,,+,
183486,Phili... (Amisos-Peiraieus),Phili... (Amisos-Peiraieus),,,"""Magistrat in Amisos-Peiraieus/Pontos im 5./4. Jh. v. Chr.
Lit.: W. Leschhorn, Lexikon der Aufschriften auf griechischen Münzen II (2009) 868."" - https://ikmk.smb.museum/ndp/person/11905, 18.09.2021",piz,,+,
168378,R. Hodina Nachfg. H. Assmann (Wien),R. Hodina Nachfg. H. Assmann (Wien),,,Verlag für Ansichtskarten in Wien (nachgewiesen 1960),kif,,+,
27451,André Kahane,André Kahane,,,"Künstler, Sohn des Journalisten Max Kahane (1910-2004) aus erster Ehe",piz,male,,http://d-nb.info/gnd/111832810
192568,Emilie Kieslinger,Emilie Kieslinger,,,Autorin eines Buches über Krankenkost,piz,female,,
345727,Margarethe Ottermann,Margarethe Ottermann (1860-1940),1860,1940,"Malerin und Zeichenlehrerin in Berlin

Geburtsname: Elisabeth Margarethe Ottermann",piz,female,+,
130526,Guilliaume de Geijn,Guilliaume de Geijn (1610-),1610,,"""Kupferstecher - Geburtsort: Köln oder Antwerpen"" - gnd, 16.09.2024",piz,male,+,https://d-nb.info/gnd/1061197263
191008,Irmgart Sixt-Heyn,Irmgart Sixt-Heyn,,,Fachlehrerin an der Städtischen Höheren Frauenfachschule und dem Hauswirtschaftlichen Institut in München (GND); 1949 Herausgeberin eines Kochbuchs,piz,female,+,https://d-nb.info/gnd/1147776113
277545,"ASV ""Alte Elisabeth"" zu Freiberg e.V.","ASV ""Alte Elisabeth"" zu Freiberg e.V.",,,Akademische Sportverbindung in Freiberg/Sachsen (nachgewiesen 2012),kiz,,+,
281239,Sängerbund Feuerbach,Sängerbund Feuerbach,,,Gegründet 1839.,kim,,+,
152674,"Fotoatelier Atelier Victoria, Inhaber Paul Gericke (Berlin)","Fotoatelier Atelier Victoria, Inhaber Paul Gericke (Berlin)",,,"Fotoatelier in
- Berlin, Potsdamerstraße 34, nachgewiesen für 1902.",kif,,+,
254875,Gottlob Linke,Gottlob Linke,,,Gemeindeältester in Neuschönau (1746-1762),piz,male,+,
196148,Fotoatelier Bernhard Schery,Fotoatelier Bernhard Schery,,,"Fotoatelier in
- Sulzbach/Saar
Auch: Photografische Anstalt Bernhard Schery, Sulzbach bei Saarbrücken.",kif,,+,
266,Brauerei Landsberg GmbH,Brauerei Landsberg GmbH,,,gegr. 1996,kif,,+,
266199,Rudolf Straßner,Rudolf Straßner (1927-2013),1927,2013,"Ein saarländischer Komponist, der 1945 in Kriegsgefangenschaft der Russen ging. Er kam in das Straflager von Brjansk. Statt nach Sibirien transportiert zu werden, konnte er den Lagerverantwortlichen das Klavierspielen beibringen. Er sollte ebenfalls einen Chor für das Lager zusammenzustellen.",piz,male,+,
267793,Pelze Multimedia e.V.,Pelze Multimedia e.V.,,,Frauen*/Lesben-Kunst- und Aktionsraum in der Potsdamer Straße 139 in Berlin von 1981 bis 1996,kiz,,+,
10243,Werner Heuer (Steinmetzmeister),Werner Heuer (Steinmetzmeister),,,"Steinmetzmeister Werner Heuer, Grüner Weg 4, Wolmirstedt",piz,male,+,
17895,Kurt Brückner KG,Kurt Brückner KG,,,Firma in Berlin-Spandau,kif,,+,
114248,Traugott Demuth Graefe,Traugott Demuth Graefe (-1871),,1871,"""Traugott Demuth Graefe
- 3.1.1871 Pomponne in der Île-de-France nahe Paris
beruflicher Titel, Amtsbezeichung, Dienstgrad: Premier-Leutnant
Branche: Militär
Beruf: Offizier
- verwundet am 2.12.1870 bei Evrard (Deutsch-Französischen Krieg 1870/71, Schlacht bei Loigny und Poupry?)
- gestorben am 3.1.1871 bei Pomponne nahe Paris"" - https://sammlungsdatenbank-museen-dresden.de/de/object/31812, 19.06.2022",piz,male,+,
273956,Verlag F. Bytomski (Berlin),Verlag F. Bytomski (Berlin),,,"Herausgeber von Postkarten, Mittenwalderstr. 33, Berlin (um 1900).",kif,,+,
182598,Erich Schneider (Grafiker),Erich Schneider (Grafiker) (1903-),1903,,"Grafiker in Oschersleben (Lithografie, Linolschnitt)",piz,male,+,
20908,Verlag O. Peters (Jahnsdorf),Verlag O. Peters (Jahnsdorf),,,"(Ansichtskarten-) Verlag mit in Sitz: Jahnsdorf, Erzgebirge, belegt im 1. Weltkrieg; 
O.Peters ist evtl. identisch mit dem Malermeister Otto Peters, welcher 1921 in Jahnsdorf ein Lichtspieltheater eröffnete.",kif,,+,
64399,Hans-Jürgen Wegener,Hans-Jürgen Wegener (1941-2016),1941,2016,"Hans-Jürgen Wegener (25.01.1914 Magdeburg–08.07.2016 Weimar); 1957 Berufsausbildung zum Motorenschlosser; 1960 Arbeitsstelle beim Reichsbahnausbesserungswerk in Magdeburg; 1960er-Jahre: Erste künstlerische Arbeiten aus Metall und Emaille; 1965–1968 Ausbildung zum Zirkelleiter für Malerei und Grafik unter der Leitung von Wilhelm Paulke; 1968 Mitglied im Grafikzirkel des Klubhauses Georgi Dimitroff; Mitwirkung bei den Ausstellungen des Zirkels im Kulturhistorischen Museum Magdeburg; 1968–1971 Fernstudium an der Ingenieurschule für Maschinenbau und Elektrotechnik in Magdeburg; 1971–1986 Ingenieur beim VEB Schwermaschinenkombinat Karl Liebknecht Magdeburg, Abteilung Neuererwesen. 1979 Einzelausstellung in Magdeburg, Räume an der Wallonerkirche (früher Augustinerkirche).
1980–1984 Entwurf für ein bleiverglastes Fenster für die Kellerkirche der St. Philippus Gemeinde in Magdeburg-Reform; 1985–1986 Gestaltung eines neuen Siegels für die ev. Johannisgemeinde in Wernigerode; 1990 aktives Mitglied der Willibald-Pirckheimer-Gesellschaft. Am 8. Juli 2016 stirb Hans-Jürgen Wegener in Weimar. 
Neben Grafiken wie Radierungen und Holzschnitten schuf er Ölgemälde, Gouachebilder und nach der Jahrtausendwende auch am Computer generierte Drucke in sog. Pixie-Art. 
Seit Juli 2017 befinden sich 102 Grafiken als Schenkung der Tochter in der Sammlung des Börde-Museums Burg Ummendorf.",piz,male,+,
49256,Fotoatelier F. W. Schroeder,Fotoatelier F. W. Schroeder,,,"Fotoatelier in
- Dresden, Ecke Bautzner und Glacisstraße",kif,,+,
301123,"Whirley Industries, Inc.","Whirley Industries, Inc.",,,"Whirley Industries, Inc. ist ein US-amerikanisches Unternehmen mit Sitz in Warren, Pennsylvania, das seit den 1960er-Jahren besteht. Es ist auf die Herstellung von wiederverwendbaren Trinkbechern und Souvenir-Behältern für Freizeitparks, Kinos, Gastronomie und Veranstaltungen spezialisiert. Unter der Marke Whirley-DrinkWorks! produziert es personalisierbare Kunststoff- und Edelstahlprodukte, häufig mit dekorativen oder figürlichen Designs.",kif,,+,
96161,Österreichische Verkehrswerbung GmbH,Österreichische Verkehrswerbung GmbH,,,Nachfolgeorganisation der Österreichischen Fremdenverkehrswerbung,kio,,+,
130631,Ernst Philipp Thoman von Hagelstein,Ernst Philipp Thoman von Hagelstein (1657-1726),1657,1726,"""Schabkunststecher"" - gnd, 16.09.2024",piz,male,+,https://d-nb.info/gnd/1050482751
20644,Johann Seben Onnecken,Johann Seben Onnecken,,,Zinngießer des 19. Jhs. in Weener,piz,male,+,
213386,C. A. Berndt (Verlag),C. A. Berndt (Verlag),,,Ansichtskartenverlag in Ratibor,kif,,+,
30657,Peter Zarndt (Fotograf),Peter Zarndt (Fotograf),,,Fotograf in Fürstenwalde,piz,male,+,
254860,Helmut Classen,Helmut Classen (1910-1994),1910,1994,"lebte in Hohendodeleben, zeitweise Funkoffizier in der Handelsmarine",piz,male,+,
119931,A. Neininger (Uhrenschildmaler),A. Neininger (Uhrenschildmaler),,,Lackschildmaler aus Rohrbach bei Furtwangen. Nachgewiesen für Zeit um 1840.,piz,,+,
259210,Edwin C. Sprouse,Edwin C. Sprouse,,,"Edwin C. Sprouse diente während der Berliner Luftbrücke als Funker der US Air Force im Rang eines Staff Sergeant und war auf den Stützpunkten Rhein-Main und Faßberg stationiert. Im Zweiten Weltkrieg war Sprouse beim 379th Squdron der US Air Force eingesetzt, wo er 1944 von Großbritannien aus Angriffe gegen Deutschland flog.",piz,male,+,
315838,Muson GmbH,Muson GmbH,,,"Firma für die Entwicklung, Herstellung und Vermarktung sowie den Einzelhandel von Souvenirs und Merchandisingartikeln und die Beratung von Marken-, Einzelhandel- und Kulturinstitutionen. Sitz: Berlin (nachgewiesen 2025).",kif,,+,
328145,Fotoatelier J. B. Ciolina,Fotoatelier J. B. Ciolina,,,"Fotoatelier in
- Frankfurt am Main, Opernplatz 2a (Hof-Photograph der Kaiserin Friedrich), 1890er Jahre",kif,,,
332468,Albert Pierre Morger,Albert Pierre Morger (1920-1998),1920,1998,"Schweizer Kunstmaler (geboren am 28.11.1920 in Genf, gestorben 1998). Als selbständiger Textildesigner war Albert Pierre Morger so erfolgreich, dass seine Entwürfe in berühmten Pariser Modehäusern Beachtung fanden. Nach dem Tod seiner ersten Frau und unterstützt durch seine zweite Frau widmete sich Albert Pierre Morger fortan nur noch der Malerei. In seinem Atelier an der Churfirstenstrasse 17 in Horgen entstanden Bilder zu Themen wie Blumen, Landschaften oder Zirkuswelt, die ihn zeitlebens faszinierten. Später löste sich Morger von der rein bildlichen Wiedergabe, seine Bilder wurden hell und fröhlich, er liess die ganze Farbpalette aufleuchten. Wichtig war für ihn die Auseinandersetzung mit Johannes Ittens Farbenlehre. Grossflächige Blumenbilder und Landschaften zeugen von dieser Zeit, wurden zu seinem Markenzeichen. Sein Atelier befand sich an der Churfirstenstrasse 17, 8810 Horgen",piz,male,+,
69463,Commandit-Gesellschaft für Pumpen- und Maschinenfabrikation W. Garvens,Commandit-Gesellschaft für Pumpen- und Maschinenfabrikation W. Garvens,,,"""Im Jahre 1869 gründeten die beiden Brüder Wilhelm und Emil Garvens das Stammhaus, die „Commandit-Gesellschaft für Pumpen- und Maschinenfabrikation W. Garvens“ in Wülfel – einer damals eigenständigen Stadt – einem heutigen Stadtteil von Hannover. Die beiden führten das erfolgreiche Familienunternehmen bald zur Aktiengesellschaft von Weltruf. Garvens wurde weit über die Grenzen Deutschlands bekannt – als führender Hersteller und Anbieter von Qualitätswaagen und -pumpen für alle Sparten der Industrie."" - http://www.garvens-kalibrierlabor.de/unternehmen/historie.html, 08.07.2019",kif,,+,
9136,Georg Bujak,Georg Bujak,,,"Zeitzer Maler (1880 - 1955), lebte laut Einwohnerbuch der Stadt Zeitz für 1933/34 im Haus Neumarkt 27",piz,male,+,
280618,Weberei Drechsel & Co,Weberei Drechsel & Co,,,Die Chenilleweberei Drechsel & Co. wurde 1886 von Otto Drechsel und Louis Baunack in Lichtenstein/Sa. gegründet. 1959 wurde die Weberei in einen Betrieb mit staatlicher Beteiligung umgewandelt und 1971 liquidiert. Es erfolgt die Übernahme durch den VEB Möbelstoffwebereien Hohenstein-Ernstthal und die Nutzung als Zwirnerei und Spulerei.,kif,,+,
339276,Pauline Ballabene,Pauline Ballabene,,,"Malerin in Frankfurt (Oder), erw. 1895",piz,female,+,
5333,Franz Gebhardt Stolberg,Franz Gebhardt Stolberg,,,"Maler, nachgewiesen für 1670er Jahre.",piz,male,+,
128415,"Peller, Wilhelm Bartholomäus",Wilhelm Bartholomäus Peller (1611-1669),1611,1669,"""Wilhelm Bartholomäus Peller 
 primary name: Peller, Wilhelm Bartholomäus 
Details
 individual; German; Male 
Life dates
 1611-1669 
Biography
 Burgher in Nuremberg."" - https://www.britishmuseum.org/collection/term/BIOG252405, 21.03.2021",piz,male,+,http://d-nb.info/gnd/130840904
293082,"Woolworth GmbH, Frankfurt","Woolworth GmbH, Frankfurt",,,Niederlassung der Woolworth GmbH in Frankfurt.,kif,,+,
24068,W. Kaufmann (Mühlenbesitzer),W. Kaufmann (Mühlenbesitzer),,,Um 1902 Besitzer einer Wassermühle bei Ebeleben,piz,,+,
54639,Franz Dubbick,Franz Dubbick (1887-1986),1887,1986,"Landschaftsmaler, studierte an der Münchner Kunstakademie, zahlreiche Aufenthalte in Nordskandinavien, Finnland und Nordnorwegen. (https://de.krohne.com/de/unternehmen/krohne-gruppe/krohne-art/franz-dubbick/)",piz,male,+,
350372,Joh. Gassmann (Mühlenbesitzer),Joh. Gassmann (Mühlenbesitzer),,,Mühlenbesitzer in Heiligenstadt (nachgewiesen 1912),piz,male,+,
206330,Hermann Sewerin GmbH,Hermann Sewerin GmbH,,,"""Im Jahr 1908 gründet Hermann Sewerin in Gütersloh im Alter von 24 Jahren eine kleine Schlosserwerkstatt, in der er zunächst Türschlösser, -klinken, -schilder und Skulpturen für Grabstätten herstellt. Nach dem Ersten Weltkrieg fertigt Hermann Sewerin dort Milchzentrifugen („Gütersloher Sahna“), sowie Vergaser für Automobile und Motorräder („Einhorn“). ... Nach dem frühen Tod von Hermann Sewerin im Jahr 1941 führen die drei Söhne das Unternehmen weiter und entwickeln die Firma nach dem Zweiten Weltkrieg von einem Handwerksbetrieb zu einem Industrieunternehmen. Im Laufe der Jahre wird das Geräte- und Dienstleistungsprogramm, das vor allem den Versorgungsunternehmen angeboten wird, kontinuierlich erweitert."" - https://www.sewerin.com/unternehmen/historisches, 28.07.2022",kif,,+,
342093,Dortmunder Flughafen GmbH,Dortmunder Flughafen GmbH,,,Tochtergesellschaft der Dortmunder Stadtwerke (nachgewiesen 2003),kif,,+,
190764,Heinz Reichardt,Heinz Reichardt (-2007),,2007,"Diplom-Kaufmann, Vorsitzender Der Museumsgesellschaft Bad Dürkheim von 1992 bis 1998",piz,male,+,
190708,Hofbuchdruckerei Hermann Kayser,Hofbuchdruckerei Hermann Kayser,,,"Königlich Bayerische Hofbuchdruckerei Hermann Kayser in Kaiserslautern

Druckte 1917 den Sonderdruck des Pfälzischen Museums: ""Der Brunholdisstuhl bei Bad Dürkheimer"" von Friedrich Sprater. Auch weitere Abhandlungen zur Pfälzischen Geschichte.",kif,,+,
150583,Julius Möckel,Julius Möckel (1801-1863),1801,1863,"Deutscher Landschaftsmaler. 
*6. 7. 1801 Bautzen, †4. 2. 1863 Dresden. 
Seit 1816 Schüler der Dresdner Akademie u. von Johann David Schubert. Zeichenlehrer in Dresden. Zeichnete für ""Sachsens Kirchen-Galerie"" (1840 ff.) sämtl. Kirchorte der Ephorien Kamenz, Löbau u. Oschatz, dazu Freiberg. War mehrfach auf Dresdener Ausstellungen vertreten (1820 mit Selbstbildnis). 
(Quelle: AKL-Ident. 129873, Erfassung: Heimatmuseum Dohna, K.Lauterbach 29.9.2020))",piz,male,+,http://d-nb.info/gnd/1050052358
253513,"Севастьянов, Іван Іванович",Севастьянов Іван Іванович (1886-),1886,,заслужений лікар Української РСР (1946). Депутат Верховної Ради УРСР 1–2-го скликань. В роки другої Світової війни (1939 – 1945) був начальником шпиталю. Після війни працював завідувачем Кіровського районного відділу охорони здоров'я міста Сталіно (нині – Донецьк),piz,,+,
313753,Otto Buchner,Otto Buchner,,,Baumeister in Trebbin (nachgewiesen 1911),piz,male,+,
63975,Bruno Herde & Friedrich Wendt,Bruno Herde & Friedrich Wendt,,,Firma mit Sitz in Berlin. Hersteller von Blindenschreibmaschinen (Braille-Schrift).,kif,,+,
246520,Elly Hessel,Elly Hessel,,,Porzellanmalerin in Reinheim (nachgewiesen 1975),piz,female,+,
9546,H. F. Jütte (Druckerei und Verlag),H. F. Jütte (Druckerei und Verlag),,,"Druckerei und Verlag in Leipzig, auch ""Kunstanstalt H.F. Jütte""",kif,,+,
64574,Werner H. Stütz,Werner H. Stütz (1947-),1947,,"Deutscher Künstler, Geburtsort: Mainz, Wirkungsort: Wiernsheim-Serres.",piz,male,+,http://d-nb.info/gnd/1012718697
207580,Pfälzerwald-Verein. Ortsgruppe Berlin,Pfälzerwald-Verein. Ortsgruppe Berlin,,,"Eine 1910 gegründete Untergruppe des Pfälzerwald-Vereins, die sich ab 1921 ""Verein der Pfälzer in Berlin"" nannte.",kiz,,+,https://d-nb.info/gnd/5335866-1
272764,Paul Juhl Tabakwaren-Industrie Berlin-Pankow,Paul Juhl Tabakwaren-Industrie Berlin-Pankow,,,"""Paul Juhl gründete 1869 die Tabakwaren-Industrie Berlin Pankow mit Sitz in der Berliner Straße 29. Die erste Fabrik errichtete er in der Schönhauser Allee. ..."" - http://cigabox.de/zigarettenfabriken/paul-juhl-berlin-pankow/, 05.07.2024",kif,,+,
342148,Bernd Kleinjohann,Bernd Kleinjohann,,,"Prof Dr. , Informatiker der Universität Paderborn (nachgewiesen 2004)",piz,male,+,
8368,Johann Scharlaken,Johann Scharlaken,,,"Goldschmied in Münster (Westfalen), 17. Jh.",piz,male,+,
254558,Jacques-Philippe Lebas,Жак-Філіп Леба (Jacques-Philippe Lebas) (1707-1783),1707,1783,Französischer Kupferstecher,piz,male,,
17781,Frile,Frile,,,Hersteller (oder Markenname?) von handbetriebenen Buttermaschinen,kif,,+,
119986,Wakmann Watch Co.,Wakmann Watch Co.,,,"""Die Wakmann Watch Co. wurde 1946 von Icko Wakmann in New York gegründet und war an der Fifth Avenue 452 ansässig.

Die Firma war Importeur verschiedener hochwertiger Marken für den Nordamerikanischen Markt. Eine dieser Marken, und wohl auch die berühmteste, war Breitling. Parallel zum Vertriebsgeschäft begann Wakmann nach dem zweiten Weltkrieg Uhren unter eigenem Namen zu produzieren. Wakmann lieferte auch Zeitmessgeräte für die Streitkräfte, die US-Regierung, kommerzielle Fluggesellschaften und Rundfunk- und Fernsehstudios. Die Firma bezog auch viele Uhren von der Schweizer Firma Charles Gigandet S.A. in Tramelan. Später wurde das Unternehmen von Breitling gekauft und in den größeren und erfolgreicheren Gruppe aufgenommen."" - https://watch-wiki.org/index.php?title=Wakmann_Watch_Co, 31.05.2020",kif,,+,
42193,Stempel-Scholz Lünen,Stempel-Scholz Lünen,,,Stempelhersteller in Lünen,kif,,+,
345614,Melzer (Madame),Melzer (Madame),,,"""Madam Melzer"", Zeichnerin unbekanntes Vornamens in Berlin (erw. 1830/32)",piz,female,,
267337,Konservatorium (Salzburg),Konservatorium (Salzburg),,,Hochschule in Salzburg. Bestand von 1914-1939. Ab 1922 staatlich.,kio,,+,https://d-nb.info/gnd/5246686-3
21985,Erhard Schaarschmidt,Erhard Schaarschmidt,,,Schnitze Holzrelief in Arnsfeld. Nachgewiesen für 1989.,piz,male,+,
9679,Maria Neukirch,Maria Neukirch,,,"Vermutlich wohnhaft in Loitsche, Kreis Wolmirstedt, Anf. 20. Jh.,
Vermutlich verwandt mit: Fritz, Maria, Margarete und Gustav Neukirch in Loitsche.",piz,female,+,
327955,Brauerei Loscher GmbH & Co. KG,Brauerei Loscher GmbH & Co. KG,,,"Brauerei in Münchsteinach, gegründet 1881",kif,,+,
37559,Giacomo Mengoni,Giacomo Mengoni,,,"Porträtzeichner in Florenz, aktiv 2. Hälfte 18.Jh.",piz,male,+,
229654,Harald Lobenwein,Harald Lobenwein (1900-1945),1900,1945,Fotograf in Sopron,piz,male,+,
350383,Michael Hofmann,Michael Hofmann,,,"Deutscher Maler. Tätig 17. Jh. in Grimma, Porträtmaler.",piz,male,+,
69802,Friedrich Wenderlich (Firma),Friedrich Wenderlich (Firma),,,"Friedrich Wenderlich betrieb in Großschönau ein Schneiderei, er war Schneidermeister",kif,,+,
149493,Arnulf Thunn,Arnulf Thunn,,,1990 Mitglied der Musikgruppe Tankard.,piz,male,+,
64396,Georg Merzenich (Schmied),Georg Merzenich (Schmied) (1796-1875),1796,1875,"Schmied in Bodendorf (Sinzig, Rheinland-Pfalz).",piz,male,+,
41887,Marcus Baebius Q. f. Tampilus,Marcus Baebius Q. f. Tampilus,,,"""M. Baebius Tampilus (en), M. Baebius Tampilus (la) - Roman Republican Moneyer, c. 137 BC (en)"" - http://nomisma.org/id/m_baebi_q_f_tampil_rrc, 12.01.2018",piz,,+,http://d-nb.info/gnd/1183432771
312564,Johann Georg Pribusch,Johann Georg Pribusch,,,Deutscher Maler. Nachgewiesen 1687 in Berlin. Porträt- und Dekorationsmaler.,piz,male,+,
10487,"W. König, Magdeburg (Firma)","W. König, Magdeburg (Firma)",,,"Schusswaffenhersteller aus Magdeburg, 19. Jh.",kif,,+,
317725,Neuhaus (Verleger),Neuhaus (Verleger) (1831-1867),1831,1867,Verleger in Paris.,piz,,+,
342275,Christoph Romann (der Ältere),Christoph Romann (der Ältere),,1651,"Hofmaler des Königs Wladislaw IV. Wasa, auch als Freimaster in Danzig tätig. Porträtmaler. Vater des Malers Christoph Romann (der Jüngere).",piz,male,+,
