327749,Thomas Schöller,Thomas Schöller,,,Schlesischer Maler. Nachgewiesen 1758 in Breslau. Porträtmaler.,piz,male,+,
309893,Julian Eichler,Julian Eichler (1712-),1712,,"Deutscher Maler. Geboren in Rom und zur Ausbildung um 1730 wieder dort. Zwischenzeitlich in Braunschweig und hier wohl auch um 1742 tätig. Porträtist. Sohn von Johann Conrad Eichler (1680-1748), Bruder von Joseph Ignaz Eichler (1714-1763) und Joseph Eichler (1724-1783).",piz,male,+,
343198,Landkreis Weststernberg,Landkreis Weststernberg,,,Verwaltungskörperschaft des Landkreises Weststernberg,kio,,+,
199900,Helene Paschke-Schmidt,Helene Paschke-Schmidt,,,Glaskünstlerin in Starnberg.,piz,female,+,
75039,Konstantinos Alimbertis,Konstantinos Alimbertis (1894-),1894,,"Konstantinos Alimbertis, geboren 1894 in Steni, war ein griechischer Bauer, der während des Ersten Weltkriegs im Kriegsgefangenenlager Görlitz interniert war.",piz,male,+,
183471,Demo... (Amisos-Peiraieus),Demo... (Amisos-Peiraieus),,,"""Magistrat in Amisos-Peiraieus/Pontos im 5./4. Jh. v. Chr.
Lit.: W. Leschhorn, Lexikon der Aufschriften auf griechischen Münzen II (2009) 441 [verweist auf W. H. Waddington, Recueil général des monnaies grecques d’Asie mineure I-1 ²(1925) Nr. 1]."" - https://ikmk.smb.museum/ndp/person/11804, 18.09.2021",piz,male,+,
167020,Walburga von Brederode,Walburga von Brederode (1512-1567),1512,1567,"Walburga van Brederode (um 1512–1567), heiratete 1530 Arnold II. von Bentheim-Steinfurt ä. L. (1497–1553), der 1544 in der Grafschaft Bentheim-Steinfurt und seiner Herrschaft Wevelinghoven die lutherische Reformation einführte und 1550 die „Kölnische Erblandesvereinigung“ unterschrieb (Wikipedia, 05.03.2021)",piz,female,+,
277834,Angelika Leitmann,Angelika Leitmann,,,1991 Redakteurin des Werkstatt Olympia Journals Nr. 1,piz,female,+,
278391,H.-J. Hillmann,H.-J. Hillmann (1953-),1953,,"Inhaber des Lebensmittelgeschäftes ""Hillmann"" (Eröffnung am 29.10.1984) in der Oranienstraße in Berlin-Kreuzberg",piz,male,+,
165021,August Niewiedzol,August Niewiedzol (1858-1939),1858,1939,Holzbildhauer,piz,male,+,
54557,Karl Knobloch K.-G. Steinigtwolmsdorf / Sa.,Karl Knobloch K.-G. Steinigtwolmsdorf / Sa.,,,Firma. Stellte Stifte her.,kif,,+,
232888,Richard Peck,Richard Peck (1859-1916),1859,1916,"Magistrats-Bürobeamter in Berlin, ab 1894 Mitglied des Touristenklubs für die Mark Brandenburg (1935 umbenannt in Landesgeschichtliche Vereinigung für die Mark Brandenburg), 1900–1914 dessen 2. Vorsitzender, erhielt 1914 die Fontane-Plakette ""für die außergewöhnlichen Verdienste um den Klub"".

Quelle:
Die Landesgeschichtliche Vereinigung für die Mark Brandenburg in Vergangenheit und Gegenwart. Aus Anlass ihres 125jährigen Bestehens bearb. u. hrsg. von Peter Bahl (Schriften der Landesgeschichtlichen Vereinigung für die Mark Brandenburg, N.F., Bd. 2). Berlin 2009, S. 400.",piz,male,+,
211640,F. W. Jul. Assmann (Aßmann) (Kirchenbedarf),F. W. Jul. Assmann (Aßmann) (Kirchenbedarf),,,Gegründet wurde die Kunstanstalt für evangelische Kirchenausstattungen von F. W. Jul. Assmann im Jahr 1890 in Lüdenscheid. Der Fachlieferant für Kirchenbedarf stieg im Jahr 1905 zum königlichen Hoflieferanten auf und eröffnete einen Zweigsitz in Berlin.,kif,,+,
250595,Erna Rockstroh-Langer,Erna Rockstroh-Langer (1843-1908),1843,1908,"Landschaftsmalerin, geboren in Düsseldorf",piz,female,+,
262072,Johanna Thierse,Johanna Thierse,,,"Dipl.-Restauratorin für Gemälde, Moderne und Zeitgenössische Kunst, Skulptur/ Skulpturenfassung / Polychrome Bildwerke (nachgewiesen 2023 in Berlin)",piz,female,+,
181817,Josef Schlüter (Geseke),Josef Schlüter (Geseke),,,Autor der Biographie Fritz Beckers.,piz,male,+,
30920,Heinrich Wilhelm Ferdinand von der Schulenburg,Heinrich Wilhelm Ferdinand von der Schulenburg (1766-1832),1766,1832,Domdechant (Vorsteher eines Domkapitels) von Havelberg und Brandenburg,piz,male,+,
142836,Samuel Sandars,Samuel Sandars,,,"""Mälzer und Getreidehändler in Gainsborough, Lincolnshire.
Samuel Sandars gab 1811 Marken aus.
Lit.: P. und B. R. Withers, The Token Book. British Tokens of the 17th 18th and 19th centuries and their values (2010) 400 Nr. 8."" - https://ikmk.smb.museum/ndp/person/11219, 19.09.2021",piz,male,+,
119209,Caroline Hakelberg,Caroline Hakelberg (1862-1941),1862,1941,geb. Kühn. Schwiegermutter der Überlasserin der Lehmann-Sammlung.,piz,,,
151088,Carl Friedrich Heinrich Plambeck,Carl Friedrich Heinrich Plambeck (1814-1879),1814,1879,Carl Friedrich Heinrich Plambeck (1814–1879) war ein bekannter Hamburger Kunsttischler und Marquetterie-Arbeiter des Historismus. Er stellte bei den wichtigsten Gewerbeausstellungen ab 1840 aus und wurde bei der Weltausstellung 1851 mit einer Medaille ausgezeichnet.,piz,male,+,
302346,Daniel Furrer (Historiker),Daniel Furrer (Historiker) (1962-),1962,,"Historiker, Publizist, Fotograf",piz,male,+,https://d-nb.info/gnd/128905808
46555,Werner Hagen,Werner Hagen (1864-1921),1864,1921,"""Werner Hagen (1864–1921), Vizekonsul in Yokohama, Konsul in Philadelphia, stellvertretender Bevollmächtigter Preußens zum Reichsrat."" - Wikipedia (de) über den Vater Adolf Hermann Wilhelm Hagen, 07.06.2021",piz,male,+,http://d-nb.info/gnd/1023954206
25037,Fotoatelier W. Wertheim,Fotoatelier W. Wertheim,,,"Fotoatelier in
- Berlin, Friedrichstraße 110-112

""Ähnlich wie beim ""Vorbild"" A. Wertheim wurden auch die Fotografien aus dem Hause Wolf Wertheim in ""vornehmer Weise"" gestaltet. Da das Warenzeichen von Wolf Wertheim 1909 angemeldet und erst 1910 eingetragen wurde, kann man davon ausgehen, daß es frühestens 1909 auf den Kartons erschien. Zeitlich sind die Fotografien mit der Bezeichnung Atelier W. Wertheim in die Zeit um 1909-1911 zu datieren."" - Jeanne E. Rehnig, Das ""Photographische Atelier"" im Warenhaus, Würzburg 1999, S. 298",kif,,+,
203324,C. V. Maesbergh,C. V. Maesbergh,,,"Kupferstecher, Grafiker, wirkte um 1650 - gnd, 26.05.2022",piz,,+,https://d-nb.info/gnd/1035777827
278144,Urner Mineralienfreunde (UMF),Urner Mineralienfreunde (UMF),,,"Die Urner Mineralienfreunde (UMF) sind ein Verein in der Schweiz, der sich der Welt der Mineralien und Kristalle widmet. Gegründet 1962.",kiz,,+,
347074,Fonderie d’art Mario Pastori (Genève),Fonderie d’art Mario Pastori (Genève),,,"Gießerei in Genf, bestand von 1919-1984",kif,,+,
248758,Friedrich Sannemann,Friedrich Sannemann,,,"Tischlermeister in Wittstock (Dosse), nachgewiesen 1910",piz,male,+,
38564,Theo Weinhardt,Theo Weinhardt,,,"1939 Schäfer in Schierke, Wernigeröder Str. 5",piz,male,+,
301102,Arte Ceramica Romana,Arte Ceramica Romana,,,"A.C.R. – Arte Ceramica Romana di Angelo Caruso e C. S.r.l. (kurz: Arte Ceramica Romana) ist eine italienische Gesellschaft mit beschränkter Haftung mit Sitz in Pomezia bei Rom. Das Unternehmen wurde im Januar 1979 gegründet und ist im Einzel- und Großhandel sowie in der Fertigung von Keramikwaren tätig. Es produziert kunsthandwerklich gestaltete Keramiken wie Vasen, Dekorplatten, Wandfliesen und Geschenkartikel.",kif,,+,
57737,Gottlob August Hering,Gottlob August Hering (1729-1787),1729,1787,"""Herr auf Schönau, Schmerlitz und Gudlitz, Bürgermeister von Bautzen"" - gnd, 11.08.2018",piz,male,+,http://d-nb.info/gnd/1027497519
70681,Fausto Santini (Schuhdesigner),Fausto Santini (Schuhdesigner),,,"""Familientradition hat bei den Santinis eine große Bedeutung. So entschied sich Fausto Santini nach seinem Jura-Studium und einer kurzen Rechtstätigkeit in die Fußstapfen seines Vaters zu treten und eine Ausbildung im Schuhladen der Familie und im Atelier in Rom zu absolvieren. Heute ist er Roms berühmtester Designer für Herren- und Damenschuhe und Taschen. Für ihn ist die Beziehung zwischen Design und Architektur besonders wichtig. Augenfällig wird dies bei seinen Kreationen. – Jedes Paar seiner Schuhe ist ein Kunstwerk aus handschuhweichem Ziegenleder, das zum Anfassen einlädt. Schuhe, die auf den ersten Blick meist einfach wirken, die aber beim zweiten Hinschauen Linien und geometrische Formen, wie zum Beispiel einen runden Absatz erkennen lassen. Oder seine Taschen in H-Form, die sich bei Frauen, die das Besondere lieben, ebenfalls großer Beliebtheit erfreuen.""
(http://www.schuhbelle.de/fausto-santini-konzept/; 11.10.2019)",piz,male,+,
257260,Friedrich Wilhelm Bosch,Friedrich Wilhelm Bosch (1812-),1812,,"* Ilbesheim bei Landau 20.2.1812. Eltern Joh. Adam Bosch (Gutsbesitzer) und Susanna Conrad.
Friedrich Wilhelm Bosch war Student in Erlangen (1834/39) und Utrecht (1839), später Pfarrer in Kallstadt; Vikar Hornbach und Odernheim, 12.2.45/50 Pfarrer Niederhausen an der Appel, 14.2. 50/66 Gönnheim, 14.12.66/67 , 76/88 Kallstadt, 28.12.1888.",piz,male,+,
343116,Peter Grabendörfer,Peter Grabendörfer (1829-1896),1829,1896,"Bäcker(meister) in Ladenburg, wohnte am Marktplatz 5.",piz,male,+,
31742,"Mansfeldscher Kupferschieferbergbau Aktiengesellschaft Eisleben, Technisches Büro","Mansfeldscher Kupferschieferbergbau Aktiengesellschaft Eisleben, Technisches Büro",,,Technisches Büro der Bergbaugesellschaft,kif,,+,
263685,Wilhelm Messing,Wilhelm Messing (1857-1927),1857,1927,General der Infanterie Wilhelm Messing (1857-1927) war u.a. Generalinspekteur des Militär-Luft-und Kraftfahrwesens.,piz,male,+,
256663,Samuel Blättner (I),Samuel Blättner (I) (1674-1705),1674,1705,"Deutscher Maler. Tätig in Lucka, Altenburg, Leipzig und Rom. Sohn von Hans Samuel von Blättner, Vater der Maler Samuel Blättner II (1704-1762)und Johann Samuel Blättner I (1706- vor 1731)",piz,male,+,https://d-nb.info/gnd/139264604
316572,Rütgerswerke Großauheim Hanau,Rütgerswerke Großauheim Hanau,,,"Holzimprägnier-Werk in Hanau-Großauheim. Erste Fabrik in Großauheim, schloss 2017. Stellte zunächst Schwellen für die Eisenbahn her, später Zäune, Gartenmöbel u.ä., als die Schwellen zunehmend aus Beton gefertigt wurden. Holzschwellen wurden dann nur noch für Sonderstellen verwendet (sehr enge Kurven, sehr steile Bahnen usw.). Hintergrund war, dass kleine Stämme bis 1960 nur bis Großauheim geflößt und dann angelandet wurden.",kif,,+,
146964,Zigarettenfabrik Standard GmbH (Berlin),Zigarettenfabrik Standard GmbH (Berlin),,,Zigarettenfabrik in Berlin. Nachgewiesen für 1930er Jahre.,kif,,+,
181547,The Railway Signal Co Ltd,The Railway Signal Co Ltd,,,"Railway Signal Co Ltd, signal and electrical appliance manufacturers
1885 - 1950
Originally founded as Livesey and Edwards, The Railway Signal Company came into being in 1881 with George Edwards, former Signalling Manager with the Gloucester Wagon Company, and Robert Aurelius King of Norwood, Surrey, occupation – Gentleman, as the Principals. The Company’s Head Office was registered at Caxton House, Westminster, London while its manufacturing base was established at Fazakerley, near Liverpool. Its premises were adjacent to the sidings owned by the Lancashire and Yorkshire Railway, who became the Company’s first major customer.

At that time the Railway Signal Company added their own design of signalling equipment to those of their main competitors, namely, Saxby & Farmer, Stevens & Sons, E.S. Yardley and the Gloucester Wagon Company.

The Railway Signal Company produced signals, signal boxes, lever frames and interlocks. Between 1881 and 1889 they were responsible for almost all the new signalling equipment on the Lancashire and Yorkshire Railway. The Company thrived in its own right for much of its existence.

In 1920 the Railway Signal Company became part of the Westinghouse Brake & Signal Company but continued to manufacture its own in house designed equipment until the early 1960’s, when electrically operated rather than mechanically operated equipment took precedence.

From the early 1960’s until the Company’s liquidation in 1974 it diversified into the manufacture of domestic equipment such as the ‘Raysig’ ranges of radiant panel heaters and hot plates. New, larger office premises were constructed in 1956.

One of the most significant of the Railway Signal Company’s employees was Lee Ollerenshaw who was employed by the Company for more than fifty years, finally serving as Managing Director.

Many of the records of the Railway Signal Company were acquired by the
Maritime History Department in 1974 and transferred to the Archives Department later.

The detailed records of the Railway Signal Company were discovered on the Westinghouse’s Chippenham site around 2010 and were transferred to Liverpool Central Library the same year. - https://www.liverpoolmuseums.org.uk/artifact/railway-signal-co-ltd-signal-and-electrical-appliance-manufacturers",kif,,+,
10056,Fotoatelier Ludwig,Fotoatelier Ludwig,,,"Fotoatelier
- Magdeburg, Breite Weg 213",kif,,+,
149491,Axel Katzmann,Axel Katzmann (1967-),1967,,Gitarrist bei der Band Tankard von 1982-1995,piz,male,+,
257340,August Gottfried Wulff,August Gottfried Wulff,,,"Deutscher Maler. Nachweisbar 1789 in Altona.
Porträt- und Historienmaler.",piz,male,+,
341508,Torsten Körner (Fußballfunktionär),Torsten Körner (Fußballfunktionär) (1975-),1975,,Deutscher Fußballfunktionär,piz,male,+,
66892,Fotoatelier Karl Lützel,Fotoatelier Karl Lützel,,,"Fotoatelier in
- München",kif,,+,
271010,Otto Kniep (Verlag),Otto Kniep (Verlag),,,Berliner Verlag (um 1900).,kif,,,
8359,Pommersche Ritterschaftliche Privat-Bank zu Stettin,Pommersche Ritterschaftliche Privat-Bank zu Stettin,,,"Bank: ""Aus dem Kreis der Grundbesitzer Pommerns wurde ... 1824 die Ritterschaftliche Privatbank ... gegründet, die aber bald staatliche Unterstützung benötigte, 1833 und 1849 umgestaltet werden musste und 1877 in Konkurs fiel."" (wikipedia 03.12.2012: ""Pommersche Landschaft"")",kif,,+,
332059,Heinz Gelbke,Heinz Gelbke,,,"deutscher Chirurg, Chefarzt in Ludwigshafen (20. Jh.)",piz,male,+,https://d-nb.info/gnd/1117239721
329953,Hermann Lünenschloss,Hermann Lünenschloss,,,"Kunstmaler, der zeitweise in Bühlertal (Baden-Württemberg) lebte. Nachgewiesen 1956.",piz,male,+,
315824,Sturm Hombruch,Sturm Hombruch,,,"Rad- und Motorclub ""Sturm"" Hombruch 1925 e.V., Sportverein in Dortmund-Hombruch",kiz,,+,
72919,Gaius Postumius (Münzmeister),Gaius Postumius (Münzmeister),,,"""Römischer Münzmeister ca. 74 v. Chr."" - gnd, 05.12.2020",piz,,+,http://d-nb.info/gnd/1185797564
166313,Reich (Zeichenlehrer ),Reich (Zeichenlehrer ),,,"Zeichenlehrer in Sinsheim, nachweislich tätig 1929, um 1880-1950",piz,male,+,
151015,Galerie Bassenge,Galerie Bassenge,,,Galerie in Berlin,kif,,+,
73234,T. Aurelios Apollonides (Kilbianoi),T. Aurelios Apollonides (Kilbianoi),,,"""T. Aurelios Apollonides
Archon in Kilbianoi/Lydien unter Elagabalus.
Sein Name erscheint mit dem Zusatz Philoseb(astos).
Lit.: W. Leschhorn, Lexikon der Aufschriften auf griechischen Münzen II (2009) 341."" - https://ikmk.smb.museum/ndp/person/10366, 21.06.2020",piz,,+,
190998,Glashüttenwerke Andreashütte Wehrau,Glashüttenwerke Andreashütte Wehrau,,,"Glashütte in Niederschlesien bei Bunzlau, Niederschlesien. Unweit Schloss Klitschdorf, Besitz Grafen/Fürsten zu Solms Baruth. Nach dem 1. Weltkrieg offenbar Filialhütte der Baruther Glashüttenwerke.",kif,,+,
69851,Stadtarchiv Sulingen,Stadtarchiv Sulingen,,,"""Das Sulinger Stadtarchiv ist im Bürgerhaus untergebracht. Vom 01.07.2008 bis 31.12.2019 wurde es von Stadtarchivar Hajo Wieting ehrenamtlich geleitet. Seit dem 01.05.2020 hat Rolf Fischer diese Aufgabe übernommen.
Im Archiv werden neben einer Vielzahl von Rechtsvorschriften, die von 1800 bis heute datieren, historische Dokumente der Stadt Sulingen sowie der Ortschaften, die bis 1974 eigenständig waren, gelagert. Die ältesten Dokumente datieren aus der Mitte des 17. Jahrhunderts. Daneben enthält das Archiv eine sehr umfangreiche Dorf- und Familienchronik über Klein Lessen aus dem Nachlass von Dr. Meyer-Dinkgräfe, Chroniken Sulinger Vereine, Betriebe und Organisationen sowie umfangreiche Fotobestände. Von besonderer Bedeutung ist hier wohl die Fotosammlung von Pfaffenberg aus den Jahren 1925 bis 1927 mit der Dokumentation einer Vielzahl von Kultur- und Naturdenkmälern aus dem engeren und weiteren Raum um Sulingen. ..."" - https://www.sulingen.de/portal/seiten/stadtarchiv-900000134-21790.html, 06.08.2020",kio,,+,
30428,Wolfgang Jarnot,Wolfgang Jarnot (1954-),1954,,"""Dipl.-Ing. Wolfgang Jarnot, Stadtplaner SRL, Jahrgang 1954, ist seit über 25 Jahren in der Stadterneuerung und Stadtentwicklung tätig. Als Gründer von StadtUmBau war er zuvor u. a. Geschäftsführer des Planungsbüros A.S.L in Kassel, Lehrbeauftragter im Fachbereich Stadt- und Landschaftsplanung an der Gesamthochschule Kassel und der Hochschule der Künste Berlin sowie langjähriger Mitarbeiter bei S.T.E.R.N. Gesellschaft der behutsamen Stadterneuerung mbH in Berlin."" - http://www.stadt-um-bau.de/referenzen.html, 22.07.2017",piz,male,+,
175603,Rosalia Heußler,Rosalia Heußler (1764-),1764,,"Belegt durch Briefwechsel mit Johann Wolfgang von Goethe. ""Rosalia Heußler, geb. Meyer, bis 1793 verheiratet mit dem Schauspieler Franz Friedrich Heußler, danach mit dem Prinzipal und Schauspieler Baron de Baillou (auch Paillou), der sich nach dem Tod Heußlers (1793) Franz Heußler nannte. Rosalia Heußler spielte bis 1792 in Ansbach, 1793 in Berlin, 1795-1797 in Odense, 1797-1800 - nach der Trennung von ihrem zweiten Mann - in Hamburg, Bremen und Hannover, seit 1800 in Dresden."" - Volker Giel und Norbert Oellers (Hrsg.), Johann Wolfang von Goethe - Briefe Bd. 9 II, 1791-1793, Berlin 2020, S. 345",piz,female,+,
337219,Deutscher Schauspiel-Verein zu Berlin,Deutscher Schauspiel-Verein zu Berlin,,,"Eingetragener Verein, gegründet 1891 (nachgewiesen 1928)",kiz,,+,
19461,Friedrich Gerecke,Friedrich Gerecke,,,"1946 wohnhaft in Heinrichsberg.
Beruf: Straßenwärter.",piz,male,+,
280636,Johann Christian Hermann von Schmalen,Johann Christian Hermann von Schmalen,,,"Königlich preußischer Leutnant, Militärschriftsteller (nachgewiesen 1759)",piz,male,+,
41782,Amateurfilmstudio Textilkombinat Cottbus,Amateurfilmstudio Textilkombinat Cottbus,,,Amateurfilmstudio des Textilkombinates Cottbus,kiz,,+,
191717,August Erdmann Lehmann,August Erdmann Lehmann,,,"Lehrer der Kochkunst in Dresden, nachgewiesen für Zeit um 1824.",piz,male,+,
41704,Nora-Radio GmbH/ Heliowatt GmbH,Nora-Radio GmbH/ Heliowatt GmbH,,,Hersteller von Radios,kif,,+,
342236,Kuratorium des St. Marien-Hospitals Lünen,Kuratorium des St. Marien-Hospitals Lünen,,,"Kuratorium des St. Marien-Hospitals Lünen

""Das St.-Marien-Hospital Lünen ist ein Krankenhaus im Lüner Ortsteil Lünen-Nord, unweit der Innenstadt. Träger ist die Katholisches Klinikum Lünen-Werne GmbH, die auch das St. Christophorus-Krankenhaus Werne betreibt. Es ist Standort des ADAC-Rettungshubschraubers Christoph 8."" - (Wikipedia (de) über das St. Marien-Hospitals Lünen, 21.01.2026)",kir,,+,
145607,Ross-Verlag (Berlin),Ross-Verlag (Berlin),,,Verlag in Berlin,kif,,+,
275611,Katholische Kirchengemeinde Mosbach,Katholische Kirchengemeinde Mosbach,,,Kirchengemeinde im Erzbistum Freiburg,kir,,+,
271374,Diedrich Hermann Reinholdt,Diedrich Hermann Reinholdt (1676-),1676,,"Iserlohner Kaufmann; V: Bernhard Reinhold, M: NN; verheiratet mit Anna Ursula Margaretha Helcke (1679-1756)",piz,male,+,
56270,"Ulrich Meyer Verlagsbuchhandlung G.m.b.H., Berlin","Ulrich Meyer Verlagsbuchhandlung G.m.b.H., Berlin",,,Verlag und Buchhandlung in Berlin. Nachgewiesen für Zeit vor 1914.,kif,,+,
38493,Walter Schwenke,Walter Schwenke,,,Grafiker in Halberstadt,piz,,+,
221571,Gerlinde Grund,Gerlinde Grund (1944-),1944,,"Grafikerin und Malerin, lebt in Waldkirch.",piz,female,+,https://d-nb.info/gnd/123525535
213849,Erich Zander,Erich Zander (1898-),1898,,"geboren am 4. November 1898
1930 wohnhaft in Wolfen, Am Wasserturm Nr. 22.
Vertreiber der politischen Zeitschrift ""Der rote Filmstreifen"" (KPD).",piz,male,+,
277646,Wilhelm Vogt (Ansichtskartenverlag),Wilhelm Vogt (Ansichtskartenverlag),,,"Ansichtskartenverlag in Berlin SO. 33, Skalitzer Straße 75 (nachgewiesen um 1907)",kif,,+,
57907,Schleuen (Werkstatt),Schleuen (Werkstatt),,,"Werkstatt von Johann David Schleuen d. Ä. (1711-1771 [nach Gernot Ernst nicht: 1774]) unter Beteiligung seiner Söhne Johann Georg (1737-1799), Johann Friedrich (1739-1784) und Johann Wilhelm (1748-1812)",kif,,+,
183654,Banca Elisiana,Banca Elisiana,,,"Während ihrer Zeit als Fürstin von Lucca und Piombino und später als Großherzogin der Toskana hatte die Schwester Napoleon Bonapartes Elisa die Leitung über die Marmorsteinbrüche von Carrara. Sie nutzte sie gewinnbringend, indem sie die ""Banca Elisiana"" gründete, die massenhafte Kopien von Porträtbüsten Napoleons vertrieb. Die Banca Elisiana wurde 1807 gegründet.",kif,,+,
229878,Siegmund Schneider,Siegmund Schneider (1953-),1953,,"Vita / Lebenslauf:
1953 geboren in Delmenhorst
1981 - 1986 Studium an der HfK Bremen bei Prof. Jürgen Waller
1984 Mitarbeit am Wandgemälde Bunker Admiralstraße, Bremen-Findorff
seit 1986 freischaffender Künstler
1991 Arbeitsstipendium der Stadt Delmenhorst
1991 Wandgemälde in den Handelslehranstalten, Delmenhorst
1992 Vertretungsprofessur an der HfK Bremen
(https://www.artists24.net/Siegmund_Schneider.html, Stand: 10.6.2023)",piz,male,+,
13855,Johann Christian Neumark,Johann Christian Neumark (1741-1811),1741,1811,Gärtner in Wörlitz,piz,male,+,
65679,Carl Giess Söhne,Carl Giess Söhne,,,"Die Firma Carl Giess Söhne entstand aus einer Schwemmsteinfabrik, die der Kaufmann und spätere Ortsvorsteher Carl Wilhelm Giess (geb. 2.9.1845) im Jahre 1887 in Bendorf gründete. Carl Wilhelm Giess hatte nach und nach Grundstücke in der Rheinau erworben und errichtete 1888 auf dem Gelände ein Büro und einen Pferdestall. Man grub auf dem Gelände den Bims ab und transportierte ihn mit dem Pferdefuhrwerk zu einer Mischanlage. Dort wurde der Bims mit Lahnkalk und Wasser aus dem vorbeifließenden Bach (Zusammenfluss von Wenigerbach und Großbach) vermischt, in kleine Steinformen gepresst, getrocknet und schließlich verladen. Per Bahn wurden die Schwemmsteine bis nach Schlesien verhandelt. Männer verrichteten die schwere Arbeit des Bimsabbaus. Kinder und Frauen stellten die Steine her und verluden sie. Bezahlt wurde nach Stückzahl. Nach dem Ersten Weltkrieg erfolgte nach dem Tod des Gründers die Zusammenlegung der bisherigen Schwemmsteinfabrik mit dem zwischenzeitlich gegründeten Bauunternehmen des ältesten Sohnes Karl Giess zum 1.2.1920. Unter dem Namen Carl Giess und Söhne wurde die Firma von den Gesellschaftern Karl Giess, Baumeister, und Heinrich Giess, Kaufmann, fortgeführt. Nach dem Tod von Karl Giess am 23.4.1951 wurde die Firma von Heinrich Giess und dessen Schwiegersohn Erich Kessler weitergeführt. Seit dem Tod von Heinrich Giess führten die Eheleute Erich und Marlene Kessler die Firma Carl Giess Söhne gemeinsam mit der Firma Michael Kessler Putz- und Stuckgeschäft fort. Später übernahm Andreas Kessler (jüngster Sohn von Erich und Marlene Kessler) die Nachfolge. Es existiert heute nur noch die Firma Bau- und Putzunternehmen Andreas Kessler GmbH & Co. KG",kif,,+,
19086,Paul Beylich,Paul Beylich (1874–1965),1874,1965,"Gelernter Schmied, Lehre in Finsterwalde, ab 1883 in der Dampfmaschinenfabrik von Otto Lilienthal angestellt, dort aber insbersondere mit flugtechnischen Konstruktionen beauftragt.
Assistent Otto Lilienthals bei all seinen Versuchen",piz,male,+,
23171,K. Braune,K. Braune,,,"Vermesser/Zeichner in oder bei Eisleben, 19. Jh.",piz,male,,
312558,Johann Beckmann (1707),Johann Beckmann (1707) (-1707),,1707,Maler in Berlin. Seit 1702 Lehrer für Historienmalerei an der Berliner Kunstakademie. Wohl auch Porträtist.,piz,male,+,
66610,Königliche Steuer- und Gemeindekasse Preußen,Königliche Steuer- und Gemeindekasse Preußen,,,In den Kreisen innerhalb der Regierungsbezirke waren die Steuer- und Gemeindekassen zuständig für die Einziehung der Steuerschulden.,kio,,+,
122664,"H. Meyer (Professor, Graveur)","H. Meyer (Professor, Graveur)",,,"""Graviert Banknoten des Deutschen Reiches zwischen 1883 und 1896."" - https://ikmk.smb.museum/ndp/person/2620, 29.11.2020",piz,male,+,
142870,John Cartwright,John Cartwright,,,"""John Cartwright, Schuhmacher in Stafford, Staffordshire.

Ausgabe von Marken 1811.

Lit.: P. und B. R. Withers, The Token Book. British Tokens of the 17th 18th and 19th centuries and their values (2010) 413 Nr. 14-16."" - https://ikmk.smb.museum/ndp/person/11201",piz,,+,
61651,Johann Friedrich Hilcken,Johann Friedrich Hilcken,,,"""Hilken, Johann Friedrich, Medailleur von Nordhausen, und Schüler von Ch. Wermuth. Er stand im Dienste des Herzogs von Mecklenburg und seine Werke, die von 1703-1701 datirt sind, tragen die Buchstaben I.F.H."" , Nagler, G.K. ""Neues allgemeines Künstler-Lexicon"", 1838, Bd. 6, S. 175",piz,male,+,
184632,Alfred Hackländer,Alfred Hackländer (1907-1968),1907,1968,"Das Malen begann Alfred Hackländer mit 12 Jahren, er erlernte das Malerhandwerk, machte seinen Meister 1937. Privatunterricht im Zeichnen bekam der talentierte Solinger von Professor Paul Wönne (1880 bis 1952), Lehrer an der Fachschule für die Stahlwarenindustrie. Seit den 30er Jahren entstanden dem Realismus, später auch dem Postimpressionismus verpflichtete Zeichnungen, Aquarelle, Pastell-Bilder und handwerklich perfekte Ölgemälde. Sie zeigen idyllische Landschaften, Stadt- und Wintermotive, szenische Straßenbilder aus Solingen, daneben aber auch Blumenstücke und Porträts.",piz,male,+,
243624,Billinger (Corporal),Billinger (Corporal),,,Corporal Billinger diente in der britischen Armee während der Berliner Luftbrücke auf dem Fliegerhorst Schleswigland zusammen mit T. J. Macer.,piz,male,+,
152177,Maximilian Speck von Sternburg (Leutnant),Maximilian Speck von Sternburg (Leutnant) (1851-1891),1851,1891,Preußischer Leutnant (GND),piz,other,+,https://d-nb.info/gnd/1020214945
262343,Eugene C. Thomas,Eugene C. Thomas (1924-2000),1924,2000,"Eugene C. Thomas diente während der 2. Weltkriegs bei der US Army Air Force als Bomberpilot bei der 730th Bomb Squadron, die in England stationiert war. 1948/49 hatte er den Rang eines Captian der US Air Force und war einer der befehlshabenden Offiziere der 322nd Troop Carrier Squadron, das für die Berliner Luftbrücke eingesetzt wurde und in Rhein-Main stationiert war. Er ging mit dem Rang eines Lieutenant Colonel in den Ruhestand.",piz,,+,
345123,Sophie Hartz,Sophie Hartz (1805-),1805,,Genre- und Porträtmalerin in Berlin († verm. 1867/68 in Berlin),piz,female,+,
307428,Louise von Reibnitz-Maltzan,Louise von Reibnitz-Maltzan (1861-1945),1861,1945,"Louise Freifrau von Reibnitz-Maltzan, ""Tochter des Adolph von Maltzan (1809-1891); Freiin von Wartenberg und Penzlin; großherzogl. Hofdame"" - gnd, 15.10.2025",piz,female,+,https://d-nb.info/gnd/126806845
156773,Plauener Spitzenfabrik AG,Plauener Spitzenfabrik AG,,,"Hersteller von Spitzen in Plauen (Vogtland)

""Gründung am 29.11.1897. Spitzen- und Stickereifabrikation, .... Werke in Plauen und Pausa. 1911 Ankauf der Stickerei Seydler & Bäckermann in Plauen. 1931 insolvent."" - https://www.aktiensammler.de/br/archiv_branchen_detail.asp?AREA=275&ID=346145&NS=1, 17.08.2022",kif,,+,
221735,Ludwig Polborn,Ludwig Polborn (1811-1880),1811,1880,Kaufmann und Fabrikbesitzer (Maschinenöle und Wagenfett) in Berlin,piz,male,+,
266873,Albert Knitter,Albert Knitter (1867-),1867,,"Kaufmann in Berlin
geb. 7. 12. 1867 Danzig
1902–? Mitglied des in Berlin ansässigen Touristenklubs für die Mark Brandenburg (1935 umbenannt in Landesgeschichtliche Vereinigung für die Mark Brandenburg)",piz,male,+,
21632,Lotti Nass,Lotti Nass (1950-),1950,,"Fotografin, um 1987 Mitglied der Arbeitsgruppe Stadterneuerung der Bauausstellung Berlin GmbH",piz,female,+,http://d-nb.info/gnd/128873841
63530,Ernst Schneider (Druck und Verlag),Ernst Schneider (Druck und Verlag),,,Druckerei und Verlag in Lutherstadt Eisleben,kif,,+,
74021,"VEB Kombinat Schwarze Pumpe, Bereich Bergbau","VEB Kombinat Schwarze Pumpe, Bereich Bergbau",,,Der Bergbau-Bereich des VEB Gaskombinat Schwarze Pumpe.,kif,,+,
266356,Juguetes Roman (Unternehmen),Juguetes Roman (Unternehmen),,,Spielzeughersteller aus Ibi (Spanien),kif,,+,
311338,Heimatverein Hörde,Heimatverein Hörde,,,Verein zur Förderung der Heimatpflege e.V. Hörde,kiz,,,
171301,Michael Eilenberger,Michael Eilenberger (1971-),1971,,"Diplom-Restaurator (FH)

""Jahrgang 1971, Dipl. Restaurator, selbständig, wohnhaft in Holzhau / Erzgebirge, Vorsitzender des Bundesverbandes Landschaftsschutz sowie des Landesverbandes des BLS Sachsen."" - (https://www.vernunftkraft.de/michael-eilenberger/, 10.01.2024)",piz,male,+,
328947,Hannelore Frisch,Hannelore Frisch (1948-),1948,,"Hannelore Frisch, später Hannelore Mühlenhaupt, ist die Ehefrau vom Künstler Kurt Mühlenhaupt. Geboren 1948",piz,female,+,
203367,Franz Eduard Morgenstern,Franz Eduard Morgenstern (1856-1937),1856,1937,"Franz Eduard Morgenstern (geb. 14.12.1856 in Remse bei Waldenburg - gest. 31.5.1937 in München), Fregattenkapitän der Kaiserlichen Marine",piz,male,+,
72765,Franz Nowak (Münzmeister),Franz Nowak (Münzmeister),,,"""Nowak, Franz
Münzmeister in Breslau von 1705 bis 1711.
Signiert mit FN.
Lit.: L. Herinek, Österreichische Münzprägungen von 1657-1740 (1972) 169."" - https://ikmk.smb.museum/ndp/person/8646, 26.12.2020",piz,male,+,
278141,Juliane Dietrich,Juliane Dietrich,,,"Juliane Dietrich Weißenfels, bei den Special Olympics 2019 in Abu Dhabi zweimal Gold und einmal Silber.",piz,female,+,
8347,Otto Karsch,Otto Karsch,,,"Heimatkundlicher Autor, 20. Jh.",piz,male,+,http://d-nb.info/gnd/107498383
278413,Die Heimatfreunde Oberstein e.V,Die Heimatfreunde Oberstein e.V,,,"Die Heimatfreunde Oberstein e.V. ist ein Verein in Idar-Oberstein, der sich der Pflege und Förderung der Heimatkunde widmet. Nachgewiesen 1981 und 2024.",kiz,,+,
6291,Ernst Christian Wittig (Firma),Ernst Christian Wittig (Firma),,,Der Puppenhersteller aus Steinach (Thüringen) wurde 1902 gegründet und 1959 in eine KG umgewandelt.,kif,,+,
53212,Friedrich Middelhauve Verlag,Friedrich Middelhauve Verlag,,,Verlag in Köln. Nachgewiesen für 1960er Jahre.,kif,,+,
129987,Jacob Kempener (I),Jacob Kempener (I),,1612,"Flämischer Maler. Tätig Ende 16. Jh. in Antwerpen und Frankfurt am Main. Stilllebenmaler. Vater des Malers Jacob Kempener (II), Angehöriger der Malerfamilie Kempener aus Brüssel. Schüler von Jan Sadeler (I) (1550-1600).",piz,male,+,
280790,Hermann Wildt Buchhandlung,Hermann Wildt Buchhandlung,,,Buchhandlung in Stuttgart (nachgewiesen 1928),kif,,+,
173183,Savigny (Familie),Savigny (Familie),,,Mit der Familie Brentano und von Arnim verschwägerte Adelsfamilie. Vielfach preußische Beamte und Rechtswissenschaftler.,pif,,+,https://d-nb.info/gnd/119443538
220993,Mario Berluti,Mario Berluti (1968-),1968,,Mario Berluti ist Kurator des Museum RetroGames e. V. in Karlsruhe,piz,male,+,
150016,"Verlag der Fachzeitung ""Der Schneidermeister"" (Hannover)","Verlag der Fachzeitung ""Der Schneidermeister"" (Hannover)",,,"Verlag: Fachzeitung ""Der Schneidermeister"" (Hannover)",kif,,+,
38420,W. C. Marshall,W. C. Marshall,,,"Bildhauer, vermutl. 1. H. 19. Jh.",piz,,+,
5580,Lothar Wagschal,Lothar Wagschal,,,Modellbauer,piz,male,+,
339710,Ingrid Schultze (Buchbinderin),Ingrid Schultze (Buchbinderin) (1911-2003),1911,2003,"Buchbinderin in in Berlin, geb. 29. 1. 1911 Marburg/Lahn, gest. 2003, Tochter des Archivars und brandenburgischen Landeshistorikers Prof. Dr. Johannes Schultze (1881-1976)",piz,female,+,
260266,Friedrich Ruff,Friedrich Ruff,,,"Schlossermeister in Frankfurt am Main, Bauschlosserei und ""Fabrik feuerfester Cassa-Schränke"" bzw. ""Cassenfabrik, Schlosserei und Eisenkonstruktionen"" (gegründet 1864). Belegt 1864-1905/06.
Vollständiger Name: Johann Friedrich Adam Ruff
Quelle: Adressbuch Frankfurt am Main 1864-1906",piz,male,+,
201415,Fotoatelier Leonhardt,Fotoatelier Leonhardt,,,"Fotoatelier in
- Landstuhl",kif,,+,
131923,Damour (Verleger),Damour (Verleger),,,"Französischer Verleger und Drucker, nachgewiesen 1784-1806 (https://www.britishmuseum.org/collection/term/BIOG143816; 4.9.2020)",piz,,+,
210447,Bleistiftfabrik L&C Hardtmuth,Bleistiftfabrik L&C Hardtmuth,,,"""Gründung 1878 durch die Budweiser Firma L. & C. Hardtmuth; von 1889 bis 1990 Produktion der Bleistifte Koh-i-noor"" - gnd, 20.02.2023",kif,,+,https://d-nb.info/gnd/1073081109
206426,Dekanat Remagen,Dekanat Remagen,,,Kirchenverwaltung des Dekanates Remagen im Bistum Trier.,kir,,+,https://d-nb.info/gnd/1099945143
19804,Gemeindeverwaltung Langenweddingen,Gemeindeverwaltung Langenweddingen,,,Verwaltung der bis 1. April 2001 eigenständigen Gemeinde Langenweddingen,kio,,+,
312127,Verein Mittelrheinische Sportpresse e.V. (Koblenz),Verein Mittelrheinische Sportpresse e.V. (Koblenz),,,Verein mit Sitz in Koblenz. Nachgewiesen für Zeit um 1952.,kiz,,+,
15314,Egmond von Block,Egmond von Block,,,Trat 1827 in das 2. Leibhusarenregiment ein; 1841 in das 7. Kürassierregiment in Halberstadt versetzt,piz,male,+,http://d-nb.info/gnd/1029423229
257440,Carl Zeiss (Oberkochen),Carl Zeiss (Oberkochen),,,"""Die Firma ""Carl Zeiss"" in Oberkochen ging aus dem ""Carl Zeiss Werk"" in Jena hervor, welches im Jahre 1948 von den sowjetzonalen Behörden sozialisiert wurde"" - gnd, 06.07.2025",kif,,+,https://d-nb.info/gnd/4008987-3
273362,Alexander Alboth's Kunst-Anstalt,Alexander Alboth's Kunst-Anstalt,,,"Kunstanstalt in Leipzig (nachgewiesen 1839, 1857, 1880)",kif,,+,
273366,VEB Wäschefrottier,VEB Wäschefrottier,,,Nachfolgefirma der Weberei Richter und Goldberg Großschönau nach deren Verstaatlichung 1972,kif,,+,
206859,Rheinland-Pfalz. Ministerium der Finanzen,Rheinland-Pfalz. Ministerium der Finanzen,,,rheinland-pfälzische Behörde mit Sitz in Mainz,kio,,+,https://d-nb.info/gnd/42535-7
187791,Gerhard Strotkötter,Gerhard Strotkötter (1858-1919),1858,1919,Lehrer und Heimatkundler in Dorsten,piz,male,+,https://d-nb.info/gnd/101857918
195389,Walter Gott (Firma),Walter Gott (Firma),,,Werkzeughersteller in Solingen. Nachgewiesen für Zeit um 1960.,kif,,+,
327911,Glashütte Bubenbach,Glashütte Bubenbach,,,"Die Glashütte Bubenbach gehört zum Ort Eisenbach, der seinen Namen dem Brauneisenstein und Pyrolusit verdankt, der von 1478 mit Unterbrechungen bis 1942 hier abgebaut wurde. Pyrolusit war einst wichtig zur Herstellung von farblosem Schwarzwaldglas, das vorher als grünliches Waldglas bekannt war.",kif,,+,
270026,Cäcilie Betz,Cäcilie Betz (-1875),,1875,"Von Cäcilie Betz ist nur bekannt, dass sie Museumsdienerin im Kunstgewerbemuseum in Schwäbisch Gmünd war, das sich in einem Flügel des Gebäudes in der Rechbergstraße befand, in dem auch die damalige Staatliche Höhere Fachschule für Edelmetallindustrie untergebracht war.",piz,female,+,
8272,Porzellanmanufaktur Walküre Bayreuth,Porzellanmanufaktur Walküre Bayreuth,,,2020 in Insolvenz gegangener Porzellanhersteller in Bayreuth,kif,,+,
266081,Johann David Zweifel,Johann David Zweifel,,,Deutscher Maler. Nachgewiesen 1655-1676 in Schwäbisch Hall. Porträtmaler. Vater des Malers Georg David Zweifel.,piz,male,+,https://d-nb.info/gnd/105562046X
12400,AG für Feinmechanik vorm. Jetter & Scheerer,AG für Feinmechanik vorm. Jetter & Scheerer,,,"Hersteller medizintechn. Geräte in Tuttlingen, gegr. 1867",kif,,+,http://d-nb.info/gnd/4604255-6
4658,"Bierbrauerei Schade, Dessau","Bierbrauerei Schade, Dessau",,,Brauerei in Dessau. Nachgewiesen für 1930er Jahre.,kif,,+,
232977,R. Hanow (Verlag),R. Hanow (Verlag),,,"Als Verleger für Ansichtskarten um 1900 nachweisbar
Richard Hanow, Berlin W, Pallaskestr. 14",kif,,+,
256470,Desitin-Werk Carl Klinke,Desitin-Werk Carl Klinke,,,Desitin ist ein Pharmaunternehmen in Hamburg.,kif,,+,https://d-nb.info/gnd/2129070-2
277845,Henrich Toews,Henrich Toews,,,Nachgewiesen 2024,piz,male,,
267702,Johann Georg Haupt,Johann Georg Haupt,,,"""Wirkungsdaten: 1672-1710"", ""Vogtsamtsverweser in Gomaringen und Bebenhäusischer Kassierer zu Lustnau"" (16.4.2024, https://d-nb.info/gnd/129822450)",piz,male,+,
8854,Karl-Dieter Seifert,Karl-Dieter Seifert (1931-),1931,,"Ingenieurökonom, Luftfahrtjournalist und -historiker",piz,male,+,http://d-nb.info/gnd/120795698
258406,Manfred Sturzenbecher,Manfred Sturzenbecher (1926-),1926,,"Manfred Sturzbecher diente im 2. Weltkrieg bei der deutschen Luftwaffe. Während der Berliner Luftbrücke war er bei der BP Aviation Service als Flugtankwart auf dem Flughafen Hamburg-Fuhlsbüttel beschäftigt. Aufgrund seiner Freundschaft mit einer Flugzeugbesatzung der World Air Freight, die auf dem Flugplatz Fuhlsbüttel stationiert war, ist er mehrfach während der Berliner Luftbrücke nach Berlin geflogen.

Quelle: Huschke, Rosinenbomber, S. 220.",piz,male,+,
278437,J. P. Bachem Medien GmbH,J. P. Bachem Medien GmbH,,,Kirchenzeitungsverlag des Bistum Köln (nachgewiesen 2024),kif,,+,
342210,Goran Dordevic,Goran Dordevic (1950-),1950,,"Goran Đorđević, geb. 1950 Belgrad, serbischer Konzeptkünstler, in den 1970er und 1980er Jahren in Belgrad tätig, studierter Nuklearphysiker",piz,male,,
153190,Bier- und Brausefabrik Hummelt (Wolmirstedt),Bier- und Brausefabrik Hummelt (Wolmirstedt),,,"Bier- und Brausefabrik Hummelt (Wolmirstedt)
Inhaber: Kaufmann Oskar Hummelt
Fabrikstraße Nr. 3, Wolmirstedt

Bestehen 1950er bis 1970er Jahre?

später Inhaberwechsel: H.[ermann] Hummelt?",kif,,+,
166276,Schede (Postdirektor),Schede (Postdirektor),,,"Postdirektor in Köln, Münzsammler

""Von Herrn Postdirektor Schede in Köln für das Münzkabinett Berlin im Jahre 1866 erworben."" - https://ikmk.smb.museum/ndp/person/11762, 18.09.2021",piz,male,,
114977,Friedrich Edmund Zenker,Friedrich Edmund Zenker,,,"Deutscher Mediziner, Assistenzarzt am Stadtkrankenhaus Dresden-Friedrichstadt. Studium der Medizin; Promotion zum Dr. med. - 1.10 - 12.10.1853: Assistent von Hermann Walther (1815 - 1871), Leiter der inneren Abteilung des Stadtkrankenhauses Dresden-Friedrichstadt - Verwandt [?] mit Friedrich Albert von Zenker (1825 - 1898), 1851 bis 1862 Prosektor am Stadtkrankenhaus Dresden-Friedrichstadt (Quellen: Klimpel 1998; Untersetzkarton) - Stadtmuseum Dresden, 07.03.2020",piz,male,+,
57118,Arthur Schüler,Arthur Schüler (1877-1939),1877,1939,"""Arthur Schüler (1877-1939), Maler"" - http://www.smb-digital.de/eMuseumPlus?service=ExternalInterface&module=collection&objectId=958986, 07.08.2018",piz,male,+,
345046,Carl Ludwig Urban,Carl Ludwig Urban (1800-1863),1800,1863,"Maurermeister in Berlin, geb. 26. 1. 1800 Berlin (Jerusalemskirche), gest. 20. 8. 1863 Berlin (St. Jakobi), evang., 1844 wohnhaft Alte Jakobstraße 117 (zugleich Hauseigentümer)",piz,male,+,
212264,Neusser Artillerie-Corps von 1854,Neusser Artillerie-Corps von 1854,,,"Das Neusser Artillerie-Corps, gegründet 1854, ist eines der zehn Korps, die dem Neusser Bürger-Schützen-Verein angehören und beim Neusser Schützenfest Ende August das Schützenregiment bilden.",kiz,,+,
193438,Wagner & Söhne Nossen,Wagner & Söhne Nossen,,,"Gegründet 1871; Eintrag in das Herstellerregister der schweiz. Eichbehörde am 16. Januar 1902. Die Firma fertigt Balken-, Tafel-, Dezimal-, Schnell-, Centesimal-, Laufgewichts-, Last-, Kran- und Gepäckwaagen. Nachfolger ab 1946 ist ""VEB Nossener Waagenfabrik - NOWA""",kif,,+,
322859,Lavrale,Lavrale,,,Brasilianischer Landtechnikhersteller (nachgewiesen 1980er Jahre in Rio Grande do Sul),kif,,+,
10778,Franz Hesse (Buch- und Papierhandlung),Franz Hesse (Buch- und Papierhandlung),,,Buch und Papierhandlung in Magdeburg,kif,,+,
322952,TuS Westfalia Sölde,TuS Westfalia Sölde,,,"Sportverein im Dortmunder Stadtteil Sölde, gegründet 1885 (1985 100-jähriges Bestehen)",kiz,,+,
4460,SAG Photoplenka Filmfabrik AGFA Wolfen,SAG Photoplenka Filmfabrik AGFA Wolfen,,,"Filmfabrik in Wolfen unter russischer Leitung, bestand bis 31.12.1953",kif,,+,
191293,Fotoatelier Max Schimanski,Fotoatelier Max Schimanski,,,"Fotoatelier in
- Kiel, Hotenauerstr. 32",kif,,+,
273617,Numa Praetorius,Numa Praetorius (1866-1951),1866,1951,Pseudonym von Eugen Wilhelm,pip,male,+,
312690,Georg Stauch,Georg Stauch (1560-1620),1560,1620,"""Evangelisch-lutherischer Theologe; 1587-1620 Pastor in Neutz und Döblitz bei Halle (Saale)"" - gnd, 08.07.2025",piz,,+,https://d-nb.info/gnd/120222183
221611,Franziska von den Driesch,Franziska von den Driesch (1981-),1981,,"Künstlerin, geboren 1981 in Steinfurt, lebt und arbeitet in Bremen. 

2001–2003 Studium / AKI academie voor beeldende kunst / Enschede, Niederlande
2003–2011 Studium / Hochschule für Künste Bremen (Diplom bei Prof. Peter Bialobrzeski)
seit 2012 Lehraufträge / Fotografie / Hochschule für Künste Bremen/ Wilhelm-Wagenfeld-Schule für Kunst Design
und Medien/ Akademie für Kommunikationsdesign Hamburg/ und weitere
seit 2018 Leitung der Fotografie-Werkstatt / Blaumeier-Atelier / Bremen",piz,female,+,https://d-nb.info/gnd/1266218823
132027,Graphit-Produkte Dohna,Graphit-Produkte Dohna,,,"1.4.1903 Gründung der Firma „Humann und Teisler“, einer chemischen Fabrik in Dohna, durch Dr. Emil Teisler und Alexander Humann
1933 Gründung der Firma Graphit-Produkte Alexander Humann in den Räumen der aus den Rütgerswerken (später Fluor-Chemie) herausgelösten Graphitabteilung 
1942 Ansiedlung auf dem Gelände der ehemaligen Brauerei Schubert, Entwicklung von Kolloid-Graphit-Präparaten und Graphitpasten. Errichtung einer Gießerei-Graphit-Abteilung Export nach England, Frankreich, Argentinien, Brasilien und Russland.
Nach 1945 Verarbeitung alter Restbeständen aus früheren Versuchen für Rasier-, Haut- und Schuhcreme
1947/1948 Wiederaufnahme der Gießerei-Graphit-Produktion
1958 staatliche Beteiligung
1972 vollständige Verstaatlichung zum VEB (volkseigener Betrieb, der einzige seiner Art in der DDR). Der Rohstoff an Gießerei-Graphit wurden hauptsächlich aus Nordkorea, später auch Südkorea importiert.
1991 Nach der politischen Wende Übernahme des Graphitwerks durch die Firma Reiner, Chemische Fabrik in Weilersbach. Übernahme in die Fuchs-Gruppe: Eingliederung in die Lubritech GmbH
1993 Bau einer Entstaubungsanlage
(Quelle: Heimatmuseum Dohna, Eva-Maria Lohberg, Stand 2019. Vgl. auch Lokalanzeiger der Stadt Dohna, 2017, Nr. 8, S.17-18. Erfassung K. Lauterbach, 7.9.2020)",kif,,+,
269036,Ferdinand May (Verlag),Ferdinand May (Verlag),,,"Der Verlag ""Ferdinand May"" befand sich Ende der 1930er Jahre in Berlin (Lippehner Str. 17) und veröffentlichte Ansichtskarten.",kif,,+,
301587,Nicolas Nicolaou (Designer),Nicolas Nicolaou (Designer),,,Architekt und Industriedesigner in Dänemark.,piz,male,+,
16981,E. Bartels (Verlag),E. Bartels (Verlag),,,Verlag in Berlin-Weißensee,kif,,+,
327698,Mintel Druck Zinnowitz,Mintel Druck Zinnowitz,,,"Druckerei in Zinnowitz (nachgewiesen 1983. Adresse: Neue Strandstr. 16a, 17454 Zinnowitz, Telefonnummer 038377 42285).",kif,,+,
206172,Photoatelier Gombert,Photoatelier Gombert,,,Verlag für Postkarten in Saarebourg zur Zeit des ersten Weltkrieges.,kif,,+,
20663,Jacob Conrad Bohnekamp,Jacob Conrad Bohnekamp,,,"Zinngießer, 19. Jh., Niedersachsen",piz,,+,
50186,Fotoatelier Johann Hartmann,Fotoatelier Johann Hartmann,,,"Fotoatelier in
- Bayreuth, Kanalstraße",kif,,+,
47194,Gustav Ewald Feuerlöschgeräte,Gustav Ewald Feuerlöschgeräte,,,"Die Firma Gustav Ewald Feuerlöschgeräte, 1878 in Küstrin-Neustadt gegründet, zählte zu den Pionieren der Feuerlöschgeräteherstellung. 1904 fusionierte die Fa. mit der Justus Christian Braun AG (Nürnberg), der Feuerwehrgeräte-Fabrik C. D. Magirus (Ulm) und der Feuerwehrrequisiten-Fabrik I.G. Lieb (Biberach/Riß) zu einer Vertriebsgesellschaft mit dem Namen Vereinigte Feuerwehr-Geräte-Fabriken GmbH Berlin bzw. Ulm.",kif,,+,
327856,Gemeindeverwaltung Hermsdorf (Hohe Börde),Gemeindeverwaltung Hermsdorf (Hohe Börde),,,Verwaltung der Gemeinde Hermsdorf in der Hohen Börde,kio,,+,
9918,Bernhard Haase (Firma),Bernhard Haase (Firma),,,"Bernhard Haase (1895-1959) führte einen Steinmetzbetrieb in Wormsdorf mit eigenem Sandsteinbruch. Fertigte Bauteile für Gebäude aus Sandstein, vorrangig auch Grabeinfassungen und Grabsteine. Der Betrieb bestand bis ca. Mitte des 20. Jahrhunderts.",kif,,+,
254893,Günter Becker Offset Druckerei,Günter Becker Offset Druckerei,,,"Offset Druck Becker, Hettenrodt",kif,,+,
344357,Verband der Siebenbürger Sachsen und Banater Schwaben in Deutschland,Verband der Siebenbürger Sachsen und Banater Schwaben in Deutschland,,,"deutscher Vertriebenenverband
""Gegründet 1949. 1950 Abspaltung der Banater Schwaben und Umbenennung in ""Verband der Siebenbürger Sachsen in Deutschland""."" (GND 31.01.2026)",kiz,,+,https://d-nb.info/gnd/7695261-7
210780,Zespà,Zespà,,,"https://zespa.fr/en: In 2009 we founded ZESPÀ, here in the Aix-en-Provence in the South of France. We make high-end crafted footwear with patterns and colours inspired by our Mediterranean roots. We use noble ingredients, our products are long-lasting yet chic. Using our mastery we create shoes which are made for the customer who likes quality crafted products yet we are democratic when it comes to our prices. Firstly, we started by re-envisioning the design of the traditional espadrille turning it into a smart piece of footwear, then we walked our first catwalk in collaboration with Carven back in 2013. Then later we decide to make trainers a high-end product in 2014. For almost a decade we have shown to our customer how versatile our designs can be without forsaking our quality of our product, our character and elegance.",kif,,+,
37295,Bruno Adalbert Augustin,Bruno Adalbert Augustin (1812-1852),1812,1852,Arzt und Mediziner,piz,male,+,http://d-nb.info/gnd/104350474
286310,Zürcher Nelkenmeister,Zürcher Nelkenmeister,,,In Zürich tätiger Maler. Nachgewiesen um 1490. Historien- und Porträtmaler. Eventuell Identisch mit Hans Leu (der Ältere).,piz,,+,https://d-nb.info/gnd/188443614
144584,"NSDAP, Gau Westfalen-Nord","NSDAP, Gau Westfalen-Nord",,,Verwaltungseinheit der NSDAP,kiz,,+,
282714,Hanns Rothmüller,Hanns Rothmüller (1898-1983),1898,1983,"Hanns Rothmüller war ein deutscher Künstler und Goldschmied, der von 1898 bis 1983 lebte. Er ist bekannt für seine Arbeiten im Bereich des Schmucks und der Goldschmiedekunst. Rothmüller war besonders in München aktiv, wo seine Werke von der Prinzregentenzeit bis in die 1920er Jahre vom Münchner Jugendstil beeinflusst wurden. Später orientierten sich seine dekorativen Elemente mehr am französischen Art Déco.",piz,male,+,
315277,Rudolf Schoen,Rudolf Schoen (1892-1979),1892,1979,"Arzt, Internist",piz,male,+,https://d-nb.info/gnd/104533528
267715,Kevafin GmbH Marktredwitz,Kevafin GmbH Marktredwitz,,,Porzellanfabrik in Marktredwitz. Betrieb um 2000 eingestellt,kif,,,
232402,Gottlob Friedrich Stritter,Gottlob Friedrich Stritter,,,Kaufmann in Stuttgart,piz,male,+,
25359,Fotoatelier Fülle & Ganser,Fotoatelier Fülle & Ganser,,,"Fotoatelier in
- Wuppertal, Werth 20 (ehedem: Barmen, Wertherstraße 20)
belegt um 1900",kif,,+,
199820,Carl Friedrich Schönberg,Carl Friedrich Schönberg,,,Goldschmied in Nürnberg.,piz,male,+,
130065,Äneas (Bibel),Äneas (Bibel),,,Person aus der Bibel,pxl,,+,
2950,Philipp Ludwig Bruch,Philipp Ludwig Bruch,,,"Sohn des Mainzer Notars, Ornithologen und Mitbegründers der Rheinischen Naturforschenden Gesellschaft Carl Friedrich Bruch
(Vorname auch Louis)",piz,male,+,
201136,Jos. G. Fabricius (Weinhandel),Jos. G. Fabricius (Weinhandel),,,Weinhandelsunternehmen in Pest,kif,,+,
203356,Alpha print medien AG,Alpha print medien AG,,,"Die alpha print medien AG war eine in Darmstadt ansässige Druckerei, die 2003 gegründet wurde.
Sie stellte den Betrieb am 27.12.2018 ein.",kif,,+,https://d-nb.info/gnd/1069613363
192062,Luise Amalie Eugenie von Dünnewald,Luise Amalie Eugenie von Dünnewald (1691-1751),1691,1751,"Sie ist die Tochter von Curt Reinicke II.von Callenberg und somit Urgroßtante Fürst Pücklers. 
1717 heiratete Luise Amalie den kaiserlichen Generalmajor und Reichsgrafen Ludwig von Dünnewald und trat zum Katholizismus über. Gemeinsam lebten sie auf dem Dünnewaldschen Gut Zabor in Böhmen.",piz,female,+,
72826,Wilhelm I. von Mansfeld-Arnstein,Wilhelm I. von Mansfeld-Arnstein (1553-1615),1553,1615,"Graf von Mansfeld-Arnstein

""Graf Wilhelm (I./V.)[47] von Mansfeld-Arnstein, markgräflich brandenburgischer Geheimer Rat und Oberhofmarschall, (* 1555; †† 21. Oktober 1615 in Ansbach); ⚭ (24. Juni 1592) Gräfin Mathilde von Nassau-Dillenburg (* 27. Dezember 1570; † 10. Mai 1625), Tochter von Graf Johann VI. von Nassau-Dillenburg (1536–1606) und Landgräfin Elisabeth von Leuchtenberg (1538–1579) "" - Wikipedia über Stammliste des Hauses Mansfeld, 21.12.2019",piz,male,+,https://d-nb.info/gnd/120394383
191793,Druckerei Förner,Druckerei Förner,,,Druckerei in Bad Kreuznach,kif,,+,
316316,Johann Untch,Johann Untch (1926-2004),1926,2004,war ein deutsch-rumänischer Künstler,piz,male,+,
69797,Lippischer Landtag,Lippischer Landtag,,,Volksvertretung im Fürstentum und späteren Freistaat Lippe,kio,,+,
120688,Johannes Ratelband I. Erven,Johannes Ratelband I. Erven,,,"""Sortimentsbuchhandel mit in Amsterdam (1730-1749)"" - gnd, 12.08.2024",piz,,,https://d-nb.info/gnd/6146431-4
40548,Karl Schneidwind,Karl Schneidwind,,,1968 Ortschronist von Glindenberg.,piz,male,+,
5758,K. Hühn (Maler),K. Hühn (Maler),,,"(Zeitzer?) Maler/in, wirkte um 1930.",piz,male,+,
260353,Elisabeth Neßler,Elisabeth Neßler (1875-),1875,,Von einer Malerin dieses Namens bewahrt das Stadtmuseum Brandenburg an der Havel zwei um 1900 entstandene Gemälde mit Ansichten von Ziesar. Eine Malerin Elisabeth [Else= Kurzform von Elisabeth] Neßler (geb. 1875) konnte in Ziesar nicht nachgewiesen werden.,piz,female,+,
345677,Luise Müller (Malerin),Luise Müller (Malerin) (1811-),1811,,"Blumenmalerin und Lehrerin in Berlin (* 1813/14 evtl. in Berlin, † vor 1877 vermutlich in Berlin)

auch: Louise Christiane Müller
auch: Luise Müller
Ehename: Luise Schröder",piz,female,,
331595,Karl Maronn,Karl Maronn (1849-1932),1849,1932,"Karl (anfangs Carl) Ernst Oswald Maronn, Rechnungsrat, expedierender Sekretär in Berlin, zuvor Büroassistent im Großn Generalstab, geb. 4. 6. 1849 Groß Peterkau, Kreis Schlochau (Westpreußen), gest. 22. 11. 1932 Berlin-Wilmersdorf
Quelle: Standesamtsregister Berlin.",piz,male,+,
179499,Firma Karl Gerlach (Gladbeck),Firma Karl Gerlach (Gladbeck),,,Unternehmen der Bergwerksausrüstung in Gladbeck,kif,,+,
258155,Bruno Wilde (Buchbinder),Bruno Wilde (Buchbinder) (1866-1909),1866,1909,"Buchbindermeister in Berlin, Inhaber einer Papier-, Schreib- und Zeichenwaren-Handlung in Berlin, Rathenower Straße 3 (nachgewiesen 1899)
geb. 1865/66 in Hainichen/Sachsen, gest. 1909 in (Berlin-)Buch",piz,male,+,
54331,Friedrich Wilhelm Müller Jr. (Firma),Friedrich Wilhelm Müller Jr. (Firma),,,"Hersteller von Kindernähmaschinen, seit 1868 Sitz in der Mariannenstraße 9, später in der Cuvrystraße 20 und 23 in Berlin-Kreuzberg. (https://www.fhxb-museum.de/index.php?id=171)",kif,,+,
205217,Schott Elektrogeräte GmbH,Schott Elektrogeräte GmbH,,,"Unternehmen, 1993 übernommen von efbe, die fortan unter efbe-Schott firmieren.

""... In den folgenden Jahren wird der Betrieb zentralgeleitet vergrößert, in VEB (B) Elektrogeräte- und Armaturenwerk Bad Blankenburg umbenannt. Mit dem neuen Gesellschafter Dipl.Kfm. Bernd Heinze privatisiert sich das Unternehmen am 01.01.1993 und der Kauf der Produktionseinrichtungen und Werkzeuge der in Konkurs gegangenen ""Schott Elektrogeräte GmbH"" Groß Ippener bilden die Grundlagen eines kundenorientiert und wirtschaftlich produzierenden Unternehmens. ..."" - https://www.efbe-schott.de/efbe-schott-footer/Informationen/UEber-Uns/, 02.07.2022",kif,,+,
