5107,Heinrich Werrmann,Heinrich Werrmann (1903-1987),1903,1987,"Heinrich Werrmann war der Pankower Pinselheinrich, ein Maler und Chronist.",piz,male,+,
64737,Narcisse Navellier,Narcisse Navellier,,,"Französischer Grafiker und Holzschneider, tätig um 1865 in Paris (GND, 15.01.2019)",piz,male,+,http://d-nb.info/gnd/1059719029
2867,Porzellanfabrik Jaeger & Co. Marktredwitz,Porzellanfabrik Jaeger & Co. Marktredwitz,,,"1898 Gründung als Porzellanfabrik Jaeger, Thomas & Co durch Jaeger und Fritz Thomas (1865-1940). Fritz Thomas war, nachdem er in München die Kunstgewerbeschule und Chemiekurse an der Technischen Hochschule besucht hatte, seit 1889 Leiter der Porzellanfabrik J. K. Kästner in Ohrdruf/Thüringen gewesen.
1903 Ausscheiden von Fritz Thomas
Seit 1904 ? Porzellanfabrik Jaeger & Co, Marktredwitz.
Gehörte zur Tognana-Gruppe, Bari, Italien.
Schließung der Firma 1984
Produktion: Tafel-, Kaffee-, Teeservice, Geschenkartikel

(Bake, Kristina: Kunsthandwerk und Design Bestandskatalog Band 2 Porzellan, Gründig, Rita; Dräger, Ulf (Hrsg.), Halle (Saale) 1997, S. 43; gnd)",kif,,+,http://d-nb.info/gnd/1057825824
123555,Paolo di Niccolò Cerretani,Paolo di Niccolò Cerretani,,,"""Cerretani, Paolo di Niccolò
Münzmeister für die Goldprägung in Florenz im 1. Halbjahr 1507 und 1520. Münzmeisterzeichen Wappenschild mit Schrägbalken, darauf drei Eichenbäume.
Lit.: M. Bernocchi, Le Monete della Repubblica Fiorentina II (1975) 493 f. 530."" - https://ikmk.smb.museum/ndp/person/5099, 20.07.2022",piz,male,+,
156883,Christoph Zimmer,Christoph Zimmer,,,Lithograph und Verleger. Nachgewiesen für Zeit um 1830.,piz,male,+,
190101,Ulrich Burandt,Ulrich Burandt (1931-2021),1931,2021,"Ulrich Burandt studierte von 1956-1960 an der Hochschule für Gestaltung (HfG) Ulm. Er arbeitete als wissenschaftlicher Mitarbeiter im Institut für Hygiene und Arbeitsphysiologie an der ETH Zürich. Von 1978-1994 war er Professor an der Gesamthochschule Essen, Fachbereich Gestaltung und Kunsterziehung.",piz,male,+,
8760,Sanitätswerke Moosdorf & Hochhäusler,Sanitätswerke Moosdorf & Hochhäusler,,,"Berlin, 1889 gegr.",kif,,+,http://d-nb.info/gnd/5089280-0
256358,Beck-Bräu Trabelsdorf,Beck-Bräu Trabelsdorf,,,Die Beck-Bräu Trabelsdorf hat 2017 als Familienbrauerei den Betrieb eingestellt. Der Ort Trabelsdorf ist seit 1978 ein Ortsteil von Lisberg.,kif,,+,
51182,Joseph von Spegers auf Palenz und Reisdorf,Joseph von Spegers auf Palenz und Reisdorf (1725-1791),1725,1791,"""Sperges auf Palenz und Reisdorf, Joseph Freiherr von (Kunstfreund und Geschichtsforscher, geb. zu Innsbruck 31. Jänner 1725, gest. zu Wien 26. October 1791). Sein Vater war tirolischer Gubernialrath und geheimer Archivar zu Innsbruck. Der Sohn, für die wissenschaftliche Laufbahn sich entscheidend, erhielt eine gelehrte Erziehung, welcher er alle Ehre machte, denn schon im Alter von 14 Jahren verfaßte er, als die Kaiserin Maria Theresia mit ihrem Gatten Franz Stephan Innsbruck besuchte, ein lateinisches Gedicht auf das Kaiserpaar, das alle Beachtung verdient. Auch sonst übte er sich schon in jungen Jahren in Abfassung lateinischer Inschriften, in kleineren Gedichten und versuchte sich sogar in Abhandlungen über Gegenstände von größerer Wichtigkeit. Nachdem er seine Studien beendet, betrat er in verhältnißmäßig jungen Jahren in Trient die juridische Laufbahn und wurde 1724 Secretär der landesfürstlichen Stadthauptmannschaft in Trient. Bald gab sich sein ungewöhnliches Geschick in Behandlung schwieriger Fälle kund, und so wurde er 1750 als Secretär nach Roveredo geschickt, wo er unter dem Grafen von Wolkenstein und Freiherrn von Hormayr (Vater) bei der Auseinandersetzung und den Verhandlungen der Grenzstreitigkeiten zwischen Tirol und dem Staate von Venedig in Verwendung stand. ..."" - https://de.wikisource.org/wiki/BLK%C3%96:Sperges_auf_Palenz_und_Reisdorf,_Joseph_Freiherr_von, 08.09.2020",piz,male,+,
120344,Ernst Werner Schulze,Ernst Werner Schulze (1927-2005),1927,2005,Grafiker in Halle / Saale. Gebürtig aus Dessau. Lehrkraft an Giebichenstein.,piz,male,+,
188809,Lina von Gruben,Lina von Gruben,,,"Verfasste Kochbuch gemeinsam mit Luise Hartdegen: ""Die Küche des Friedrichsstifts""",piz,female,,
16624,Paul Lange (Kartograph),Paul Lange (Kartograph),,,"Landkartenzeichner, Kartograph aus Halle, 1. H. 20. Jh.",piz,male,+,
3991,Lithografische Anstalt Th. Sebald,Lithografische Anstalt Th. Sebald,,,Lithografische Anstalt in Halle/S.,kif,,+,
205222,Museum für Verkehr und Technik (MVT),Museum für Verkehr und Technik (MVT),,,1983-1996 bestehendes Museum in Berlin. Vorläufer des Deutschen Technikmuseums.,kiz,,+,https://d-nb.info/gnd/515155-7
44689,Rudolf Böhmer (Bezirksamtmann),Rudolf Böhmer (Bezirksamtmann) (1875-1944),1875,1944,"Deutscher Kolonialbeamter, u.a. Bezirksamtmann von Lüderitzbucht. Kolonialapologet.",piz,male,+,http://d-nb.info/gnd/1104743493
274156,Gustav Lustnauer,Gustav Lustnauer,,,"Wohnhaft in Neuenbürg. Eigentümer eines Kolonialwarenladens mit Verkauf von Cigarren & Tabake, Salz-und Kohlelager in der Marktstraße von Neuenbürg. Um 1907.",piz,male,+,
43724,Case Corporation,Case Corporation,,,"Die Case Corporation war ein seit 1842 bestehender Hersteller von Land- und Baumaschinen, welcher 1999 in den Konzern CNH Global aufging, der seit dem unter anderem die Marken Case IH für Landmaschinen und Case CE für Baumaschinen führt. (Wikipedia)",kif,,+,
72693,Pforzheimer Uhren-Rohwerke GmbH (P.U.W.),Pforzheimer Uhren-Rohwerke GmbH (P.U.W.),,,"Deutscher Uhrenhersteller 
Die Firma Pforzheimer Uhren-Rohwerke GmbH wurde 1932 als Unternehmen zur Herstellung von Uhrwerken und Uhrteilen von Fritz Wagner gegründet. Als Geschäftsführer wurden 1933

 Fabrikant Paul Dietrich, 
 Fabrikant Arthur Wagner und 
 Uhrmachermeister Rudolf Wehner 

in das Handelsregister eingetragen. Arthur Wagner fungierte als Hauptgeschäftsführer.

Bisherig als Anteilseigner mit 20 % bekannt ist die Pforzheimer Uhrenfirma Philipp Weber Uhrenfabrik GmbH & Co. KG. Weitere Anteilseigner werden vermutet.
Der Markennahme war P.U.W. -(wiki-watch, https://watch-wiki.org/index.php?title=Pforzheimer_Uhren-Rohwerke_GmbH_(P.U.W.))",kif,,+,
124394,Elfriede Frensch,Elfriede Frensch,,,Einwohnerin von Templin in den 1950er Jahren,piz,female,+,
302141,Conrad Bender,Conrad Bender,,,Notar in Frankfurt am Main um 1600,piz,male,+,
46046,Martin Pfeffer (Musikethnologe),Martin Pfeffer (Musikethnologe) (1963-),1963,,"""Geboren 1963 in Berlin. ... 1985-2000 diverse musikethnologische Feldforschungen in der Türkei (Region Muğla und Antalya) und Usbekistan (Taschkent, Samarkand, Buchara, Chiwa),
Schwerpunkt: Instrumentenkunde/Langhalslauten und Repertoire der traditionellen Kunst- u. Volksmusik."" - https://musikschulewannsee.wordpress.com/ueber-uns/unsere-lehrerinnen-und-lehrer/martin-pfeffer/, 17.08.2019",piz,male,+,
185886,Franz Jan Bartels,Franz Jan Bartels (1894-1947),1894,1947,"Bartels, Franz Jan Adolf Heinrich (geb. 30.07.1894 Magdeburg-gest. 09.07.1947 Magdeburg), war Maler und Grafiker.
Über seine Vita ist wenig bekannt. In Magdeburg besuchte er die Kunstgewerbeschule, zu seinen Lehrern gehörte Franz Fiebiger. Zusammen mit Max Dungert und Bruno Beye war er 1919 Initiator zur Gründung der Künstlervereinigung Die Kugel in Magdeburg. Sein Vater war Besitzer einer Gaststätte “Goldene Kugel”, von der dieser Begriff stammen könnte. Seine Graphiken der frühen 1920er Jahre sind von expressionistischem Gestus geprägt (Abb. in Zeitschriften der Kugel, 1919/20). Für die späteren Arbeiten ist dagegen ein schlichter Realismus charakteristisch. Beye und B. bestritten die letzte Kugel-Ausstellung 1929. Seine wesentlichen Sujets sind Porträts, Landschaften und Stilleben. Kriegsverluste haben das Werk reduziert.
Werke: Konvolut von Zeichnungen im KHM Magdeburg.
Literatur: Kat. Magdeburger Kunstausstellung 1948; Renate Hagedorn, “Die Kugel” – eine Künstlervereinigung der 20er Jahre, Kat. Magdeburg 1993/94.",piz,male,+,
326040,Andreas Kowalski,Andreas Kowalski,,,"Schlesischer Maler und Bildschnitzer. Nachgewiesen 1678-1702, tätig in Breslau (Wroclaw). Porträt- und Historienmaler.",piz,male,+,
202281,Treuhänder der Arbeit Hessen,Treuhänder der Arbeit Hessen,,,"""Die Treuhänder der Arbeit (auch Reichstreuhänder der Arbeit) waren eine am 19. Mai 1933 per Reichsgesetz geschaffene Instanz, die bei Konflikten in Betrieben zwischen Unternehmern und Arbeiterschaft vermitteln sollten. Insgesamt wurden 22 Treuhänder berufen, die alle dem Reichsarbeitsministerium direkt unterstellt waren. Die Reichstreuhänder der Arbeit waren Teil der arbeitnehmerischen und betrieblichen Gleichschaltung der Gesellschaft während der Zeit des Nationalsozialismus. Die Treuhänder rekrutierten sich in der Regel aus der Privatwirtschaft, staatlichen Arbeits- und Wirtschaftsverwaltungen oder aus den Industrie- und Handelskammern (IHK). Die Berufung eines Treuhänders galt ein Jahr (ab dem 1. Mai jeden Jahres) und konnte alljährlich erneuert werden."" - (Wikipedia (de) 10.05.2022)

In Hessen bekleidete das Amt zunächst Dr. Carl Lüer, 1934 folgte SS-Stabsführer Schwarz der im November 1936 bei einem Flugzeugabsturz in Erfurt tödlich verunglückte.",kiz,,+,
44231,Karl Adametz,Karl Adametz (1877-),1877,,"Kolonialoffizier. Unter https://www.deutsche-gesellschaft-fuer-ordenskunde.de/DGOWP/wp-content/uploads/2014/02/Verleihungsliste_Kolonialdenkm%C3%BCnze-f%C3%BCr-die-Angeh%C3%B6rigen-der-Schutz.pdf findet sich (30.08.2019) eine Verleihliste der Kolonialgedenkmünze, darin wird ein Karl Adametz aufgeführt über den es heißt, er sei Hptm. in Kamerun (gewesen) und am 28.3.1877 geboren.",piz,male,+,
2657,Lola von Amelung-Wendt,Lola von Amelung-Wendt (1915-2008),1915,2008,Künstlerin aus Charkow.,piz,female,+,
278132,Oscar Ruffony,Oscar Ruffony (1874-),1874,,Schweizer Bildhauer,piz,male,+,
32597,Baugewerksinnung des Kreises Templin,Baugewerksinnung des Kreises Templin,,,"Innung der Mauer etc. in Templin, nachgewiesen 1915",kiz,,+,
277509,Heinz Bullerkist,Heinz Bullerkist,,,Heinz Bullerkist ist der Sohn von Hermann Bullerkist.,piz,,+,
263159,Manfred Zelt,Manfred Zelt (1934-),1934,,"Journalist, Redakteur und Theaterkritiker",piz,male,+,https://d-nb.info/gnd/121013111
126635,August Fuchs,August Fuchs,,,"Bürger aus Lippstadt, der im 19. Jahrhundert eine mathematische Dissertation an der Universität Marburg verfasste.",piz,,+,
154166,Bernhard Klinckerfuß,Bernhard Klinckerfuß (1801-1859),1801,1859,"Kunstschreiner, Klavier- und Cembalobauer, Schreiner, Möbelbauer, Musikinstrumentenbauer",piz,male,+,https://d-nb.info/gnd/1012722791
6272,Dominus Syfridus Vihlin,Dominus Syfridus Vihlin,,,Herrenberger Dekan und Pfarrer (14. Jh.),piz,male,+,
142432,VE Fischkombinat Rostock,VE Fischkombinat Rostock,,,Kombinat in Rostock.,kif,,+,
162577,Faber Druck GmbH,Faber Druck GmbH,,,Druckerei in Kaiserslautern,kif,,+,
180324,Düsseldorfer Bronzegießerei GmbH,Düsseldorfer Bronzegießerei GmbH,,,Bronzegießerei in Düsseldorf.,kif,,+,
274674,Topless (Elektronik),Topless (Elektronik),,,deutscher Elektronikhersteller (nachgewiesen 1995),kif,,+,
20766,Manfred Hustedt,Manfred Hustedt,,,"Einwohner von Wolmirstedt, 20. Jh.",piz,male,+,
330705,Umkreis des Conrat Meit,Umkreis des Conrat Meit,,,Personen im Umkreis von Conrat Meit (um 1470/85 - 1550/51).,siu,,+,
48528,"Buchdruckerei A. Haase, Prag","Buchdruckerei A. Haase, Prag",,,Druckerei in Prag. Nachgewiesen für Zeit um 1900,kif,,+,
221720,Christiane Charlotte Selle,Christiane Charlotte Selle (1765-1833),1765,1833,Verheiratet mit Christian Gottfried Selle (1763-1825) in Frankfurt (Oder),piz,female,+,
206690,Preußische Bergwerksdirektion (Saarbrücken),Preußische Bergwerksdirektion (Saarbrücken),,,Nach der Niederlage im ersten Weltkrieg wurden die Saarbergwerke für 15 Jahre französisch: Frankreich. Administration des Mines Domaniales du Bassin de la Sarre.,kio,,+,https://d-nb.info/gnd/35058-8
15282,P. Spaleck,P. Spaleck,,,"Autor wärmetechnischer Fachliteratur, Veröffentlichte im Verlag Junkers & Co. in Dessau, 1920er Jahre.",piz,male,+,
122000,Friedrich I. von Diepholz,Friedrich I. von Diepholz (1493-1529),1493,1529,Herr von Diepholz.,pik,male,+,
274894,Gerhard Frank,Gerhard Frank (1948-),1948,,"Konditormeister, Cafébetreiber, ehrenamtlicher Leiter des Heimatmuseums und Heimatpfleger in Crailsheim, seit 1988 freischaffender Künstler, Studium an der Haller Akademie der Künste, zahlreiche Ausstellungen. Er lebt in seiner Geburtsstadt Crailsheim und arbeitete bis zu einer schweren Erkrankung (2020). Gerhard Frank ist der Sohn des Konditormeisters Wilhelm Frank (1903 -1976) Heimatpfleger und Lokalhistoriker, Stadtrat und Lokalpolitiker.",piz,male,+,
62148,Kaspar Distler,Kaspar Distler (1550-1595),1550,1595,"""Goldschmied und Stempelschneider."" - https://ikmk.smb.museum/object?id=18226691, 04.09.2018.

Nachgewiesen für Zeit um 1585.",piz,male,+,https://d-nb.info/gnd/1169825761
265865,Bavaria Moschendorf,Bavaria Moschendorf,,,"Die Porzellanfabrik Moschendorf wurde 1878 in Hof-Moschendorf gegründet und 1957 geschlossen. ...
Produkte

1906[1] wurden Gebrauchs- und Luxusartikel hergestellt. Musterlager wurden in Berlin, Hamburg, Amsterdam, London, Paris, Kopenhagen etc. unterhalten. Von 1915 bis 1957 wurde Porzellan mit Strohhalmdekor gefertigt.[2] Es gab folgende Formen: Form 1457 (um 1910), Form Konisch (um 1915), Form Feston (Wellenrand) (ca. 1920–1957), Form 1620 (um 1927)[3], Form 1657 (ca. 1925–1930), Form 1674 (um 1930), Form 1694 (um 1930), Form 1697 (um 1930) und Form 1710 (1930–1935). Bekannt ist auch das Schokoladenmädchen-Service. Das Porzellan der Fabrik wurde nach Berlin verkauft und exportiert wurde nach Amerika, Schweden, Dänemark und Italien.
Fabrikmarke
Die bekannteste Fabrikmarke ist eine grüne Stempelmarke[4]. Sie zeigt ein Monogramm mit den Buchstaben „P“ und „M“, wobei der erste Strich des M identisch mit dem unteren Strichteil des P ist. Es ist umrahmt von einem Lorbeerkranz mit einer Krone darüber. Unter dem Kranz steht „Moschendorf“, darunter „BAVARIA“. ...",kif,,+,
213775,Bischöfliches General-Viktariat Trier,Bischöfliches General-Viktariat Trier,,,Kirchenverwaltung des Bistums Trier.,kir,,+,
234359,Robert Brown (Restaurator),Robert Brown (Restaurator) (1954-),1954,,Restaurator aus Salzburg,piz,male,+,https://d-nb.info/gnd/1031917055
203275,Computing Tabulating Recording Co.,Computing Tabulating Recording Co.,,,"Aus der Computing Tabulating Recording Co., die ihren Sitz in New York City hatte wurde IBM.",kif,,+,https://d-nb.info/gnd/276509-3
310135,Fritz Kweller,Fritz Kweller (1877-1943),1877,1943,"Dr. Fritz Kweller war praktischer Arzt in Berlin. Er wurde am 18. August 1877 in (Berlin-)Charlottenburg geboren als Sohn des Kaufmanns Anselm Kweller und dessen Frau geb. Goldine geb. Sorauer, beide jüdischer Religion (Standesamt Charlottenburg, Reg.-Nr. A 852/1877). Er gehört zu den Opfern des Konzentrationslagers Theresienstadt, wo er laut Sterbeurkunde im Herbst 1943 gestorben ist (Standesamt I in Berlin-Ost, Reg.-Nr. C 9342/1949, eingetragen am 23. 8. 1949).",piz,male,+,
12737,W. Seiler (Fotograf),W. Seiler (Fotograf),,,"Fotograf in Königsfeld (Schwarzwald), 20. Jh.",piz,,+,
210061,Verlag Max Wiesebach,Verlag Max Wiesebach,,,Ein Verlag in Berlin-Friedrichshagen.,kif,,+,
4794,Ludwig Möller (Verlag),Ludwig Möller (Verlag),,,Verlag in Lübeck,kif,,+,
48348,Carl Franz Wurm-Reithmayer,Carl Franz Wurm-Reithmayer (1876-1949),1876,1949,"Fotograf, geb. Königstein (Taunus), gest. Hamburg (rkd, 31.01.2019)",piz,male,+,http://d-nb.info/gnd/1206658134
339501,Anna Besserer von Dahlfingen,Anna Besserer von Dahlfingen (1840-1906),1840,1906,"Tochter von Ludwig Besserer von Dahlfingen und Therese von Eichendorff, Enkelin des Dichters Joseph von Eichendorff",piz,female,+,
192617,Nellie von Heimburg,Nellie von Heimburg,,,Autorin eines Kochbuchs,piz,female,,
67064,Karl Eduard Rieger,Karl Eduard Rieger (1836-1878),1836,1878,"""Karl Eduard Rieger
12.11.1836 Dresden - 9.3.1878 Dresden
Beruf: Lehrer
- 1861 erster Nachweis in Dresden als Schulamts-Kandidat
- seit 1862 Lehrer an der 1. Bezirksschule in Dresden
- 1869 Mitbegründer des Dresdner Geschichtsvereins"" - http://sammlungsdatenbank-museen-dresden.de/de/entitySearch?artId=67143, 25.03.2019",piz,male,+,
18919,Konstanze Trommer,Konstanze Trommer (1953-),1953,,Künstlerin,piz,,+,
186243,J. D. Gauländer Verlag,J. D. Gauländer Verlag,,,Ein Verlag aus Frankfurt am Main.,kif,,+,
309980,Lulu Schlosser,Lulu Schlosser,,,1790 Briefpartnerin von Catharina Elisabeth Goethe,piz,female,,
30415,Verena Ebner von Eschenbach,Verena Ebner von Eschenbach,,,Graphik und Modedesign. Tätig in München,piz,female,+,
153324,Clemens Freytag,Clemens Freytag (1883-1969),1883,1969,"Synonym: Freitag, Clemens bzw. Freytag-Koeppen, Clemens 
(* 24. Oktober 1883 in Heisingen; † 5. Dezember 1969 in München) war ein deutscher Maler. Er lebte als freier Künstler in München.
- Künstlerisch ausgebildet in Berlin, Düsseldorf und München. In Düsseldorf Atelierschüler von Jan Hendricks, befreundet mit dem Jagdmaler Josef Schmitzberger
- 1917 Übersiedlung nach Oberbayern, unternahm Studienreisen nach Holland, Friesland, Tirol und der Schweiz, 
- Mitglied der Münchner Künstlervereinigung ""Der Bund"" und im Reichsverband bildender Künstler Deutschlands, 
- um 1930 in München tätig erwähnt.
Quelle: Vollmer, Saur ""Bio-Bibliographisches Künstlerlexikon"", Dressler und Bruckmann ""Münchner Maler des 19./20. Jh. Erfassung: Katrin Lauterbach, Heimatmuseum Dohna, 23.11.2020",piz,male,+,
278260,Geiser Offsetdruck & Informations GmbH,Geiser Offsetdruck & Informations GmbH,,,Firma in Schwäbisch Gmünd (nachgewiesen 1994),kif,,+,
68553,Fotoatelier Carl Liebert,Fotoatelier Carl Liebert,,,"Fotoatelier in
- Posen, Wilhelmstrasse 7 (belegt für 1876)

Das Adressbuch der Stadt Posen für das Jahr 1876 gibt auf S. 84, in der Sektion ""Photographen"" an: ""Liebert, Carl, Wilhelmsstrasse 7"" - https://ia800902.us.archive.org/0/items/Posen/1876%20Adre%C3%9Fbuch%20der%20Stadt%20Posen.pdff, 03.05.2019",kif,,+,
270616,Verlag F. Mohr,Verlag F. Mohr,,,"Verlag in Berlin SW., nachgewiesen durch Ansichtskarte um 1900.",kif,,+,
294634,Berliner Makler-Verein,Berliner Makler-Verein,,,"""Gegründet 1877 als zweitälteste deutsche Maklerbank zwecks Betrieb und Vermittlung von Börsengeschäften. 1891 außerdem namhafte Beteiligung an dem Prämien-Vermittlungsgeschäft von Alex. Löwenherz Nachf. in Berlin. Ferner bis 1917 beim Bankhaus Veit, Selberg & Co. in Berlin beteiligt. 1904 außerdem Übernahme des Geschäftsbetriebs des in Liquidation getretenen Börsen-Handels-Vereins, wobei auch der größte Teil der zuvor dort organisierten Händler übertrat. Dabei wurde auch der renommierte “Hertelsche Kursbericht” übernommen, den der Börsen-Handels-Verein schon bei seiner Gründung 1872 erworben hatte. Verluste bei Börsenengagements, bei Händlerkrediten und bei den Beteiligungen zehrten zu Beginn des 1. Weltkrieges Reserven und Kapital auf. Im Verlauf des Krieges, als sich die Situation nicht besserte, kam es dann zu einer stillen Liquidation. Im März 1923 erfolgte, nachdem 90 % des Aktienkapitals in andere Hände übergegangen waren, die Umwandlung von einer Maklerbank in eine normale Geschäftsbank. In dem Zusammenhang 1923 Umfirmierung in “Berliner Bankverein AG”. "" (https://www.historische-wertpapiere.de/de/HSK-Auktion-XXXIII/?AID=101636&AKTIE=Berliner+Makler-Verein 26.11.2025)",kiz,,+,https://d-nb.info/gnd/5105815-7
322987,Fred Böhm,Fred Böhm,,,Museumsdirektor in Hanau,piz,male,-,
150023,Verlag Richard Hauenstein,Verlag Richard Hauenstein,,,Graphischer Betrieb in Altenburg seit 1889,kif,,+,
64640,Christoph Friedrich Wurster,Christoph Friedrich Wurster (1719-1804),1719,1804,"Protestantischer Pfarrer, Geburtsort: Böblingen, Wirkungsort: Wittendorf, Sterbeort: Loßburg (GND, 17.01.2019)",piz,male,+,https://d-nb.info/gnd/144055341
307308,Viktor Hulik,Viktor Hulik (1949-),1949,,"Maler, Objektkünstler und Bildhauer aus der Slowakei, 1949 in Bratislava geboren.",piz,male,+,https://d-nb.info/gnd/12085998X
197907,Keller Mária,Keller Mária,,,"Keller Mária gyugyi lakos volt, kézírásos imaszövege Együd Árpád gyűjteményében található.",piz,,+,
331001,"A. Braun, Odessa (Druckerei)","A. Braun, Odessa (Druckerei)",,,"Bei der Druckerei A. Braun in Odessa handelt es sich um ein historisches lithografisches Institut, das im 19. Jahrhundert in der Stadt am Schwarzen Meer tätig war.
Spezialisierung: A. Braun war eine auf Lithographie spezialisierte Druckerei.
Zeitraum: Die Druckerei war mindestens in den 1850er Jahren aktiv, wie aus den datierten Werken hervorgeht, die dort produziert wurden (z. B. eine Lithographie von 1854).
Standort und Bedeutung: Sie war ein lokales Zentrum für den Druck von Ansichten und topografischen Darstellungen in Odessa. Die Werke wurden oft in Alben gesammelt und zeigten historische Landschaften der Krim und Südrusslands.
Künstlerische Zusammenarbeit: Die Druckerei ist besonders durch die Zusammenarbeit mit dem Künstler F. Gross (Fedor Iwanowitsch Gross) bekannt, der viele seiner ""nach der Natur"" gezeichneten Ansichten Odessas dort lithografieren und drucken ließ.
Mehrsprachigkeit: Die von der Druckerei herausgegebenen Werke, wie der von Ihnen beschriebene Stich, waren oft mehrsprachig (Russisch, Deutsch), was auf ein internationales Publikum hinweist. ￼
Die Druckerei A. Braun spielte eine wichtige Rolle bei der visuellen Dokumentation und Verbreitung von Ansichten der schnell wachsenden Handelsstadt Odessa im 19. Jahrhundert.",kif,,+,
2942,Heinrich Ludwig Brönner (Verlag und Druckerei),Heinrich Ludwig Brönner (Verlag und Druckerei),,,"Verlag und Druckerei in Frankfurt am Main, ab 1727 belegt",kif,,+,http://d-nb.info/gnd/5205468-8
5757,Weingarten Berlin e.V.,Weingarten Berlin e.V.,,,"Der Förderverein ""Weingarten Berlin"" e.V. wurde im Jahre 2004 gegründet.",kiz,,+,
51543,Géo Wagner,Géo Wagner,,,Bildhauer. Nachgewiesen für Zeit um 1895.,piz,male,+,
259103,Eberl-Bräu,Eberl-Bräu,,,Die Brauerei in München fusionierte 1882 mit der Faberbräu und wurde dann 1921 als Actienbrauerei zum Eberl-Faber geschlossen.,kif,,+,
21344,Brauerei Zehdenick,Brauerei Zehdenick,,,"""1877 gegründet
1880 Brauerei L. Benzmann
1886 Brauerei Franz Lemm
1894 Brauerei H. Bürckner
1910 Brauerei Zedenick, Robert Dinapp
1920 Brauerei Zedenick, Robert Dinapp, Inh. Lucie Dinapp Wwe.
1940 Brauerei Zedenick, Robert Dinapp. Inh. Wilhelm Strutz
1972 Brauerei Zehdenick, Wilhelm Strutz
1972 enteignet
1972 Bierproduktion eingestellt
1972 Angliederung an VEB Spirituosenfabrik & Brennerei Grünberg, Grünberg
1974 VEB Spirituosenfabrik & Brennerei Grünberg, WT Zehdenick
1974 Kombinatsbetrieb von VEB Getränkekombinat Potsdam
1980 VEB Getränkekombinat Potsdam, Werk Grünberg, WT Zehdenick
1980 geschlossen""
(Daten aus: http://www.1a-sammlershop.de/index.php?cat=c493_Zehdenick-Brauerei-Zehdenick-Brauerei.html; 10.03.2016)",kif,,+,
33841,Carl Gottfried Fiedler,Carl Gottfried Fiedler (1776-1853),1776,1853,Silberschmied in Leipzig,piz,male,+,
42074,Kurt Hettich,Kurt Hettich (1929-),1929,,"1929 geb. in Alsheim-Gronau
1950 Landw. Praktikum i.d. Schweiz
1953 Selbst. Landwirt
1963 Chemiefacharbeiter BASF Landw. Versuchsstation Limburgerhof
1992 Rentner
Seit Jahren ehrenamtl. Mitarbeiter der Archäologischen Denkmalpflege Speyer
Zahlreiche Beobachtungen und Funde in der Gemarkung Fußgönheim und Umgebung.
Gründungs- u. ehem. Vorstandsmitglied des HKK Fußgönheim, ehem. Leiter des Arbeitskreises Vor- und Frühgeschichte

Eifriger Sammler und Einreicher von Funden in der Fußgönheimer Gemarkung und in Baugruben. Arbeitete eng mit dem Museum des HKK Fußgönheim und dem historischem Museum in Speyer zusammen.",piz,male,+,
273478,Winzerfestausschuss Freyburg,Winzerfestausschuss Freyburg,,,"hat die Winzerfeste in Freyburg (Unstrut) organisiert, in den 1930er Jahren gegründet",kiz,,+,
2097,Richard Schinzel,Richard Schinzel (1818-1864),1818,1864,Letzter Hofmaler von Schwarzburg-Rudolstadt. Seine Vorlagen verwendete das Lithographische Institut C. W. Arldt in Dresden.,piz,male,+,
35534,C. Putz (Stecher),C. Putz (Stecher),,,"Stecher, zuerst erwähnt: 1810, zuletzt erwähnt: 1843, Leipzig, tätig in: Leipzig? Schaffenszeit: 1810-1843 in Deutschland",piz,,+,
38697,Carl Maier (Stecher),Carl Maier (Stecher),,,"Stahlstecher, belegt 1. H. 19. Jh.",piz,male,,
342108,Maja Pageler,Maja Pageler (2005-),2005,,deutsche Fußballspielerin,piz,female,+,
148423,Standesamt Düsseldorf-Mitte,Standesamt Düsseldorf-Mitte,,,Behörde für Beurkundung von Personenstandsfällen in Düsseldorf-Mitte,kio,,+,
29492,Karin Diller,Karin Diller,,,"""Arbeitet für die Prozellanmanufaktur Meißen, entwirft Porzellanmedaillen."" - Interaktiver Katalog des Münzkabinetts der SMB, 11.11.2016",piz,,+,
146416,Helmut Neuwerk,Helmut Neuwerk (1926-1944),1926,1944,Soldat im zweiten Weltkrieg. Lebte bis 1944.,piz,male,+,
336455,Adolf Lorenz,Adolf Lorenz (1882-1970),1882,1970,deutscher Architekt,piz,male,+,https://d-nb.info/gnd/124952461
228140,Wilhelm Zilly,Wilhelm Zilly (1824-1899),1824,1899,Vergoldermeister in Berlin,piz,male,+,
239472,Ribbek (Justizinspektor),Ribbek (Justizinspektor),,,Justizinspektor (nachgewiesen 1937),piz,male,,
334887,Karl Mulfinger,Karl Mulfinger (1882-1956),1882,1956,"Mulfinger, Karl , am 18.12.1882 in Schwäbisch Hall geboren; am 06.02.1956 in Albstadt-Ebingen gestorben. 
Von Beruf Maler, Künstler mit Wirkungsort in Pforzheim.

(https://www.leo-bw.de/detail/-/Detail/details/PERSON/wlbblb_personen/1012783731/Mulfinger+Karl)",piz,male,+,https://d-nb.info/gnd/1012783731
113777,Heinrich Stamm (Verlag),Heinrich Stamm (Verlag),,,Verlag Heinrich Stamm in Münster,kif,,+,
58264,Marcus Sergius Silus,Marcus Sergius Silus,,,"""Römischer Quaestor 116 oder 115 v. Chr."" - gnd, 21.06.2020",piz,,+,https://d-nb.info/gnd/118700071X
273020,Albert Ruppenthal,Albert Ruppenthal,,,"Paul Ruppenthal wird Teilhaber und führt nach dem Tod seines Vaters 1959 die Firma allein weiter.
1970: Die Söhne Albert und Michael werden in 4. Generation als Teilhaber aufgenommen. Starke Ausweitung des Geschäfts durch zahlreiche in- und ausländische Verkaufsbüros sowie Einkaufsbüros in Japan, Thailand und Hongkong.
2003: Albert Ruppenthal wird alleiniger Inhaber der A. Ruppenthal KG. Michael Ruppenthal scheidet aus dem Unternehmen aus und übernimmt einige Firmen, die zur A. Ruppenthal KG gehören.",piz,male,,
50892,Giuseppe Petrarca,Giuseppe Petrarca,,,Aus Italien. Nachgewiesen für 1680. Stellte Druckplatten her.,piz,male,+,
67126,Adolf Schumann (Generalmajor),Adolf Schumann (Generalmajor) (1822-1907),1822,1907,"""Adolf Schumann
21.11.1822 Dresden - 4.8.1907 Dresden
beruflicher Titel, Amtsbezeichung, Dienstgrad: Generalmajor
- 1860 Hauptmann und Adjutant der Regierung
- 1865 Hauptmann beim 14. Infanterie-Bataillon
- 1870 Oberstleutnant und Kommandeur des 3. Bataillons des Leibgrenadier-Regiments, zuletzt Generalmajor"" - http://sammlungsdatenbank-museen-dresden.de/de/entitySearch?artId=68466, 17.03.2019",piz,male,+,
2836,"Lithografische Anstalt Carl Ebner, Stuttgart","Lithografische Anstalt Carl Ebner, Stuttgart",,,"""Der Verlag und die Kunstanstalt von Carl (Karl) August Ebner (C. Ebner) wurde 1839 gegründet und befanden sich in der Christophstraße 7 von Stuttgart."" - https://www.veikkos-archiv.com/index.php?title=Carl_Ebner, 02.10.2024",kif,,+,https://d-nb.info/gnd/1072884232
231474,Oldak (Warschau),Oldak (Warschau),,,Ein polnischer Hersteller von Grammophonen ( um 1920),kif,,+,
11235,P. G. Heinersdorff,P. G. Heinersdorff,,,"Metall-Kunsthandwerker in Berlin, Ende 19. Jh.",piz,,+,
273615,Ulla Mross,Ulla Mross (1955-2022),1955,2022,"""Ulla Mross wurde 1955 in Kevelaer am Niederrhein geboren.

Der Vater Heinrich Pohlenz ist ein renommierter Bildhauer mit einer Werkstätte für weltliche und religiöse Kunst.

Nach dem Abitur 1974 studierte sie an der PH Weingarten die Fächer Kunst und Deutsch fürs Lehramt. Ab 1979 unterrichtete sie an der Realschule Mengen.
Neben dem Schuldienst war ihr das künstlerische Arbeiten weiter ein großes Bedürfnis. Es entstanden kleinere Zeichnungen und abstrakte Ölmalereien."" - https://www.museum-riedlingen.de/museum/wechselausstellung-in-der-galerie/wechselausstellungen-2023/, 27.07.2024",piz,female,+,https://d-nb.info/gnd/1223005224
267669,I. R. Seubert,I. R. Seubert,,,I.R. Seubert ist der Verfasser eines Gedichts auf einem Gedenkstich für Johann Georg von Kulpis (1652-1698). Er lebte wohl 2. Hälfte des 17. Jahrhunderts (GND: https://d-nb.info/gnd/1050562631),piz,male,+,https://d-nb.info/gnd/1050562631
265246,F.I.S.A. Industrias Graficas,F.I.S.A. Industrias Graficas,,,Druckerei in Barcelona (nachgewiesen 1975),kif,,+,
25190,Fotoatelier Julius Zschille,Fotoatelier Julius Zschille,,,"Fotoatelier in
- Berlin, Neue Königs-Str. 1a (heute: Otto-Braun-Straße)

Über Fotoatelier Julius Zschille heißt es auf den Seiten der Deutschen Fotothek (http://www.deutschefotothek.de/documents/kue/90061514): ""A. Julius Zschille, firmiert Hofphotograph Berlin; Atelier von 1865 bis 1894 in Berlin, Neue Königstraße 1a (später 12); 1895 Große Frankfurterstraße 89; 1897-1900 Friedenstraße 8; späterer Inhaber ab 1872 Oscar Traffehn, danach ab ca. 1892 Inhaberin E. Traffehn, geborene Schöne""",kif,,+,
114474,Eduard Julius Langwagen,Eduard Julius Langwagen (-1870),,1870,"""Eduard Julius Langwagen
- 18.8.1870 St. Privat (Gravelotte)
beruflicher Titel, Amtsbezeichung, Dienstgrad: Seconde-Leutnant
Beruf: Militär
Beruf: Offizier und Adjutant
- Kommandeur bei der Militär-Reitanstalt in Dresden
- gest. am 18.8.1870 bei St. Privat/Gravelotte (Deutsch-Französischer Krieg 1870/1871)"" - http://sammlungsdatenbank-museen-dresden.de/de/entitySearch?artId=52091, 20.09.2020",piz,male,+,
120763,Albrecht Richter,Albrecht Richter (1623-),1623,,"Deutscher Maler. Geboren 1623, nachweisbar bis 1658. Tätig in Weimar. Porträtmaler. Angehöriger der Malerfamilie Richter.",piz,male,+,
127369,Interessengemeinschaft Deutscher Kartoffel-Stärke-Industrieen GmbH,Interessengemeinschaft Deutscher Kartoffel-Stärke-Industrieen GmbH,,,"Interessengemeinschaft Deutscher Kartoffel-Stärke-Industrieen GmbH
Werbeabteilung - Roonstraße 4, Berlin NW 40.",kiz,,+,
183843,Ernst Bardua,Ernst Bardua (1784-1867),1784,1867,"Geheimer Justizrat in Coswig (Anhalt)
[Quellen: [Stammfolge] Bardua. In: Deutsches Geschlechterbuch 55 (1998), S. 1-228, hier S. 47; Bärbel Kovalevski: Caroline Bardua 1781-1864. Gemälde und Zeichnungen [Werkverzeichnis]. Berlin 2015, S. 62; Rumpf, Josefine, ""Bardua, Karoline"" in: Neue Deutsche Biographie 1 (1953), S. 587 [Online-Version]; URL: https://www.deutsche-biographie.de/pnd116056363.html#ndbcontent ]",piz,male,+,
48868,Ruth Wellner,Ruth Wellner,,,"Modezeichnerin, belegt für 1928",piz,female,+,
218021,Herf Flock-Druck,Herf Flock-Druck,,,"Kleine örtliche Druckerei inBad Bodendorf
https://bad-bodendorf.com/herf-flock-druck/",kif,,+,
70684,Polizeidirektion Dresden,Polizeidirektion Dresden,,,"Mittelbehörde der Polizei Sachsen, nachgewiesen seit 19. Jh., heute dem Sächsischen Staatsministerium des Innern untergeordnet",kio,,+,
186163,Johann Carl Meinert,Johann Carl Meinert (1774-),1774,,Kammerassessor beim Preußischen Generaldirektorium in Berlin,piz,male,+,
188335,Verband der Film und Fernsehschaffenden der DDR,Verband der Film und Fernsehschaffenden der DDR,,,"1967 wurde in der Deutschen Demokratischen Republik der Verband der Film- und Fernsehschaffenden der DDR gegründet mit dem propagierten Ziel, die Selbstverständigung seiner Mitglieder zu ideologisch-schöpferischen Problemen des sozialistischen Film- und Fernsehschaffens zu fördern.",kiz,,+,
262034,Moritz Eduard Grunelius,Moritz Eduard Grunelius (1803-1846),1803,1846,"*20.07.1803 Frankfurt am Main, +17.09.1846 Ettlingen; Bankier, Unternehmer und Politiker in Frankfurt am Main, ab 1841 im Elsaß.
Quelle: Hessische Parlamentarismusgeschichte https://parlamente.hessen.de/abgeordnete/136149138-grunelius-moritz-ed; Wikipedia: https://de.wikipedia.org/w/index.php?oldid=238725560 (Stand: 19.02.2024)",piz,male,+,
273388,Wilhelm Zadow,Wilhelm Zadow (1884-1946),1884,1946,"Landschaftsmaler, Zeichner und Zeichenlehrer
Geb. 6. 2. 1884 Posen, gest. 30. 3. 1946 Berlin-Tegel, Sohn des Haltestellenvorstehers Julius Zadow; Ausbildung: Lehrerseminare Bromberg und Koschmin, Staatliche Kunstschule Berlin (1909-1911), Kunstgewerbeschule Mainz (1912), Meisteratelier Wiesbaden (1913/14); 1904-1911 Lehrer an verschiedenen Schulen, 1908-1911 Lehrer in (Berlin-)Tegel, 1911-1919 Zeichenlehrer in Biebrich, ab 1919 Zeichenlehrer am Städtischen Lyzeum in (Berlin-)Tegel (Gabriele-von-Bülow-Oberschule für Mädchen), 1924 Oberzeichenlehrer ebd., 1925 Studienrat ebd., zuletzt Studiendirektor ebd.
Herausgeber zahlreicher Mappenwerke mit Drucken nach seinen Federzeichnungen, meist Ansichten aus Berlin und Brandenburg, aber auch Westdeutschland, die von verschiedenen Verlagen auch als Ansichtskarten verbreitet wurden.
Quellen: Sterbeurkunde im Landesarchiv Berlin (Standesamt Berlin-Tegel, Reg.-Nr. C 471/1946); Lehrerpersonalkarte im Archiv der Bibliothek für Bildungsgeschichtliche Forschung, Berlin.",piz,male,+,
343289,Monika Epple,Monika Epple (1942-),1942,,Tochter des Meeraner Malers Konrad Horn.,piz,female,+,
205959,Georg Friedrich Fleischhauer,Georg Friedrich Fleischhauer (1814-1854),1814,1854,"Fleischhauer, Georg Friedrich, dt. Maler, Graphiker, *1814 Reutlingen, †1854 Passau. (Quelle: Allgmeines Künstlerlexikon)",piz,male,+,
122957,Peter Handjieff,Peter Handjieff,,,"Aus Varna. Kapitän. Weilte 1902 in Berlin.
""Von Herrn Capitaine Peter Handjieff aus Varna, zur Zeit [1902] in Berlin."" - https://ikmk.smb.museum/object?id=18226551, 14.06.2020",piz,male,+,
186003,Dorle Lochner,Dorle Lochner,,,Feierte zu Ostern 1917 die Verlobung mit Alfons Feuerle (1885-1968).,piz,female,+,
259985,Thiemann Arzneimittel GmbH & Co. KG,Thiemann Arzneimittel GmbH & Co. KG,,,"Die ""Thiemann Arzneimittel GmbH & Co. KG"" in Waltrop ist 2001/2002 mit in die ""Celltech Pharma GmbH & Co. KG"" (Waltrop) übergegangen.
Alle Thiemann-Produkte werden seither als Celltech-Pharma-Präparate vertrieben. In Deutschland liegt der Schwerpunkt des Unternehmens bei der Vermarktung biopharmazeutischer Produkte.",kif,,+,
164177,Jakob Guckeisen,Jakob Guckeisen,,,"Guckeisen ist möglichweise in Köln geboren und wurde 1596 als Kunsttischler in Straßburg registriert. Möglicherweise war er Schüler von Johann Schoch, der das Schloss Gottesau, bei Karlsruhe entwarf und war beteiligt am Friedrichsbau des Heidelberger Schlosses (1601–07). Guckeisen gab zusammen mit Veit Eck das 'Kunstbüchlein' (1587) heraus und arbeitete zusammen mit Hans Jakob Ebelmann an mehreren Vorlagebüchern für Kunsttischler.",piz,male,,
41786,F. Seidler (Firma),F. Seidler (Firma),,,"Traditionelles Familienunternehmen aus Zittau, tätig im Bereich Messer- und Waffenschmiede und Schleiferei",kif,,+,
198393,Wolfgang Rosenberg,Wolfgang Rosenberg,,,Mitglied der Deutschen Gesellschaft zur Förderung der Unterwasserarchäologie e.V.,piz,male,+,
189891,Sam... (Thurioi),Sam... (Thurioi),,,"""Sam...
Magistrat in Thurioi/Lukania zwischen ca. 300 und 280 v. Chr.
Lit.: W. Leschhorn, Lexikon der Aufschriften auf griechischen Münzen II (2009) 797."" - https://ikmk.smb.museum/ndp/person/12576, 12.12.2021",piz,,+,
272490,Friedrich Blankenburg,Friedrich Blankenburg,,,"Friedrich Blankenburg, nachgewiesen 1836, Betreiber eines Galanteriewarengeschäftes in Lippstadt
Er war Förderer und auch Gestalter von Lippstädter Gartenanlagen, wie zum Beispiel des Tivoli, ebenso von diversen Promenaden und Alleen. Bekannt wurde er als Gründer des Lippstädter ""Verschönerungsvereins"". Auch als Stiftsrentmeister ( Finanzverwalter ) der Stiftsruine und Verantwortlicher für die Friedhofsanlagen machte er sich verdient, wo ihm zur Erinnerung ein Denkmal errichtet wurde.",piz,male,+,
344571,Gustav Fackert,Gustav Fackert (-1912),,1912,Kaiserlicher Oberfaktor bei der Reichsdruckerei in Berlin,piz,male,+,
23671,Richard Lüders (Mühlenunternehmer),Richard Lüders (Mühlenunternehmer),,,1911 Auftraggeber einer Speicher- und Mühlenanlage in Göhren,piz,male,+,
117266,Peter Schweitzer (Autor),Peter Schweitzer (Autor),,,Autor in Heimat-Blätter für Ludwigshafen am Rhein 1934,piz,male,+,
340842,Fred Meinen,Fred Meinen (1908-),1908,,"Fred Meinen war ein deutscher Fotograf mit Atelier in Berlin W 62, Lutherstr. 16.

Quellen: 
Berliner Adressbuch 1937 https://digital.zlb.de/viewer/image/34115495_1937/5230/
https://fotografenwiki.greven-archiv-digital.de/index.php?title=Fred_Meinen
[Abruf: 18.12.2025]",piz,male,+,https://d-nb.info/gnd/1081931302
49048,Tresse editeur,Tresse editeur,,,Verlag in Paris,kif,,+,
310202,Adolf Paulus (Musikinstrumentenbauer),Adolf Paulus (Musikinstrumentenbauer) (1874-1948),1874,1948,"(1874-1948) (Musikinstrumentenbauer) (Friedenau, Berlin)

""Sohn des Musikinstrumentenbauers Adolf Wilhelm Eduard Paulus (1843-1899) in Leipzig"" - gnd, 18.02.2026",piz,male,-,https://d-nb.info/gnd/1281774308
22699,A. Heynen (Grafische Anstalt),A. Heynen (Grafische Anstalt),,,Grafische Anstalt / Druckerei in Potsdam,kif,,+,
178081,Rudolf von Montgelas,Rudolf von Montgelas (1817-1846),1817,1846,"""Kgl. Kammerjunker am Bayer. Hof"" - gnd, 05.08.2022",piz,male,+,https://d-nb.info/gnd/119179555
226563,Bechtold & Förster (Seifenfabrik),Bechtold & Förster (Seifenfabrik),,,Bechtold & Förster war eine Seifenfabrik in Weinheim a. d. B. seit 1871.,kif,,+,
345707,Keramikatelier Mika,Keramikatelier Mika,,,"Bärbel Mika, 1959 in Leipzig geboren, Dekorateurin, 1979-1981 Abendstudium an der Hochschule für Grafik und Buchkunst in Leipzig, 1981-1982 Leitung der Galerie Torladen in Borna, seit 1983 freiberufliche Keramikerin und Malerin, seit 2005 Werkstatt und Galerie in Haubitz, einem Ortsteil von Borna",kif,,+,
114347,Friedrich Clemens Irmisch,Friedrich Clemens Irmisch (-1870),,1870,"""Friedrich Clemens Irmisch

- 18.8.1870 Saint Privat (Gravelotte) bei Metz

beruflicher Titel, Amtsbezeichung, Dienstgrad: Seconde-Leutnant

Beruf: Militär
Beruf: Offizier

- 1870 Nachweis eines Postassistenten Friedrich Clemens Irmisch in Dresden
- 18.8.1870 gefallen bei Saint Privat (Gravelotte) nahe Metz (Deutsch-Französischer Krieg 1870/71)"" - http://sammlungsdatenbank-museen-dresden.de/de/entitySearch?artId=51417, 19.04.2020",piz,male,+,
198404,Gottfried Vetter,Gottfried Vetter,,,"Wirkungsdaten: 1736-1757.
Wirkungsort: Magdeburg.
Verleger ; Drucker ; Buchhändler (Magdeburg).",piz,male,+,https://d-nb.info/gnd/143860690
230520,C.A. Kühnert K.G.,C.A. Kühnert K.G.,,,Handschuhfabrik in Limbach-Oberfrohna/Sachsen.,kif,,+,
266871,Hugo Grinôt,Hugo Grinôt (1869-),1869,,"Kaufmann in Berlin
geb. 24. 1. 1869 (Hamburg-)Altona
1899–1916 Mitglied des in Berlin ansässigen Touristenklubs für die Mark Brandenburg (1935 umbenannt in Landesgeschichtliche Vereinigung für die Mark Brandenburg)",piz,male,+,
271330,Johann Caspar Christian Falkenberg,Johann Caspar Christian Falkenberg (1746-1822),1746,1822,Iserlohner Inspector und Stadt-Camerarius; verheiratet mit Anna Gertrud Elisabeth Krugmann,piz,male,+,
241216,Köhler (Stadtverordnetenvorsteher),Köhler (Stadtverordnetenvorsteher),,,1946 Stadtverordnetenvorsteher in Reichenbach i.V.,,male,,
11666,"ERA Morsleben, Schacht Bartensleben","ERA Morsleben, Schacht Bartensleben",,,Endlager für radioaktive Abfälle in Morsleben.,kif,,+,
347087,VEB Medizinische Geräte-Fabrik Berlin (MGF),VEB Medizinische Geräte-Fabrik Berlin (MGF),,,In den 1950er Jahren in der Chausseestraße 42 in Berlin ansässig.,kif,,+,
332296,Röntgen-Druck,Röntgen-Druck,,,Druckerei in Röntgental bei Berlin (nachgewiesen 1947),kif,,+,
156524,Verlag Ernst Jäger,Verlag Ernst Jäger,,,Verlag in Stuttgart. Nachgewiesen für Zeit um 1862.,kif,,+,
15624,Matthias Rosen,Matthias Rosen (1732-1805),1732,1805,in Trier tätiger Gold-und Silberschmied,piz,male,+,
273606,Kellner és Mohrlüder Műintézete,Kellner és Mohrlüder Műintézete,,,Druckerei in Budapest,kif,,+,
313803,Robert Fricke (Architekt),Robert Fricke (Architekt),,,"Architekt in Wuppertal-Elberfeld, erwähnt 1929 und 1938",piz,male,+,
63372,Soldaten-Siedlungsverband Kurland,Soldaten-Siedlungsverband Kurland,,,deutsches Freikorps im Baltikum nach dm Ersten Weltkrieg,kiz,,+,
172074,Brühler Bankkewerk,Brühler Bankkewerk,,,Nachgewiesen 1906,kif,,,
182703,E. A. Windhövel,E. A. Windhövel,,,Fa. Windhövel ist eine Messerschmiede mit eigener Hohlschleiferei,kif,,+,
114376,Richard Eduard Karisch,Richard Eduard Karisch (-1870),,1870,"""Richard Eduard Karisch
- 1.9.1870 Bazeilles (Champagne)
Seconde-Leutnant
Beruf: Militär
Beruf: Offizier
- verwundet am 1.9.1870 bei Sedan (Deutsch-Französischer Krieg 1870/1871)
- gest. am 1.9.1870 bei Bazeilles"" - http://sammlungsdatenbank-museen-dresden.de/de/entitySearch?artId=51588, 20.09.2020",piz,male,+,
220996,Johann Christian Reinhard,Johann Christian Reinhard (1726-1794),1726,1794,"Deutscher Theologe und Pädagoge; Studium in Königsberg, Lehrer Realschule Berlin, Prediger zu Wittichow, Pastor zu Stassfurt.",piz,male,+,https://d-nb.info/gnd/104226293
332679,Philipp Wering,Philipp Wering (1756-),1756,,1796 Metzger in Dürkheim,piz,male,+,
53218,Karl Engelkes,Karl Engelkes (1932-2001),1932,2001,Karl Engelkes wurde am 24. März 1932 in Norden geboren und verstarb am 24. Oktober 2001 in Bad Dürrheim.,piz,male,+,
187304,Bürgermeisteramt Grünstadt,Bürgermeisteramt Grünstadt,,,Amt des Bürgermeisteres der Stadt Grünstadt,kio,,+,
192078,Emil Heinrich Reimann,Emil Heinrich Reimann (1857-),1857,,"Reimann, Emil Heinrich, reprod. Holzschneider, *11. 11. 1857 Berlin, seit 1879 in Stuttgart. (AKL)",piz,male,+,
266094,Wilhelm Helterhoff,Wilhelm Helterhoff,,,Fotograf in Gurkow a. Ostbahn [Gurki] (nachgewiesen (um 1921),piz,male,+,
16858,Radfahrverein Pfeil Plattenhardt 1911 e.V.,Radfahrverein Pfeil Plattenhardt 1911 e.V.,,,Der RV Pfeil Plattenhardt wurde am 6. August 1911 in der Traube in Plattenhardt gegründet und existiert bis heute.,piz,,+,
338470,Jobin (Ortskommandant),Jobin (Ortskommandant),,,Ortskommandant der franz. Armee in Dürkheim 1797,piz,male,+,
274788,J. S. Mulder,J. S. Mulder,,,Schiffsportrait-Maler des ausgehenden 19. Jahrhunderts.,piz,,,
335199,Edi Hahn,Edi Hahn (1926-2019),1926,2019,Unterfränk. Schriftsteller u. Heimatpfleger,piz,male,+,https://d-nb.info/gnd/121094626
40987,"Spindler (Familie, Tischler)","Spindler (Familie, Tischler)",,,"Familie von Tischlern, die u.a. für den preußischen Hof arbeiteten. 
Dt. Tischlerfamilie seit 18. Jh. aus Bayreuth, später in Potsdam.",pif,,+,
307404,Jacob Maurice Coopersmith,Jacob Maurice Coopersmith (1903-1968),1903,1968,"""Musikwissenschaftler"" - gnd, 15.10.2025

Der amerikanische Komponist, Songwriter, Organist, Dirigent, Musikwissenschaftler und Musikbibliothekar Jacob Maurice Coopersmith (bekannt als J.M. Coopersmith) studierte an der New York University (BS), der Columbia University (MA) und der Harvard University (PhD). Außerdem studierte er Orgel bei Samuel Baldwin und A.N. Richardson. Er erhielt Stipendien der Schepp-Stiftung sowie der Harvard-, John Paine-, Charles Ditson- und der Juilliard-Stiftung.

J.M. Coopersmith arbeitete von 1919 bis 1929 für eine Plattenfirma und war von 1934 bis 1946 leitender Angestellter des Mutual Broadcasting System. Von 1947 bis 1948 war er Gastprofessor für Musikwissenschaft an der University of Texas und von 1948 bis 1949 Professor für Musik und Dirigent des Sinfonieorchesters an der University of Oklahoma. Anschließend wurde er leitender Musikkatalogisierer und Revisor in der Abteilung für deskriptive Katalogisierung der Library of Congress und erstellte einen thematischen Index des Gesamtwerks von Georg Friedrich Händel. Er schrieb das Lied „A Navajo Lullaby“. Er trat 1943 der ASCAP bei und komponierte weitere populäre Lieder wie „I Always Knew“ und „Tropical Serenade“.

Die Dominikanische Republik ehrte J.M. Coopersmith mit dem Orden von San Pablo für seine Erforschung der einheimischen Musik (https://www.bach-cantatas.com/Lib/Coopersmith-Jacob.htm, 15.10.2025)",piz,,+,https://d-nb.info/gnd/1053050968
34551,Metallwarenfabrik Eduard Hueck,Metallwarenfabrik Eduard Hueck,,,Metallbetrieb in Lüdenscheid.,kif,,+,
74979,Panagiotis Jerondaris,Panagiotis Jerondaris (1893-),1893,,"Panagiotos Jerondaris, geboren 1893 in Panagia, war ein griechischer Bauer, der während des Ersten Weltkriegs im Kriegsgefangenenlager Görlitz interniert war.",piz,male,+,
164673,Nil Stolbenskij,Nil Stolbenskij (-1555),,1555,"Nil gründete 1528 auf der Insel Stolobnoe im Seliger-See eine Einsiedelei, in der er 26 Jahre in völliger Einsamkeit und in härtester Askese lebte. Er schlief nicht liegend, sondern auf seine Krücken gestützt, und so starb er auch am 7. Dezember 1554. Als Pilgerandenken wurden zahllose Holzstatuetten gefertigt, die Nil in dieser Haltung zeigen.",piz,male,+,http://d-nb.info/gnd/137119321
265934,Szilárd Stankovits,Szilárd Stankovits (1893-1938),1893,1938,ungarischer Sportler und Sportmanager,piz,male,+,
274694,Fotoatelier C. Clare,Fotoatelier C. Clare,,,"Fotoatelier in
- Freiburg im Breisgau, Louisenstraße 5 (um 1886)",kif,,+,
219142,Königliche Regierung des Rheinkreises Speyer,Königliche Regierung des Rheinkreises Speyer,,,"Königliche Regierung des Rheinkreises in Speyer, Kammer des Innern",kio,,+,
240936,Polizeiamt Plauen,Polizeiamt Plauen,,,"Lokale Polizeibehörde in Plauen (Vogtland), nachgewiesen 1923",kio,,+,
75160,Mohammed Hossin,Mohammed Hossin,,,"Mohammed Hossin, geboren um 1868 in Kalkutta, war ein indischer Steward, der während des Ersten Weltkriegs im Kriegsgefangenenlager Wünsdorf interniert war.",piz,male,+,
8057,Andreas Benedikt Göbl,Andreas Benedikt Göbl (1714-1786),1714,1786,"Münchner Briefmaler und Kupferstecher, Arbeitsdaten 1748-1786",piz,male,+,http://d-nb.info/gnd/1079667083
349424,Christina Sibylla Schaefer,Christina Sibylla Schaefer (1815-1852),1815,1852,"Christina Sibylla Schaefer, geborene Lehlbach, war seit 1833 Ehefrau des Kaufmanns und späteren Bürgermeisters Johann Peter Schaefer in Ladenburg.",piz,female,+,
16847,Kunstverlag Gustav Eyb,Kunstverlag Gustav Eyb,,,Verlag in Stuttgart,kif,,+,
102704,Aulo-Gélio Severino Godinho,Aulo-Gélio Severino Godinho (1928-1995),1928,1995,Ex-Libris-Ersteller aus Portugal,piz,male,+,
75577,Dande,Dande (1880-),1880,,"Dande, geboren um 1880 in der Nähe von Baglung, war ein nepalesischer Landmann, der während des Ersten Weltkriegs im Kriegsgefangenenlager Wünsdorf interniert war.",piz,male,+,
229222,Johannes Lensch,Johannes Lensch,,,Verfasser von Silvester-Andacten (1927),piz,male,+,
66498,Emil Lämmerhirt (Firma),Emil Lämmerhirt (Firma),,,Musikinstrumentenbauer in Berlin. Nachgewiesen für Zeit um 1885.,kif,,+,
49189,Rudolf Bradengeier,Rudolf Bradengeier,,,Fotograf in Düsseldorf (nachgewiesen 1870),piz,male,+,
258159,Sophie Gaedeke,Sophie Gaedeke (1847-1927),1847,1927,"Sophie Gaedeke, geb. Messling (* 17. Oktober 1847 in Königsberg (Ostpreußen); † 13. August 1927 in Heidelberg) war wohl eine Schwester von Robert August Messling (geb. 12.08.1839 Kapsitten/Ostpreussen; +31.12.1923 Berlin), Abgeordneter für den Wahlkreis Königsberg 3 im Preussischen Abgeordnetenhaus in den 1890er Jahren. Robert Messling und seine Frau Helene waren Ferienfreunde von Wilhelm Conrad Röntgen und dessen Frau Bertha in Pontresina/Engadin. Sophi Gaedeke war die Ehefrau des Historikers Arnold Gaedeke und Mutter des Physikers Heinrich Gaedeke. (Quelle: https://www.stadtwikidd.de/wiki/Arnold_Heinrich_Gaedeke)",piz,female,+,
68793,Grieben-Verlag G.m.b.H.,Grieben-Verlag G.m.b.H.,,,Verlag in Berlin. Nachgewiesen für 1932.,kif,,+,
206143,Josef Brückl,Josef Brückl (1922-1987),1922,1987,"""Bayer. Heimatforscher"" - gnd, 22.07.2022",piz,,+,https://d-nb.info/gnd/121094022
14171,A. Kortekamp (Verlag),A. Kortekamp (Verlag),,,"Verlag in Berlin-Wilmersdorf, Mansfelder Str. 24",kif,,+,
308725,Jacob Kracht,Jacob Kracht,,,Maler. Um 1634/36 braunschweigischer Hofmaler. Porträtist.,piz,male,+,
330125,Anton Rey,Anton Rey (1956-),1956,,"Anton Rey lehrt und forscht seit 2002 an der Zürcher Hochschule der Künste (ZHdK) in den Disziplinen Film, Tanz und Theater. Nach Abschluss seines Studiums der Theaterwissenschaft an der Freien Universität Berlin folgten 20 Jahre als Assistent, Regisseur, Dramaturg und Produktionsleiter in Zusammenarbeit mit Luc Bondy, Peter Stein, Peter Zadek, Robert Wilson, Heiner Müller, Klaus-Michael Grüber an Theatern wie Schauspielhaus Zürich, Schaubühne Berlin, Odéon Paris, Berliner Ensemble, Edinburgh International Festival, Münchner Kammerspiele, Burgtheater Wien und auf Filmsets mit Peter Keglevic, Wim Wenders, Michel Deville u.a.
Anton Rey ist Professor und Gründungsleiter des IPF-Institute for the Performing Arts and Film am Departement Darstellende Künste und Film der ZHdK und Mitglied der Forschungskommission.

Quelle: https://www.rowohlt-theaterverlag.de/uebersetzer/anton-rey-514 (Stand: 25.07.2025)

GND: 122495195",piz,male,+,
277918,Rühle-Diebener-Verlag,Rühle-Diebener-Verlag,,,Rühle-Diebener-Verlag Stuttgart (nachgewiesen 1979),kif,,+,
274036,Curt Thier,Curt Thier (1880-),1880,,"Direktor der Schriftgießerei H. Berthold KG in Berlin-Kreuzberg
GND: http://d-nb.info/gnd/1304183912",piz,male,+,https://d-nb.info/gnd/1304183912
43026,Franz Maximilian von Mansfeld,Franz Maximilian von Mansfeld (1639-1692),1639,1692,"""Aus der kathol. Bornstädter Linie des Mansfelder Grafenhauses, die sich unter Franz Maximilians Urgroßvater Gf. Philipp II. in den habsburg. Erblanden niedergelassen hatte; Herr der Herrschaften Dobrzisch (Böhmen), Neuhaus (bei Sangerhausen) u. Arnstein. Wie sein Vater Bruno III. (1576-1644), ksl. Oberststallmeister u. Oberstjägermeister, und sein Bruder Heinrich Franz (1641-1715), ksl. Obersthofmarschall und Generalfeldmarschall, machte auch F. M. Karriere in Wien: zunächst als ksl. Kammerherr, 1665-1682 Reichshofrat. Im März 1667 erhielt er von Hz. August v. Sachsen-Weißenfels (FG 402) die Investitur in die vom Ebst. Magdeburg abhängigen Lehen (STA Dresden: Locat 11900). Mit einem anderen Oberlehensherrn, Kursachsen, gab es Spannungen: Im Mai 1670 beschwerte sich Kf. Johann Georg II. v. Sachsen (FG 682) beim kursächs. Oberaufseher in der Gft., Ernst Friedemann v. Selmnnitz (FG 431), über ""unverantworttliche Excessen und reden"" Gf. Franz Maximilians und bat, ""geheime Erkundigung einzuziehen"" (Bircher: Palme II, Nr. 865). Im Sommer 1667 ist F. M. als ksl. Gesandter am kurbandenburg., im Sommer 1672 am kursächs. Hof nachgewiesen. Er starb als wirklicher Geh. Rat des Kaisers und Obrist-Hofmr. der Kaiserin; 1681 Ritter des goldenen Vlieses."" - dbs.hab.de/padmin/fruchtbringer/ausgabe.php?m4=allgemein&m3=name&m2=mitgliedsnr&st2=803, 27.12.2020",pik,male,+,http://d-nb.info/gnd/1089320639
54716,Anna Maria March,Anna Maria March (1863-),1863,,"Anna Maria March (*1863 in Köln als Anna Maria Vorster; Sterbedatum unbekannt) war die Ehefrau des deutschen Architekten Otto March (1845–1913). Sie stammte aus einer wohlhabenden Kölner Unternehmerfamilie und war die Tochter des Chemiefabrikanten Julius Vorster. Anna Maria Vorster heiratete Otto March am 30. Oktober 1889 in Bonn. Aus der Ehe gingen mehrere Kinder hervor, darunter die später bedeutenden Architekten Werner March und Walter March. [https://de.wikipedia.org/wiki/Otto_March (01.02.2026)]",piz,female,+,
270737,Peter Fischer (Schauspieler),Peter Fischer (Schauspieler) (1929-),1929,,"Schauspieler, Regisseur, Liederdichter, Musiker",piz,male,+,
294107,Elberfeld Otto Schulze,Elberfeld Otto Schulze (1898-1976),1898,1976,"""Maler, Kunstpädagoge"" - gnd, 10.07.2025

Typ: Person
Vorname: Otto
Geschlecht: männlich
Alternativname: Schulze, Elberfeld Otto
Datierung: 1898 - 1976
Historische Adress-Informationen: 
DWB-Mitgliederverzeichnis 1908:
Kunstgewerbler, Direktor d. Handwerker- u. Kunstgewerbeschule, Elberfeld, Herzogstr. 39

Im den DWB-Mitgliederverzeichnissen 1908, 1910, 1912, 1913, 1914, 1919, 1925, 1928
Adresse: Elberfeld (Wuppertal), Herzogstr. 39


--------
Direktor der Handwerker- u. Kunstgewerbeschule, verh. mit Sulamith Wülfing",piz,male,+,https://d-nb.info/gnd/1055127194
313801,Friedrich III. Brandt von Lindau,Friedrich III. Brandt von Lindau,,,"Herr auf Schloss Wiesenburg, 1550-1571 erwähnt",piz,male,+,
24625,Heinrich Brennecke,Heinrich Brennecke,,,"im 20. Jh. in der Fürstenberger Porzellanfabrik tätig, 1948 Patent für Dekorationsverfahren von Porzellan und Glas",piz,male,+,
281806,Johann Hummel,Johann Hummel (1893-),1893,1973,"gründete 1918 die Schlosserei Johann Hummel in der Pfarrgasse 3 in Bräunlingen. ""Damals wurden Heuaufzüge hergestellt. Zuverlässige und exakte Ausführung der in Auftrag gegebenen Arbeiten machten die Schlosserei schnell über die Stadtgrenze hinaus bekannt."" (http://www.hummel-kommunaltechnik.de/wbc.php?tpl=unternehmen.html, 15.11.2024, 09:05)",piz,male,,
153354,Fotoatelier Schreiber & Co.,Fotoatelier Schreiber & Co.,,,"Fotoatelier in
- Berlin W, Goltzstraße 52 (Schöneberg)",kif,,+,
124146,Herakleitos (Chersonesos),Herakleitos (Chersonesos),,,"""Herakleitos
Magistrat in Chersonesos Taurika zwischen ca. 250 und 200 v. Chr.
Lit.: W. Leschhorn, Lexikon der Aufschriften auf griechischen Münzen II (2009) 535."" - https://ikmk.smb.museum/ndp/person/3509, 13.07.2020",piz,,+,
128617,Daman (Verleger),Daman (Verleger),1640,1650,"""Also known as
 Daman 
 primary name: primary name: Daman 
Details
 individual; publisher/printer; French; Male 
Other dates
 1640s-1650s (fl) 
Biography
 Print publisher, whose name (but never initial or address) appears on reprints by Biscaino, Grimaldi and other artists. He has traditionally been assumed to be Italian, but, to judge from series of etchings by Perelle and Borboni that he published with a French privilege, he must have been working in Paris in the 1640s, which does not exclude an Italian birth and a period working in Italy. Biscaino died in plague in Genoa in 1657, aged 25, and Daman must have acquired his plates shortly afterwards. Mariette (Abecedario I 132) remarks that they were rare, and he has no idea what had become of the plates. Part at least of Daman's stock was later acquired and reissued by the Remondini (see Giorgio Marini in 1990 Remondini cat. p.257). 
Bibliography
 BM Bellange catalogue 1997, p.127
 Nouvelles de l'Estampe 245 2013/4, p.10 "" - https://www.britishmuseum.org/collection/term/BIOG63282, 04.07.2022",piz,,+,
40559,Georg Raw Erben,Georg Raw Erben,,,"Druckerei in Wittenberg, Erben des dt. Verlegers und Komponisten Georg Raw (auch: Rhau), die sein Geschäft bis 1566 fortführten.",kif,,+,
328597,August Knothe,August Knothe,,,"Gelbgießer und Glockengießer in Friedeberg/Neumark, 1850/52",piz,,+,
