337392,"Verlag der Georg Ebner'schen Kunsthandlung, Stuttgart","Verlag der Georg Ebner'schen Kunsthandlung, Stuttgart",,,"Georg Christoph Albrecht Ebner war ein Sohn von Johann Friedrich Ebner und der Erbe der väterlichen Kunsthandlung. Er absolvierte eine Ausbildung zum Buchhändler in der Stettinschen Buchhandlung in Ulm und in der Ritterschen Buchhandlung in Dresden, ehe er 1813 die väterliche Firma als „G. Ebnersche Kunsthandlung“ übernahm. Er verlegte vor allem Bildbände. Schließlich gründete er eine eigene lithographische Anstalt.

""Georg Ebner (* 11. August 1784 in Ludwigsburg; † 17. April 1863 in Stuttgart) war ein deutscher Verleger."" - (Wikipedia (de) 31.10.2025)",kif,,+,
130990,Valentin Sutorius,Valentin Sutorius (1633-1708),1633,1708,"""Dt. ev. Theologe und Liederdichter; Student in Jena, Leipzig und Straßburg (1655), in Straßburg Magister und Ordination; 1659 Diakon in Preßburg (1672 vertrieben); 1673 Superintendent in Römhild, ab 1677 auch Kirchenrat und Beichtvater bei Herzog Heinrich von Sachsen-Römhild"" - gnd, 06.10.2022",piz,male,,https://d-nb.info/gnd/12851390X
270975,Gustav Preiss (Verlag),Gustav Preiss (Verlag),,,Ansichtskartenverlag in Berlin-Rixdorf,kif,,+,
209156,Wolfram Becher,Wolfram Becher,,,Mitarbeiter der (heimatgeschichtlichen) Forschungsgemeinschaft Schnellerts (nachgewiesen 1976),piz,male,+,
221622,Emma Zöllner,Emma Zöllner (1863-1931),1863,1931,"Emma Zöllner geb. Groche (* 16. 9. 1863 Stendal, † 2. 3. 1931 Berlin-Wilmersdorf) war verheiratet mit dem Königlichen Baurat Karl Zöllner (1858-1917), Berlin.",piz,female,+,
75319,Hyrill Totjmjänien,Hyrill Totjmjänien,,,"Hyrill Totjmjänien, geboren um 1888 in der Nähe von Solikamsk, war ein russischer Buchhalter, der während des Ersten Weltkriegs im Kriegsgefangenenlager Merseburg interniert war.",piz,male,+,
121506,Firma Otto Enke (Cottbus),Firma Otto Enke (Cottbus),,,Geschäftsbücherfabrik mit Großbuchbinderei und Druckerei in Cottbus (1900-1945),kif,,+,
57,H. Zoerner (Entomologe),H. Zoerner (Entomologe),,,Entomologe,piz,,+,
170638,Claus-Henning Ammann,Claus-Henning Ammann (1954-),1954,,Erster Vorsitzender des Krankenhausmuseum Bielefeld e.V.,piz,male,+,
312475,Johann Hommer,Johann Hommer,,,Johann Hommer war von 1901 bis 1933 Bürgermeister der Stadt Oberwesel. (Quelle: https://de.wikipedia.org/wiki/Oberwesel 03.03.2025),piz,,+,
193285,Johann Zacharias Scheibe,Johann Zacharias Scheibe,,,Zinngießermeister in Leipzig. Nachgewiesen für Zeit um 1750.,piz,male,+,
71722,Walter Häntze (Café-Besitzer),Walter Häntze (Café-Besitzer),,,"Besitzer der Conditorei und Café ""Wien"", Mahlower Str. 105 in Teltow
belegt 1938",piz,male,+,
241054,"Bergmann, G.","Bergmann, G.",,,1937 in Klingenthal nachgewiesen,,,-,
215029,Zobios (Elaia),Zobios (Elaia),,,"""Magistrat in Elaia/Aiolis zwischen ca. 400 und 200 v. Chr.
Der Name erscheint verkürzt zu Zobi...
Lit.: W. Leschhorn, Lexikon der Aufschriften auf griechischen Münzen II (2009) 522 (ca. 4./3. Jh. v. Chr.)."" - https://ikmk.smb.museum/ndp/person/13995, 18.07.2023",piz,,+,
272956,Gustav Müller (Maler),Gustav Müller (Maler),,,Hobbymaler in Laufersweiler um 1900,piz,male,,
268226,Ulrich Bänsch,Ulrich Bänsch,,,"Dipl.-Ing., bergbauhistorischer Autor in Etzdorf (nachgewiesen 2006)",piz,male,+,
49161,Fotoatelier Boyer & Bertl,Fotoatelier Boyer & Bertl,,,"Fotoatelier, nachgewiesen für Zeit um 1901",kif,,+,
41943,Schuhmacher-Innung Leipzig,Schuhmacher-Innung Leipzig,,,"Zwangsinnung der Schuhmacher in Leipzig, Bezirk Innenstadt, nachgewiesen 1931",kiz,,+,
71345,Carl Schütte (Restaurantinhaber),Carl Schütte (Restaurantinhaber),,,"Inhaber des Restaurants ""Schweizerhof"" in Teltow-Seehof, ca. 1930er Jahre",piz,male,+,
18736,Buchdruckerei Oranienbaum,Buchdruckerei Oranienbaum,,,"Druckerei in Oranienbaun, belegt 1. H. 20. Jh.",kif,,,
129005,"Gandaglia, Giuseppe",Giuseppe Gandaglia (1802-1878),1802,1878,"""(Quinzano d'Oglio, 28 agosto 1802 - Brescia, 14 gennaio 1878). Fece i primi studi in Brescia, studiò poi matematica all'Università di Pavia. Si segnalò presto nel disegno che presentò anche alle esposizioni bresciane e gli meritarono il 21 gennaio 1827 l'elezione a socio onorario dell'Ateneo e il 25 marzo 1828 a quella di socio attivo. Fin dal 1820 presentava all'Esposizione dell'Ateneo di Brescia un paesaggio a tempera, nel 1830 un disegno del monumento del vescovo S. Apollonio in Duomo, nel 1832, Madonna col Bambino dormente e ritratto del prof. Ant. Bianchi. Primi saggi litografici, ed il Campo Santo di Brescia, incisione all'acquatinta; nel 1857 esponeva una incisione in rame raffigurante il santuario dei Miracoli. Nel 1860 aprì a Brescia una scuola di insegnamento industriale comprendente geometria, disegno di macchine, di ornato, di figura ecc. un corso di anatomia, di litografia di incisione in rame, di modellatura plastica ed esercizi di abilitazione plastica per ingegneri ed agrimensori. Nello stesso 1860 fu tra i fondatori della Società Operaia di Mutuo Soccorso. Tra i suoi lavori ebbero giusta fama: ""Le fabbriche principali di Brescia"" disegnate e incise. Fu anche ingegnere molto apprezzato. Suo è il progetto del ponte sul Mella tra Pralboino e Milzano. Tenne studio nel palazzo ai piedi del Castello al Fontanone."" - http://www.enciclopediabresciana.it/enciclopedia/index.php?title=GANDAGLIA_Giuseppe&oldid=26542, 08.09.2020",piz,male,+,
299849,Altmann,Altmann,,,Nachgewiesen 1971,p,,,
302315,"Naedr Media GmbH, Duderstadt","Naedr Media GmbH, Duderstadt",,,"Hindenburgring 39, 37115 Duderstadt, Deutschland. Herstellung von nachhaltigen Reinigungs- und Waschmitteln, gegründet 2018",kif,,+,
230074,Fabrik pharmazeutischer Präparate Karl Engelhard,Fabrik pharmazeutischer Präparate Karl Engelhard,,,"1872 gründete der Apotheker Engelhard die Fabrik pharmazeutischer Präparate Karl Engelhard. Schon bald begann er als einer der ersten deutschen Unternehmer mit der maschinellen Fertigung von Tabletten auf teilweise selbst entwickelten Tablettenpressen. Da der Platz am ursprünglichen Standort der Rosen-Apotheke Am Salzhaus 3 zwischen Roßmarkt und Großem Hirschgraben bald zu eng wurde, wurde 1891 der Grundstein für einen Fabrikneubau am Sandweg gelegt. 1894 beantragte Karl Engelhard die Genehmigung zur Fortführung seines Unternehmens in den neuen Gebäuden. (Quelle: Wikipedia, 19.06.2023)",kif,,+,
142701,Henry Morgan (Markenproduzent),Henry Morgan (Markenproduzent),,,"""Ominöser Produzent und Ausgeber von Marken um 1811.

Produzierte Token im Auftrag, gab aber auch selbst Marken heraus. Bei der von ihm angegebenen Postanschrift 12 Rathbone Place, London muss es sich um eine Briefkastenfirma gehandelt haben, da erstens an dieser Adresse nie ein Henry Morgan verzeichnet war, und zweitens die Räumlichkeiten viel zu klein waren für eine Tokenproduktion in dem Umfang, wie sie Henry Morgan offensichtlich betrieben haben muss.

Morgan muss über eine etablierte Produktionsstätte verfügt haben. Waters (1957) vermutet diese in London oder Birmingham. Morgan behauptete stets, dass er seine Token mit königlicher Lizenz hergestellt habe bzw. dass er ein licensed token manufacturer gewesen ware. Dies war angesichts der Tatsache, dass es eine solche Lizenz zur Token-Herstellung nie gegeben hat, eine offensichtliche Lüge. Auf Nachfrage stellte sich heraus, dass Morgan schlichtweg die Lizenz zur Silberverarbeitung gemeint habe, über die jeder Silberverarbeitende verfügen musste, um legal seinem Handwerk nachzugehen.

Henry Morgan stellte auch Nachahmungen fremder Token her, änderte deren Münzbild bzw. die Aufschriften allerdings minimal ab. Diese brachte er dann zum Schaden der eigentlichen Ausgeber in den Umlauf.

Lit.: A. W. Waters, Notes on the Silver Tokens of the Nineteenth Century (1957) ix-x; J. O'Donald Mays, Silver Tokens and Bristol, The British Numismatic Journal 48, 1978, 100. 102."" - https://ikmk.smb.museum/ndp/person/11204, 27.08.2021",piz,male,+,
48294,Fotoatelier Josef Leeb,Fotoatelier Josef Leeb,,,"Fotoatelier in
- München",kif,,+,
60584,Dietrich von Hoorn-Perwez,Dietrich von Hoorn-Perwez (-1380),,1380,Herr von Hoorn. Gestorben nach 1378.,piz,male,+,
142194,Maschinenfabrik Gauss- Rosen-Baumgartner (Graz),Maschinenfabrik Gauss- Rosen-Baumgartner (Graz),,,Unternehmen in Graz.,kif,,+,
130390,Joannes van Braam,Joannes van Braam (1697-1750),1697,1750,"Verleger in Dordrecht, der um 1726-1729 mit Gerard onder de Linden zusammenarbeitete.",piz,male,+,https://d-nb.info/gnd/1037573099
66414,Metallblasinstrumentenbau F. A. Heckel,Metallblasinstrumentenbau F. A. Heckel,,,"""1836 gründete Johann Adam Heckel in der Carolinenstraße der Dresdner Neustadt eine Werkstatt für Metallblasinstrumente. Durch Friedrich Alwin Heckel erlangte diese Werkstatt Weltruhm und blieb, betrieben durch Theodor Alwin Heckel, bis 1954 in Familienhand. Die Meisternachfolge der Traditionswerkstatt ""F.A.Heckel/Dresden"" trat dann Arno Windisch an, der sie 1996 wiederum an Berndt C. Meyer weiter gab. ..."" - https://www.musikinstrumentenbauerinnung.de/blasinstrumente.html, 10.05.2020",kif,,+,
310288,Friedrichs-Gymnasium und Realschule (Berlin),Friedrichs-Gymnasium und Realschule (Berlin),,,"""Das Friedrichs-Gymnasium und -Realschule war eine 1850 eröffnete höhere Schule in Berlin-Mitte, Friedrichstraße 126. [...] Mit dem Gymnasium war bis 1875 eine Realschule verbunden, die als Friedrichs-Realgymnasium dann in einen Neubau von Hermann Blankenstein in der Albrechtstraße 27 umzog,[2] bevor diese in der Tempelhofer Vorstadt den 1905/06 von Ludwig Hoffmann errichteten Bau zwischen Schleiermacher- und Mittenwalder Straße bezog (jetzt Leibniz-Schule).[1] Den Namen behielt sie bis 1938, danach hieß sie bis 1945 nach General Karl Litzmann."" -(https://de.wikipedia.org/wiki/Friedrichs-Gymnasium_Berlin, 08.02.225)",kio,,+,https://d-nb.info/gnd/5115821-8
274311,Kriegs-Wirtschaftsstelle Wolmirstedt,Kriegs-Wirtschaftsstelle Wolmirstedt,,,Kriegs-Wirtschaftsstelle Wolmirstedt (Nachweis für 1. Weltkrieg),kio,,+,
243640,Karl Oxfort,Karl Oxfort (1818-1894),1818,1894,"Evangelischer Pfarrer; 1846–1851 Rektor in Königsberg/Neumark, 1851–1865 Diakon in Golßen, 1865–1887 Oberpfarrer in Driesen, 1. 7. 1887 emeritiert (Otto Fischer: Evangelisches Pfarrerbuch für die Mark Brandenburg. Berlin 1941, Bd. 2/2, S. 615)",piz,male,+,
292979,VEB Kaffee- und Nährmittelwerk Halle / Saale,"VEB Kaffee-und Nährmittelwerke, Halle/Saale",,,Nahrungsmittelproduzent in Halle/Saale.,,,-,
178104,Verlagsbuchhandlung George Westermann (Braunschweig),Verlagsbuchhandlung George Westermann (Braunschweig),,,"Unternehmen, welches von 1838-1916 in Braunschweig bestand.

""1837 besuchte Westermann England, angezogen von dessen Führungsposition im Bereich der Wirtschaft und Technik. Er besuchte Handelskontore, Häfen und Baumwollspinnereien sowie Bahnanlagen und änderte ob seiner Begeisterung für die englische Kultur seinen Vornamen in George.""; ab 1912/13 Gründung von Zweigstellen in Berlin und Hamburg - Wikipedia am 20.4.2010; unter Friedrich Westermann ab 1879 OHG, ab 1.7.1908 wurde Verlag Kommanditgesellschaft"" - gnd, 29.06.2022",kif,,+,https://d-nb.info/gnd/5089947-8
291147,Dürer-Verein Krefeld,Dürer-Verein Krefeld,,,Verein in Krefeld,kiz,,+,
23361,Gustav Kasube (Mühlenbesitzer),Gustav Kasube (Mühlenbesitzer),,,1911 Auftraggeber einer Dampfmühle in Budsin (heute Budzyn in Polen),piz,,+,
191265,Heinrich Freyseng,Heinrich Freyseng (1823-1896),1823,1896,Landrichter in Dürkheim,piz,male,+,
12347,Hartmann IV. von Lobdeburg-Leuchtenburg,Hartmann IV. von Lobdeburg-Leuchtenburg,,,"Die Lobdeburger waren ein deutsches Adelsgeschlecht mit Sitz auf der Lobdeburg in Jena-Lobeda, Thüringen. (Wikipedia 19.06.2013)
Hartmann IV. lebte um 1220",piz,male,+,
329989,MIB,MIB,,,"M.I.B. - Medienvertrieb in Buchholz, Home-Entertainment-Anbieter (nachgewiesen 2007)",kif,,+,
30180,"Veltener Kachelofenfabrik A. Schmidt, Lehmann & Co., Inh. Otto Schmidt","Veltener Kachelofenfabrik A. Schmidt, Lehmann & Co., Inh. Otto Schmidt",,,"1872 gegr. Ofenfabrik in Velten, noch heute (2017) unter dem Namen ""A. Schmidt, Lehmann & Co. GmbH"" vor Ort ansässig",kif,,+,
273438,Gebr. Metzner,Gebr. Metzner,,,Hersteller von Dezimalwaagen in Annaberg (1936-1957 nachgewiesen),kif,,+,
327585,Gerda Grädler,Gerda Grädler,,,"Gerda Grädler, geb. Mühle, Schneiderin in Halle (Westf.)",piz,female,,
312728,Amsterdam Relpi,Amsterdam Relpi,,,"Amsterdamer Verlag. Vorheriger Titel ""van Amerogen"", Amsterdam. 
Jüdischer Verlag, der unter der deutschen Besatzung zwangsweise ""abgewickelt"" bzw. ""arisiert"" wurde. vgl. Rühle 241",kif,,+,
343192,Adam Grünbaum (Maler),Adam Grünbaum (Maler) (1784-),1784,,Geboren 1784 in Haslau. Maler und Bildnismaler. In Frankfurt am Main tätig.,piz,male,+,https://d-nb.info/gnd/142204412
64867,Firma Friedrich Wilhelm Remy,Firma Friedrich Wilhelm Remy,,,Firma in der Eisenverarbeitung engagiert. Niedergelassen in Bendorf am Rhein.,kif,,+,
306442,"Zentralkomitee der SED, Abteilung Agitation und Propaganda","Zentralkomitee der SED, Abteilung Agitation und Propaganda",,,Abteilung des Zentralkomitees der SED (nachgewiesen 1959),kiz,,+,
278231,Beer Offsetdruck,Beer Offsetdruck,,,Druckerei in Wunsiedel i.F. (nachgewiesen 1990),kif,,+,
66299,Buthod & Thibouville,Buthod & Thibouville,,,Gemeinsame Firma von Charles Buthod und Jerome Thibouville. Aktiv um 1860.,kif,,+,
255937,Ströhlein & Co.,Ströhlein & Co.,,,"Laborausstatter, gegründet in Düsseldorf, 1943-45 Verlegung der Produktion an den Standort Ilmenau, später wurden die dortigen Glasgeräte-Produktionsanlagen verstaatlicht (VEB Werk für Technisches Glas Ilmenau)",kif,,+,
115419,Oranien-Verlag,Oranien-Verlag,,,Verlag in Herborn (nachgewiesen 1950),kif,,+,
144685,"Kombinat für Kartenherstellung ""Kartografija""","Kombinat für Kartenherstellung ""Kartografija""",,,Verlag in Moskau,kif,,+,
54326,Otto Müller Verlag (Berlin),Otto Müller Verlag (Berlin),,,Verlag in Berlin. Nachgewiesen für 1942.,piz,,+,
312614,Berbis,Berbis,,,German wooden toy brand from the 1930s-40s.,kif,,,
181104,SDAG Wismut Aufbereitungsbetrieb 102 (Seelingstädt),SDAG Wismut Aufbereitungsbetrieb 102 (Seelingstädt),,,Betriebsteil der SDAG Wismut in Seeligenstädt.,kif,,+,
135780,Johann Wolleb,Johann Wolleb (1613-1667),1613,1667,"""1634-1667 Helfer zu St. Peter, 1638-1667 Pfarrer zu St. Elisabethen, Basel; 1642-67 Prof. Musicae"" - gnd, 27.05.2022",piz,male,+,https://d-nb.info/gnd/130555061
24427,Lurz (Mühlenbesitzer),Lurz (Mühlenbesitzer),,,1913 belegt als Mühlenbesitzer in Wittighausen,piz,,+,
126185,Virtuális Zsidó Múzeum,Virtuális Zsidó Múzeum,,,"""A JMPoint Alapítvány a zsidó vallás-kulturális tárgyi emlékek megőrzése érdekében egy Virtuális Zsidó Múzeumot hoz létre. "" (vzsm.hu 2020.08.11)",kiz,,+,
262442,Larissa Kriebel,Larissa Kriebel (1947-),1947,,deutsche Künstlerin,piz,female,+,
329652,Raphael Arthur Schlegel,Raphael Arthur Schlegel (1865-1946),1865,1946,Fotograf mit Ateliers in Elberfeld und Dresden 1898–1910,piz,male,+,https://d-nb.info/gnd/1371641382
145015,Meldebehörde Kronshagen,Meldebehörde Kronshagen,,,Verwaltungseinheit von Kronshagen.,kio,,+,
316168,Krankenhaus Bethanien Hörde,Krankenhaus Bethanien Hörde,,,"Krankenhaus der evangelischen Kirchengemeinde in Dortmund-Hörde, gegründet 1869, 2015 weitergefhrt als Ortho-Klinik Dortmund",kiz,,+,
183712,Bertha Henriette Hermine Körner,Bertha Henriette Hermine Körner,,,"Geb. Lohde, Frau des Gustav August Körner, Kaufmanns in Brandenburg an der Havel, Mutter der Malerin Gertrud Körner (1866-1924)",piz,female,,
271074,Rudolf Marsilius,Rudolf Marsilius,1592,1635,Deutscher Maler. Tätig in Tübingen und wohl auch in Aalen. Porträtmaler.,piz,male,+,
313624,Otto Kast (Künstler),Otto Kast (Künstler) (1908-1988),1908,1988,"deutscher Maler und Lehrer, geb. 1906 Karlsruhe, gest. 1988 Offenburg",piz,male,+,
256520,Realgymnasium Pankow,Realgymnasium Pankow,,,"Oberschule in Berlin-Pankow, gegründet 1907, nach 1950 unter anderen Namen weitergeführt, zunächst Wilhelm-Pieck-Schule, später Wilhelm-Pieck-Oberschule, ab 1990 zunächst ohne Namen, ab 1995 Rosa-Luxemburg-Oberschule (RLO), ab 2011 Rosa-Luxemburg-Gymnasium
(https://de.wikipedia.org/wiki/Rosa-Luxemburg-Gymnasium#Geschichte, abgerufen 23.12.2023)",kio,,+,
6191,Johann Joseph Fleischmann (Firma),Johann Joseph Fleischmann (Firma),,,"Verlag und Druckerei in Nürnberg, 1741-1785",kif,,+,
301344,VEB Porzellanwerk Martinroda,VEB Porzellanwerk Martinroda,,,"Porzellanfabrik in Martinroda von 1972-1990. Nachfolger der Porzellanfabrik Friedrich Eger & Co. KG. - https://www.porcelainmarksandmore.com/germany/thuringia/martinroda-01/, 02.02.2025",kif,,+,
69252,Krughütte (Mansfelder Revier),Krughütte (Mansfelder Revier),,,"""Die Krughütte wurde 1868 von der Mansfeldschen Gewerkschaft als erste moderne Rohhütte mit Großschachtöfen gebaut und ging 1870 in Betrieb. Der hier erschmolzene Kupferstein wurde in den Hettstedter Hütten (Gottesbelohnung, Kupferkammer) weiter verarbeitet. Die in der Hütte anfallende Schlacke wurde seit 1873 zu Pflastersteinen gegossen. Von 1916 bis 1936 wurden auf der Krughütte nacheinander drei wassergekühlte Großschachtöfen gebaut und in Betrieb genommen. Die hier anfallenden Ofengase wurden gewaschen und die dabei anfallenden Schlämme mit hohem Spurenmetallgehalten in den Hettstedter Hütten weiterverarbeitet. 1950 wurde die Hütte in Karl-Liebknecht-Hütte umbenannt. 1972 wurde die Hütte vom Mansfeld Kombinat stillgelegt. Wenige Jahre später kam es im gesamten Gelände der Hütte zu massiven Senkungserscheinungen, die die meisten der vorhandenen Gebäude in ihrer Grundsubstanz zerstörte. Die Betriebsanlagen wurden daraufhin in den 1980er Jahren komplett abgerissen.
Im Jahr 2012 wurde auf dem Gelände der Solarpark Krughütte errichtet.""",kif,,+,
23699,Carl Schulzik (Mühlenbesitzer),Carl Schulzik (Mühlenbesitzer),,,Mühlenbesitzer in Rybnik (Oberschlesien). Nachgewiesen für Zeit um 1902,piz,,+,
20338,Fotoatelier Georg Reinecke,Fotoatelier Georg Reinecke,,,"Fotoatelier in
- Fulda, Petersgasse Nr. 150

Nachgewiesen 2. H. 19. Jahrhundert.",kif,,+,
83380,Amy Grandt-Nielsen,Amy Grandt-Nielsen,,,Textilkünstlerin aus Dänemark.,piz,female,+,http://d-nb.info/gnd/174214219
192715,Anna Boßhard,Anna Boßhard,,,"(Frau Anna-Kündig-Boßhard, Pfäffikon, Kt. Zürich) ehemals Lehrerin an der Kochschule der städtischen Gewerbeschule Zürich, Verfasserin von: ""Die Zubereitung der Konserven für den bürgerlichen Haushalt"" und ""Großes Schweizerisches Kochbuch."" Nachgewiesen 1910.",piz,female,+,
181698,Martha Dehrmann,Martha Dehrmann (1863-1945),1863,1945,"Porträt- und Stilllebenmalerin, später Illustratorin, geboren in Frankfurt (Main), aus Magdeburger Beamten- und Bürgerfamilien stammend, ausgebildet an der Kunstakademie Kassel. Ab 1888 in (Berlin-)Friedenau ansässig, mit längerem Aufenthalt in Kassel. Erste Ausstellungsbeteiligung 1888 in Berlin, bis 1892 auf der Berliner Akademieausstellung, 1891 auf der Kunstausstellung. Mitglied des Vereins der Berliner Künstlerinnen 1894, dort sporadisch auf Ausstellungen vertreten bis 1916, 1904 ein dritter Preis. Mitglied des Lyceum-Clubs, auch dort nach Ende des Ersten Weltkrieges nicht mehr aktiv. Gemälde nur vereinzelt im Kunsthandel, darunter Darstellung Hans von Bülows beim Dirigieren der Berliner Philharmoniker, mehr von historischem als künstlerischem Wert. Während des Ersten Weltkrieges mit Lithographien und Illustrationen hervorgetreten, ein Exlibris-Preis 1916. Nach 1918 wohl ohne Markt und Nachfrage, vielleicht nicht mehr tätig, denn keine Werke und Ausstellungsbeteiligungen mehr nachweisbar. Zuletzt in Berlin-Zehlendorf wohnend. [kl-bb]",piz,female,,http://d-nb.info/gnd/1140869620
88923,Sammlungen zur Volkskunde in Hessen,Sammlungen zur Volkskunde in Hessen,,,"Die Sammlungen zur Volkskunde in Hessen waren im Museum Otzberg untergebracht, als sie ins Eigentum des Landes Hessen überführt wurden, wurden sie ins Freilichtmuseum Hessenpark überführt. - https://museen-in-hessen.de/de/museen/museum-veste-otzberg-, 09.06.2020",kiz,,+,
251814,Wolfgang Koch,Wolfgang Koch,,,Eisenbahner und Verfasser von Eisenbahnliteratur (u.a. 1980),piz,male,+,
311279,Richard Wieck,Richard Wieck (1869-),1869,,"Paul Richard Konstantin Wieck, evangelischer Pfarrer, geb.5. 2. 1869 Potsdam
1904–1907 Hilfsprediger in Sonnewalde,
1907–1910 Diakon in Sonnewalde,
1910–1912 Hilfsprediger an der Segenskirche in Berlin,
1912–1936 3. Pfarrer an der Segenskirche in Berlin,
1. 10. 1936 emeritiert;
verheiratet ab 10. 5. 1905 mit Gertrud geb. Romahn aus Potsdam.
(Quellen: Otto Fischer: Evangelisches Pfarrerbuch für die Mark Brandenburg seit der Reformation. Berlin 1941, Bd. 2, T. 2, S. 958)",piz,male,+,
223271,A. Scholz Verlag,A. Scholz Verlag,,,Verlag in Wiesbaden,kif,,+,
75733,Firma Ernst Hähnel,Firma Ernst Hähnel,,,"Die Firma Ernst Hähnel wurde im Jahr 1885 im sächsischen Heidersdorf gegründet. Nacxh dem 2. Weltkrieg benannte man die Firma in Lötkolben und Lötapparatefabrik Ernst Hähnel um. Der Firmensitz wurde um diese Zeit ins westfälische Lüdenscheid verlegt.

Das Unternehmen stellte Lötgeräte her, unter anderem unter dem Markennamen Vulcano Alemania.",kif,,+,
24287,H. Fölsch & Co. (Hamburg),H. Fölsch & Co. (Hamburg),,,"Unter dem Namen H. Fölsch & Co. existierte in Hamburg seit den 1880er bis in die 1920er Jahre ein von dem Hamburger Kaufmann, Unternehmer und Reeder Hermann Conrad Johannes Fölsch (1840-1920) gegründetes Unternehmen, welches mit eigener Reederei (gegr. 1881) vor allem Salpeter aus Chile importierte.
1909 trat das Unternehmen als Auftraggeber einer Weizenmühle in Hamburg in Erscheinung.",kif,,+,
270866,Waldkircher Verlagsgesellschaft,Waldkircher Verlagsgesellschaft,,,Waldkircher Verlagsgesellschaft in Freiburg (nachgewiesen 1989),kif,,+,
345765,Wilhelmine Reissert,Wilhelmine Reissert (1784-1859),1784,1859,"Porträtmalerin und Kunsthändlerin in Berlin, Tochter des Malers Paul Joseph Bardou (aus St. Petersburg) und der Charlotte Hamann

Geburtsname: Wilhelmine Catharine Charlotte Pauline Bardou",piz,female,+,
132763,Adam Ludwig Widmann,Adam Ludwig Widmann,,,"Zeichner, tätig zw. 1800-1810",piz,,+,
331572,Harry Woehleke,Harry Woehleke (1897-1980),1897,1980,Lithograph. In Berlin tätig.,piz,,+,
32405,Deutsche Waffen- und Munitionsfabriken AG,Deutsche Waffen- und Munitionsfabriken AG,,,"1886 entstand aus Ludwig Loewe & Company, den Mauserwerken und der Metallpatronen AG die Deutsche Waffen- und Munitionsfabriken AG (DWM). - Wikipedia über Metallpatronen AG, 05.06.2017",kif,,+,
185290,Buschmann F. utóda,Buschmann F. utóda,,,Druckerei in Budapest (F. Buschmann Nachfolger),kif,,+,
172558,Gudrun Marie Schecker,Gudrun Marie Schecker,,,Gudrun Marie Schecker alias Guda von Baumburg ist eine in Wiesbaden ansässige Künstlerin,piz,female,+,
311416,Seminarist Jung+Pieperts,Seminarist Jung+Pieperts,,,"Seminarist Jung+Pieperts aus Neuwied, Fabrik in Kessel (Feld in Heimbach-Weiss)",kif,,,
39864,Cebaso (Firma),Cebaso (Firma),,,"Möbelfabrik in Ohrdruf (Thüringen)
""Die Bezeichnung Cebaso wurde aus den Namen der Firmengründer und dem Standort abgeleitet, Carl Beck & Alfred Schulze, Ohrdruf, Deutschland. In der thüringischen Kleinstadt begann das Unternehmen 1882 mit der Herstellung von Möbeln. Für das von 1931 bis 1934 produzierte Sortiment an Stahlrohrmöbeln zeichnete Erich Dieckmann verantwortlich. Charakteristisch sind die mehrfachen Biegungen des Stahlrohrs mit zum Teil kleinen Radien. Zur Kollektion gehörten die Sessel 8326 und 8137, der Klappstuhl 8191, aber auch Schreibtische, Servierwagen und andere Kleinmöbel. Neben Strahlrohrmöbeln stellte Cebaso auch Korb- und Bugholzmöbel her, darunter wiederum einige Modelle von Dieckmann, wie etwa den Sessel 6612."" (http://collectiononline.design-museum.de/#/de/person/9932?_k=qvbzam)",kif,,+,
170674,Bert Wallraf,Bert Wallraf (1953-),1953,,Vorsitzender Heimatverein Sindorf gestern und heute e.V.,piz,male,+,
338369,Paul Schröter (Augenarzt),Paul Schröter (Augenarzt),,,"Dr., Privatdozent der Augenheilkunde an der Universität Leipzig, 
Wirkungsdaten: Beginn 1884",piz,male,+,https://d-nb.info/gnd/1262509785
278841,Volker Kerth,Volker Kerth,,,Spender von Erinnerungsstücken des 1. FC Kaiserslautern (nachgewiesen 2013),piz,male,+,
328578,Magda Simon,Magda Simon,,,deutsche Schauspielerin (nachgewiesen 1919-1940),piz,female,+,https://d-nb.info/gnd/1061580881
187063,Trachtenschneiderei Jacobik (Cottbus),Trachtenschneiderei Jacobik (Cottbus),,,Schneidereibetrieb in Cottbus,kif,,+,
886,Neues Forum Salzwedel,Neues Forum Salzwedel,,,gegr. 20./26. 10. 1989,kiz,,+,
153299,Carl von Zamboni,Carl von Zamboni (1840-),1840,,"""Karl (Carlo) Zamboni von Lorbeerfeld (*22. Februar 1840) entstammt einer ursprünglich belgischen Offiziersfamilie, die eigentlich “Geambon de St. André” hieß. Nachdem sie im 18. Jahrhundert nach Venedig kam, wurde der Name zu Zamboni “verwälscht”. ... Karl Zamboni diente bei der Infanterie (zuletzt Oberleutnant im Stab des 43. Ungarischen Infanterieregiments in Ofen), beendete seine Karriere in der Armee im Jahre 1873. Er ließ sich in Fiume als Maler nieder und beschäftigte sich mit Fotografie. 1881 trat er in die Photographische Gesellschaft ein. 1888 siedelte er nach Wien, wo er als Angestellter in den Ateliers von R. Lechner und A. Moll arbeitete. 1884 fotografierte er österreichische Kriegsschiffe bei Manövern und 1887 den Stapellauf des “Kronprinz Erzherzog Rudolf” in Pola. Noch 1891 hat er anlässlich der Dalmatienreise von Kaiser Franz Joseph dessen Besuch der Marineakademie in Fiume abgelichtet."" - https://www.marinebibliographie.com/index.php/forschen/bilddokumente/carlo-zamboni/, 06.06.2021",piz,male,+,
194032,"Museum und Werkstatt im Schäferhaus e.V., Wahlsburg","Museum und Werkstatt im Schäferhaus e.V., Wahlsburg",,,Verein in Wahlsburg.,kiz,,+,
23210,Germano Grethel (Mühlenbesitzer),Germano Grethel (Mühlenbesitzer),,,1913 Bauherr einer Dampfmühle in Bom Retiro (Brasilien),piz,male,+,
302059,Verband Märkischer Touristen-Vereine Berlin,Verband Märkischer Touristen-Vereine Berlin,,,"Dachverband, nachgewiesen 1912",kiz,,+,
67811,"Fischbach, Dominicus",Dominicus Fischbach (1795-1872),1795,1872,"""Dominicus Fischbach was the eleventh and youngest child born to his parents Franz Fischbach and Anna Muller. His birth was on a Saturday, the 26th of September about 5 o'clock in the morning at Leudelingen in the district of Rumelingen, Duchy of Luxemburg during the year 1795 at the beginning of the turbulent Napoleonic years. Today this town is known as Leudelange, canton of Esch-sur-Alzette, district of Luxembourg, Grand Duchy of Luxembourg. ..."" - https://www.findagrave.com/memorial/76849111/dominicus-fischbach",piz,male,+,
270097,Franz Kalff GmbH,Franz Kalff GmbH,,,"Hersteller von Erste Hilfe Produkten, ansässig in Euskirchen 

Quelle (28.1.2025):
https://franzkalff.de/de/ueber-uns/geschichte.html
https://www.northdata.de/Franz%20Kalff%20GmbH,%20Euskirchen/Amtsgericht%20Bonn%20HRB%2010940",kif,,+,
260422,Fritz Bühler,Fritz Bühler (1863-1944),1863,1944,Fritz Bühler stammte aus Bad Dürkheim und war als Lehrer in Zweibrücken tätig. Später schlug er die politische Laufbahn ein und war Abgeordneter im Bayerischen Landtag.,piz,male,+,
164197,Generalkommando des Gardekorps (Preußen),Generalkommando des Gardekorps (Preußen),,,Führung des Gardekorps der Preußischen Armee,kio,,+,
120490,Carl August Artaria,Carl August Artaria (1747-1808),1747,1808,Verleger in Wien. Sohn des Cesare. Gründer von Artaria & Co. in Wien.,piz,male,+,
246112,Georg Kerler (Abt),Georg Kerler (Abt),,,Abt im Kloster Lorch von 1481-1510,piz,,+,
182434,Verlag Gustav Rehnich,Verlag Gustav Rehnich,,,Ein Verlag aus Aachen,kif,,+,
14986,Jenny Ney,Jenny Ney (1824-1886),1824,1886,"Sängerin (Sopran), geb. 21.12.1824 Graz, gest. 17.5.1886 Dresden",piz,female,+,
72629,Matienus,Matienus,,,"""Römischer Münzmeister 179-170 v. Chr."" - gnd, 08.10.2024",piz,male,+,http://d-nb.info/gnd/1185217150
169098,Grevener Baumwollspinnerei,Grevener Baumwollspinnerei,,,"""Mit der Gründung der Grevener Baumwollspinnerei 1855 begann in Greven die Industrialisierung, die vor allem durch das Kapital der im Fernhandel wohlhabend gewordenen Kaufmannsfamilien vorangetrieben wurde."" - Wikipedia über Greven, 13.04.2021

""Die Grevener Baumwollspinnerei wurde 1855 von den Textilfamilien Becker, Cramer und Schründer gegründet, 1993 wurde geschlossen. "" - Westfälische Nachrichten über ""Die alte Textilherrlichkeit"", 08.04.2021",kif,,+,http://d-nb.info/gnd/16031649-2
53292,Walter Hähnel (Autor),Walter Hähnel (Autor),,,Autor des Buchs Mineralien und Gesteine (1970).,piz,male,+,http://d-nb.info/gnd/107892405
14074,Heinrich Meier,Heinrich Meier,,,Künstler Ende 18. / Anf. 19. Jh.,piz,male,-,
259185,Frank Bachmann (Mulda),Frank Bachmann (Mulda),,,Bewohner von Mulda (erwähnt 2002),piz,male,+,
17323,"Sozialdemokratische Partei Deutschlands (SPD), Bezirksverband Magdeburg-Anhalt","Sozialdemokratische Partei Deutschlands (SPD), Bezirksverband Magdeburg-Anhalt",,,"Bezirksverband der SPD
1945 Adresse: Magdeburg, Jordanstraße 17",kiz,,+,
30291,A. Demuth (Buchbinderei),A. Demuth (Buchbinderei),,,Buchbinderei in Berlin. Nachgewiesen für Zeit um 1871.,kiz,,+,
3239,Gustav Emil Schneidewint,Gustav Emil Schneidewint (1844-1866),1844,1866,Musketier 4. Thüringischen Infanterieregiment Nr. 72. Er verstarb an seinen Verwundungen die er bei der Schlacht bei Königgrätz erhielt.,piz,male,+,
263859,Georg Bauer (Lithograf),Georg Bauer (Lithograf),,,"Lithograph erst in Darmstadt, dann zeitweilig auch in Frankfurt am Main; belegt 1865-1904 in Darmstadt, in Frankfurt am Main belegt 1881-1883 (vermutlich identische Person?), Mitglied des Freien Deutschen Hochstifts.
Quelle: Berichte des Freien Deutschen Hochstiftes N.F. Nr. 1 (1876), S. 34; Adressbuch Frankfurt am Main 1881-1883; Adressbuch Darmstadt 1865-1904.",piz,male,+,
205693,Optima Erfurt GmbH (Erfurt),Optima Erfurt GmbH (Erfurt),,,Schreibmaschinenhersteller in Erfurt.,kif,,+,
336404,Marc de Bye,Marc de Bye (1638-1688),1638,1688,niederländischer Kupferstecher,piz,male,+,
269645,Oswald Karl Heinrich Arlt,Oswald Karl Heinrich Arlt (1902-),1902,,Als erster Sohn des aus Schlesien stammenden Vizefeldwebels und späteren Zollinspektors Oswald Arlt und dessen Frau Anna wird er hier am 23. November 1902 im Unteroffiziers-Wohnhaus geboren.,piz,male,,
174660,Königliche Schauspiele zu Berlin,Königliche Schauspiele zu Berlin,,,"""Das Königliche National-Theater wurde ab 7. Juli 1811 auf den Theaterzetteln Königliches Schauspiel genannt."" - gnd, 28.05.2022",kiz,,+,https://d-nb.info/gnd/10158700-4
200416,Mölnlycke Väfveriaktiebolag,Mölnlycke Väfveriaktiebolag,,,"Textilunternehmen in Mölnlycke, Schweden.",kif,,+,
343306,Carl Conrad Haeberlin,Carl Conrad Haeberlin (1878-1947),1878,1947,Arzt in Bad Nauheim,piz,male,+,
23151,Andreas Bollmann (Vermesser),Andreas Bollmann (Vermesser),,,"Vermesser / Markscheider(?) in Bergwerken in Eisleben, 1. H. 19. Jh.",piz,male,+,
142213,Druckerei H. Franke,Druckerei H. Franke,,,Druckerei in Dessau,kif,,+,
269975,Jürgen Hoffmann,Jürgen Hoffmann (1951-),1951,,"Kameramann, unter anderem bei DEFA und NDR.

GND: 1174714220 
Quelle: https://yucca-filmproduktion.de/filmojuergen.html (Stand (21.05.2024)",piz,male,+,https://d-nb.info/gnd/1174714220
63237,Verband der Elektrizitätswerke (VdEW),Verband der Elektrizitätswerke (VdEW),,,"Der Verband der Elektrizitätswerke (VdEW) wurde 1892 in Berlin von 16 Elektrizitätswerken als Branchenverband gegründet. Nach dem Krieg wurde er 1950 als ""Vereinigung Deutscher Elektrizitätswerke e. V."" (VDEW) mit Wirkung ab 1. Januar 1951 und Sitz in Frankfurt neu gegründet. Heute heißt er ""Verband der Elektrizitätswirtschaft"".",kiz,,+,
4272,Hermond Wright,Hermond Wright,,,"Englischer Musikverleger, ab 1783 Nachfolger von William und Elizabeth Randall.",piz,male,+,
231976,Hans-Wolfgang Scharf,Hans-Wolfgang Scharf,,,Sachbuchautor zur Eisenbahngeschichte.,piz,male,+,
130721,Simon Beckenstein (Verleger),Simon Beckenstein (Verleger),,,"Verleger, Buchhändler, ""1652-1677 zusammen mit Christian Gerlach. - 1679-1682 teilw. u.d. Bezeichnung"" - gnd, 01.01.2021",piz,male,+,https://d-nb.info/gnd/1037512782
19968,Rat der Stadt Falkensee,Rat der Stadt Falkensee,,,Bezeichnung der Falkenseer Stadtverwaltung 1961 bis 1989,kio,,+,
196375,VEB Elektrokohle Lichtenberg (EKL),VEB Elektrokohle Lichtenberg (EKL),,,Unternehmen in Lichtenberg,kif,,+,
232200,Paul Lukowski (Verlag),Paul Lukowski (Verlag),,,Verlag Paul Lukowski in Dortmund,kif,,+,
52133,Augustin Heider,Augustin Heider,,,"Zeichnete Ortsansichten von Fulda, um 1813",piz,male,+,
45707,"E. Courret & Co. - A. Dubreuil, Sor.","E. Courret & Co. - A. Dubreuil, Sor.",,,"Fotoatelier in
- Lima, Peru",kif,,+,
311559,Stell- und Rademachergewerk Köpenick,Stell- und Rademachergewerk Köpenick,,,Zusammenschluss der Stell- und Rademachermeister in (Berlin-)Köpenick,kiz,,+,
328356,Scheid Motorsport,Scheid Motorsport,,,"Rennteam aus Kottenborn in der Eifel, Scheid Motorsport war 50 Jahre aktiv in Rennen auf dem Nürburgring beteiligt.",siu,,,
273554,Johannes Sulzer,Johannes Sulzer,1652,1717,"Schweizer Maler und Kupferstecher. Tätig in Winterthur, Porträtist.",piz,male,+,https://d-nb.info/gnd/1089652585
223171,Stadtverwaltung Viernheim,Stadtverwaltung Viernheim,,,"Verwaltung der hessischen Stadt Viernheim, ansässig in der Kettelerstraße.",kio,,+,
325851,Abraham Wagner (Maler),Abraham Wagner (Maler),,,"Deutscher Maler aus Wangen (Allgäu). Nachgewiesen 1619-1622, tätig in Breslau (Wroclaw). Porträt- und Historienmaler.",piz,male,+,
316405,Deutsches Reich. Reichspostministerium,Deutsches Reich. Reichspostministerium,,,1919-1945 Behörde zur Leitung des deutschen Postwesens mit Sitz in Berlin,kio,,+,https://d-nb.info/gnd/11436-4
346967,Josef Müller (Niedergrund),Josef Müller (Niedergrund),,,Josef Müller stammt aus Niedergrund und spendete der Zuckmantler Heimatstube eine Art Miniatur-Schubkarre.,piz,male,,
200579,Johann Christoph Eberhardt,Johann Christoph Eberhardt (1740-1809),1740,1809,Münzmeister in Saalfeld und Wertheim.,piz,male,+,https://d-nb.info/gnd/116999086X
20916,Johannes Versteeg,Johannes Versteeg,,,"Konzertmeister in Halle (Saale), wirkte um 1919",piz,male,+,
218322,Johann Jakob Aigmann,Johann Jakob Aigmann,,,"Münzmeister, 18. Jh.",piz,male,+,
9580,Fotoatelier Bernhard Prill,Fotoatelier Bernhard Prill,,,"Fotoatelier
- Bad Oldesloe",kif,,+,
259951,Pfannschmidt'scher Chor,Pfannschmidt'scher Chor,,,Chor in Berlin (nachgewiesen 1919/20),kim,,+,
301245,Profino GmbH & Co. KG,Profino GmbH & Co. KG,,,"Die Profino GmbH & Co. KG ist ein deutsches Unternehmen mit Sitz in Solingen, das 2008 von Christian Peiniger gegründet wurde. Als Generalimporteur vertreibt Profino über 1.000 Produkte internationaler Marken in den Bereichen Küche, Tisch und To-Go. Profino betreibt ein eigenes Zentrallager in Solingen und beliefert sowohl den Fachhandel als auch den Onlinehandel.",kif,,+,
70160,Peter Schimmelbusch,Peter Schimmelbusch,,,"Solinger Schwertschmied, dessen Datierung ins 17. Jahrhundert zurückreicht.",piz,male,+,
13210,H. Meyer (Stahlstecher),H. Meyer (Stahlstecher),,,"Stahlstecher, 19. Jh.",piz,male,+,http://d-nb.info/gnd/1050564049
57670,Julius Zwitzler Verlag,Julius Zwitzler Verlag,,,Verlag in Wolfenbüttel. Nachgewiesen 1912/17.,kif,,,
4511,Zonophone Record,Zonophone Record,,,Plattenlabel,kif,,+,
309832,Iwan Kryslatsch,Iwan Kryslatsch,,,Russischer Künstler (nachgewiesen 1988/89),piz,male,,
18322,Kant Chokoladenfabrik,Kant Chokoladenfabrik AG,,,"1906 gegr. Unternehmen in Wittenberg,
heute Wikana Keks- und Nahrungsmittel GmbH",kif,,+,
340644,Josef Brodtmann,Josef Brodtmann (1787-1862),1787,1862,"Lithograf und Kupferstieher, geb. 3. 2. 1787 Überlingen, gest. 14. 5. 1862 Basel",piz,male,+,
259001,Rat der Gemeinde Kleinwaltersdorf,Rat der Gemeinde Kleinwaltersdorf,,,Gemeindeverwaltung von Kleinwaltersdorf bei Freiberg in Sachsen (nachgewiesen 1988),kio,,+,
183284,Karl F. Haug Verlag,Karl F. Haug Verlag,,,Verlag in Ulm. Nachgewiesen für Zeit um 1958-1970.,kif,,+,
349988,TEX B.V. Amsterdam,TEX B.V. Amsterdam,,,wohl Textil-Großhändler in Niederlanden (1970/80er Jahre),kif,,+,
172168,Rauert & Pittius G.m.b.H.,Rauert & Pittius G.m.b.H.,,,Druckerei und Verlag in Sorau (Niederlausitz) nachgewiesen um 1905/10 bis 1936,kif,,+,
259036,Akademische Hochschule für die Bildenden Künste,Akademische Hochschule für die Bildenden Künste,,,"1875 gegründete Hochschule. Teil der Königlichen Akademie der Künste (bis 1918), danach der Akademie der Künste. ""1924 Zusammenschluss von ""Akademischer Hochschule für die Bildenden Künste"" und ""Unterrichtsanstalt"" des Berliner Kunstgewerbemuseums zu den ""Vereinigten Staatsschulen für Freie und Angewandte Kunst"" ."" - gnd, 19.01.2024",kiz,,+,https://d-nb.info/gnd/17403-8
278961,Norbert Saxe,Norbert Saxe,,,Spender von Erinnerungsstücken des 1. FC Kaiserslautern (nachgewiesen 2024),piz,male,+,
11765,Württembergische Porzellanmanufaktur C. M. Bauer & Pfeiffer,Württembergische Porzellanmanufaktur C. M. Bauer & Pfeiffer,,,"Porzellanmanufaktur in Schorndorf/Württemberg, gegr. von Carl Maria Bauer u. Richard G. Pfeiffer; bestand zwischen 1904 und 1918",kif,,+,http://d-nb.info/gnd/4823909-4
28105,Bertelando,Bertelando (585-675),585,675,"""Merowingischer Monetar Namur ca. 585-675. Zum Monetarnamen Bertelando/Bertelandus s. E. Felder, Die Personennamen auf den merowingischen Münzen der Bibliothèque nationale de France (2003) 93."" - Interaktiver Katalog des Münzkabinetts der SMB, 16.10.2016",piz,male,+,
18300,Bremer Kolonialhaus F. Oloff & Co.,Bremer Kolonialhaus F. Oloff & Co.,,,"Bremer Unternehmen, u. a. Kaffee",kif,,+,
341423,Michael Platzer,Michael Platzer,,,Ingenieur und Flugzeugkonstrukteur,piz,male,,
71287,C. Petzold (Firma),C. Petzold (Firma),,,Pharma-Unternehmen in Melsungen,kif,,+,
282582,Galerie Mensing,Galerie Mensing,,,"Kunstgalerie mit Niederlassungen in Berlin, Düsseldorf, Hamburg u.a.. Gegründet im Jahr 1961.",kif,,+,https://d-nb.info/gnd/2141556-0
322963,Vincent & Cie.,Vincent & Cie.,,,"Uhrenfabrik in Montbéliard, 1823-1923

Der gebürtige Korse Jean (Ghjuvanni-Giovanni) Vincenti gründete am 6. Oktober 1823 in Montbéliard die Uhrenfabrik Vincenti & Cie. Vincenti entwickelte zum größten Teil eigene Produktionsmaschinen und Geräte für die Herstellung von Rädern, Trieben, Rohwerken (Roulant Blancs) sowie kompletten Uhrwerken. Nach einigen Jahren geriet die Firma in finanzielle Schwierigkeiten und mußte am 24. Februar 1828 Konkurs anmelden.

Der Betriebsleiter Jean ""Albert"" Roux übernahm einen Teil der Aktien von Vincenti und dessen Geschäftspartner James Thayer. Dieser Verkauf von Firmenanteilen bescherte dem angeschlagenen Unternehmen eine Kapitalspritze in Höhe von 110.000 Franken. Am 24. Oktober 1829 konnte Vincenti & Cie den Betrieb wieder aufnehmen. Trotz gesundheitlicher Probleme begab sich der Firmengründer Vincenti auf die Suche nach neuen Produktionsmethoden. In Paris traf er auf Henri Laresche. Laresche beriet Vincenti diesbezüglich. Sechs Jahre nach dem Konkurs, im Jahre 1834 in Paris, überzeugte die Firma mit ihren Uhren die Juroren: Ihre Leistung wurde mit einer Silbermedaille honoriert. Jean Vincenti erlebte das Comeback nicht mehr, er verstarb 1833 an Krebs.

Nach dem Tod von Jean Vincenti übernahm Albert Roux die Firma. Die Umbennung in Albert Roux & Cie erfolgte vermutlich aus juristischen Gründen, denn die Uhren wurden weiterhin unter dem Markennamen Vincentie & Cie verkauft. 1855 gewann die Firma wieder ein Goldene Medaille. Die Firma betrieb traditionell weiterhin ein Vertretung in Paris in der Rue des Arquebusiers (diesen Ort anzeigen), später in der Rue Vieille-du-Temple 110. Ab 1863 arbeiteten die Firmen Vincenti & Cie, Japy Frères & Cie und S. Marti & Cie bei der Produktion und Vermarktung von Uhren eng zusammen. Ein Beleg dafür ist die Biographie von Emile Louis Japy: Er war um 1870 Direktor und Aktieninhaber bei Marti & Cie. und Vincenti & Cie.

Vincenti & Cie bestand bis 1923.",kif,,+,
280638,Woldemar Krumbiegel,Woldemar Krumbiegel (-1958),,1958,"Stuhlbauer in Rabenau, Höhenstraße 15",piz,male,+,
162455,Louis Holtzschue,Louis Holtzschue,,,"Kunsthandwerker(in)?? Ohne Lebensdaten im AKL verzeichnet. (https://db.degruyter.com/view/AKL/_42427536?rskey=wFzIFQ&result=1&dbq_0=Holtzschue&dbf_0=akl-fulltext&dbt_0=fulltext&o_0=AND, 10.1.2021).",piz,male,+,
272698,Verlag Carl Machnick,Verlag Carl Machnick,,,"Ansichtskartenverlag in Crossen (Oder), nachgewiesen durch ca. 1905 herausgegebenes Exemplar mit dem Aufdruck ""Verlag Carl Machnick, Crossen (Oder)"".",kif,,+,
145724,"Zschätzsch und Horn KG, Dresden","Zschätzsch und Horn KG, Dresden",,,Unternehmen in Dresden.,kif,,+,
222603,Fleischer-Innung Markt Oberdorf/Kaufbeuren,Fleischer-Innung Markt Oberdorf/Kaufbeuren,,,"Innung der Fleischermeister in Markt Oberdorf/Kaufbeuren, nachgewiesen 1936",kiz,,+,
332649,Modehaus Haidt (Tübingen),Modehaus Haidt (Tübingen),,,"Das Modehaus Haidt, spezialisiert auf Damenmode, befand sich an der Ecke Holzmarkt/Neue Straße in der Altstadt von Tübingen. 1938 arisiert.",kif,,+,
324658,Katharina Krämer,Katharina Krämer (1930-),1930,,lebte in Weprowatz,piz,female,+,
205412,Carl Henkel Uniform-Fabrik,Carl Henkel Uniform-Fabrik,,,Die Carl Henkel Uniform-Fabrik wurde 1871 in Bielefeld gegründet. In den ersten Jahrzehnten der Firmengeschichte war die Uniformherstellung das Kerngeschäft des Unternehmens. Heute: Carl Henkel GmbH & Co. KG,kif,,+,https://d-nb.info/gnd/1366335058
18256,BIP Holland B.V.,BIP Holland B.V.,,,Niederländisches Unternehmen in Roosendaal (Süßigkeiten und Spielzeug),kif,,+,
39790,F. W. Lehmann (Verlag),F. W. Lehmann (Verlag),,,"Druckerei/Verlag in Berlin, belegt 1. H. 19. Jh.",kif,,+,
223429,Fotoatelier Philipp Graff,Fotoatelier Philipp Graff,,,"Fotoatelier in
- Berlin

Philipp Graff war ein bedeutender Daguerreotypist in Berlin. Er lebte von 1813 bis 1851. Nach seinem Tod wurde das Atelier von seiner Witwe, dann von seinem Sohn unter seinem Namen weitergeführt.",kif,,+,
3315,Josef Breiden,Josef Breiden (1888-),1888,,"5.11. 1888 in Hillscheid

1903-1907 Studium an der Keramischen Fachschule Höhr
1909-1914 Modelleur bei Reinhold Merkelbach belegbar sind 20 eigene Entwürfe",piz,male,+,
322976,Franz D. Detler,Franz D. Detler (1785-1835),1785,1835,Medailleur in Wien.,piz,male,+,https://d-nb.info/gnd/1038746353
282524,Gerhard Hoischen,Gerhard Hoischen (1888-),1888,,"""Dr. Gerhard Hoischen geb. am 1. September 1888 in Soest, gest. nach 30. März 1945, war ein Herner Pädagoge, Politiker und Heimatforscher."" (https://wiki.hv-her-wan.de/Gerhard_Hoischen, 28.11.2024)",piz,male,+,
45962,Dieter Christensen,Dieter Christensen (1932-2017),1932,2017,"Musikethnologe, der an der Columbia University lehrte. Er war von 1981-2001 Secretary General des International Council for Traditional Music.",piz,male,+,http://d-nb.info/gnd/1113598395
274018,Willy Fleischer,Willy Fleischer,,,"Fotograf in Berlin, um 1900",piz,male,,
121859,Parmeniskos (Abydos),Parmeniskos (Abydos),,,"""Magistrat in Abydos/Troas zwischen ca. 75 und 65 v. Chr.
Lit.: Th. Corsten, A Lexicon of Greek Personal Names V A Coastal Asia Minor: Pontos to Ionia (2010) s. v. Parmeniskos (18); W. Leschhorn, Lexikon der Aufschriften auf griechischen Münzen II (2009) 747; F. de Callataÿ, Abydos sur Aesillas, in: E. Kypraiou (Hrsg.), Character. Festschrift Manto Oikonomidou (1996) 83."" - https://ikmk.smb.museum/ndp/person/10085, 29.01.2022",piz,,+,
338479,Gustav von Eichendorff,Gustav von Eichendorff (1800-1803),1800,1803,Früh verstorbener Bruder Joseph von Eichendorffs,piz,male,+,
22279,Moritz Gläsel,Moritz Gläsel,,,"bedeutender Instrumentenbauer aus Markneukirchen (Saiteninstrumente), 2. H. 19. Jh./Anf. 20. Jh., Sohn des Instrumentenbauers Carl August Gläsel",piz,male,,
277114,Gerli GmbH,Gerli GmbH,,,"Die in Merzalben ansässige Gerli GmbH produziert seit 2022 die Schuhkollektionen der Marke Camel Active. Den Abschluss einer entsprechenden Lizenzvereinbarung gab der Textilkonzern Bültel Worldwide Fashion GmbH & Co. KG, der die Masterlizenz von Camel Active für die Region EMEA hält, am Dienstag bekannt. 20.09.2022",kif,,+,
258599,Kunstgießerei Füssel (Berlin),Kunstgießerei Füssel (Berlin),,,"Gießerei in Berlin, ab 1921. Zunächst in Charlottenburg und ab 1948 in Kaulsdorf-Süd.",kif,,+,
34620,Ursula Kemper-Ebinghaus,Ursula Kemper-Ebinghaus,,,"Malerin, signierte mit Kürzel EBI. Arbeitete um 1950 für den Tellus-Verlag in Essen.",piz,female,+,
217842,Robert Richter (Kunstvereinsdirektor),Robert Richter (Kunstvereinsdirektor) (1878-1932),1878,1932,"Robert Theodor Richter, geb. 10. 10. 1878 Dresden, gest. 27. 11. 1932 Dresden, evang.-luth., ursprünglich Kaufmann, dann Beamter der Kunsthandlung Emil Richter in Dresden, ab 1913 Geschäftsführender Direktor des Sächsischen Kunstvereins zu Dresden, Sohn des Fleischermeisters Albert Theodor Richter und der Franziska Thekla geb. Püschel (Quelle: Standesamt Dresden, Heiratsurkunde und Sterbeurkunde).",piz,male,+,https://d-nb.info/gnd/00167474
24033,Andreas Bodenburg (Mühlenbesitzer),Andreas Bodenburg (Mühlenbesitzer),,,Um 1895 Besitzer ein Bockwindmühle in Westerhüsen bei Magdeburg,piz,,+,
275056,Nishimura Shigenobu,Nishimura Shigenobu (1711-1785),1711,1785,Often thought to be identical with the contemporary ukyo-e artist Ishikawa Toyonobu.,piz,male,,
323,VEB Maschinenbau u. Eisengießerei Dessau,VEB Maschinenbau u. Eisengießerei Dessau,,,Maschinenbaubetreib in Dessau,kif,,+,
230478,Botthof-Moden,Botthof-Moden,,,1919 gegründeter Hersteller von Hemden und Gesellschaftsmoden in Bielefeld,kif,,+,
322625,Algerier,Algerier,,,"Jemand, der in Algerien geboren wurde oder die algerische Staatsbürgerschaft innehat.",siu,,+,
75370,Wladislaw Sakalowski,Wladislaw Sakalowski (1886-),1886,,"Wladislaw Sakalowski, geboren um 1886 in Kaunas (histor. Kowno), war ein litauischer (histor. großrussischer) Landarbeiter und während des Ersten Weltkriegs im Kriegsgefangenenlager Stendal interniert.",piz,male,+,
25171,Fotoatelier Atelier Victoria (Posen),Fotoatelier Atelier Victoria (Posen),,,"Fotoatelier in
- Posen, Ritterstr. 13 (belegt für 1904, 1905, 1906, 1907-1910 - https://collectors.museum-digital.de/index.php?t=article&id=1, 06.05.2019)
- Posen, Ritterstr. 14 (mit Zusatz: ""Inh. B. Heinicke"", belegt für 1916, 1917 -https://collectors.museum-digital.de/index.php?t=article&id=1, 06.05.2019)",kif,,+,
258549,Gottfried Benjamin Voigt (Druckerei),Gottfried Benjamin Voigt (Druckerei),,,Gottfried Benjamin Voigt (Druckerei) in Zittau nachgewiesen 1829,kif,,+,
16402,Johannes Friedrich Des Côtes,Johannes Friedrich Des Côtes (1735-1811),1735,1811,"Reformierter Pfarrer und Hofprediger in Nassau-Weilburg, geb. 1735",piz,male,+,http://d-nb.info/gnd/140586741
350349,A. Paulik (Mühlenbesitzer),A. Paulik (Mühlenbesitzer),,,Mühlenbesitzer der Schniegelmühle bei Buchholz (nachgewiesen 1912),piz,male,+,
