21313,Johann Christian Först (Husar),Johann Christian Först (Husar),,,"Husar in der Königlich Preußischen Armee.
Oktober 1815 stationiert in Frankreich?",piz,male,+,
260276,Anna Clara Daniel,Anna Clara Daniel,,,"geborene Rotwitt; Doktorswitwe in Frankfurt am Main (Witwe des Dr. jur Heinrich Daniel August Daniel, Advokat und Fiscal-Adjunct, gestorben 1875/76). Belegt 1876-1899.",piz,female,+,
162502,Deusch-Schwedische Vereinigung Weißenfels,Deusch-Schwedische Vereinigung Weißenfels,,,"Zweigverein der Deutsch-Schwedischen Vereinigung. Mitbegründer war Otto Link. 1932 gegründet, wahrscheinlich bis 1945 bestanden.",kiz,,+,
56198,H. Th. Böhme AG FEWA Abteilung Chemnitz,H. Th. Böhme AG FEWA Abteilung Chemnitz,,,"""Der VEB Fettchemie (vormals H. Th. Böhme AG bzw. Böhme Fettchemie GmbH) war ein bedeutendes Chemieunternehmen mit Sitz in Chemnitz und weiteren Produktionsstandorten in Mohsdorf, Oberlichtenau, Zwickau, Dresden und Hirschfelde. Neben Wasch- und Spülmitteln (Fewa, fit) produzierte es vor allem chemische Hilfsstoffe für die Papier-, Leder- und Textilindustrie. "" - Wikipedia (de) über VEB Fettchemie Chemnitz, 20.11.2021",kif,,+,
238285,Töpferei Hans Schulze,Töpferei Hans Schulze,,,"Töpferei in Görzke, 1. H. 20. Jh.",kif,,+,
193371,VEB Wartburg-Schnellwaagenfabrik,VEB Wartburg-Schnellwaagenfabrik,,,Waagenfabrik,kif,,+,
328893,Paul Küst (Firma),Paul Küst (Firma),,,"Berliner Abzeichen-, Fahnen-, Orden- und Bandfabrik Paul Küst, 19./20. Jh.",kif,,+,
257528,Alfred H. Sumner,Alfred H. Sumner,,,Alfred H. Sumner diente während der Berliner Luftbrücke bei dem 11th Air Formation Signals Regiment der britischen Royal Air Force auf dem Flugplatz Schleswigland.,piz,male,+,
144691,Magistratsdruckerei Berlin,Magistratsdruckerei Berlin,,,Druckereibetrieb des Magistrats von Berlin,kif,,+,
270925,Paul Knabe,Paul Knabe (1874-1937),1874,1937,"Paul Knabe (geb.19. 8. 1874, gest. 1937) war Teilhaber der durch die Sektmarke ""Rotkäppchen"" bekannten Sektkellerei Kloss & Foerster in Freyburg/Unstrut.",piz,male,+,
31487,Fritz Lucke (Bergzow),Fritz Lucke (Bergzow),,,Einwohner von Bergzow (1. H. 20. Jh.),piz,male,+,
330052,Mayer (Maler),Mayer (Maler),,,Deutscher Porträtmaler. Nachgewiesen 1709 in Coburg.,piz,male,+,https://d-nb.info/gnd/1073349225
266154,Gebirgspionierbataillon 8 (Bundeswehr),Gebirgspionierbataillon 8 (Bundeswehr),,,Das zur Gebirgsjägerbrigade 23 gehörende Gebirgspionierbataillon 8 (GebPiBtl 8) der Bundeswehr ist im bayerischen Ingolstadt stationiert. Nachgewiesen 1963.,kio,,+,
92302,"Zsemberovszkyné, Molnár Márta",Zsemberovszkyné Molnár Márta (1962-),1962,,"Óvónői tanulmányai után kerámia és népművészet-oktatást tanult, majd a Kaposvári Egyetem művészeti karán rajz szakot végzett. 2005-ben a művészeti nevelés szakértője lett, hivatásának a kerámia és rajzművészet megszerettetését tartja a fiatalokkal, ezen keresztül személyiségük fejlesztését. Az aszódi Fiúnevelő Intézetben terápiás foglalkozásokat a Podmaniczky Alapfokú Művészeti Iskolában kerámia tanszakot vezet. Tanári munkássága mellett folyamatosan alkot, zsűrizett népművészeti kerámiák, tűzzománc festmények, ipar és képzőművészeti alkotások színesítik munkáit. A Galga-menti Művészeti Egyesület tagja. Zománcképein új művészeti és technikai formákat keres, kedveli a lágy festett képi megjelenítést, valamint a nemesacél alapon a sgraffito-technikával a finom struktúrájú felületeket a többszöri égetéssel visszafogott színvilágot. Szereti a természeti és bibliai témákat, formákat.
Díjai: 1994. Népművészet Ifjú Mestere, 1997. Minisztériumi kitüntetés, 2004. Tisztelet és Becsület díj, 2004. Képzőművészeti Art díj, 2005. Művészeti Emélékérem
Munkái: Domony Általános Iskola falfestmény, Evangélikus templom ablaküvegei, Aszód Fiúnevelő Intézet kerámiadombormű, kápolna Betlehem.",piz,female,+,
190446,Georg Hess (Kupferstecher),Georg Hess (Kupferstecher),,,"Kupferstecher, nachgewiesen im 19. Jahrhundert.",piz,male,+,https://d-nb.info/gnd/116764775
229886,Ernst Wiest Nachf. Verlagsbuchhandlung,Ernst Wiest Nachf. Verlagsbuchhandlung,,,Verlag in Leipzig (nachgewiesen 1. H. 20. Jh.),kif,,+,
156541,Conrad Büschler,Conrad Büschler (1510-1579),1510,1579,Bürgermeister und Stättmeister zu Schwäbisch Hall. Nachgewiesen für 1578.,piz,male,+,https://d-nb.info/gnd/107966825X
3891,Umkreis des Giovanni Battista Piazzetta,Umkreis des Giovanni Battista Piazzetta,,,"Umkreis des Giovanni Battista Piazzetta

""Giovanni Battista Piazzetta, auch Giambattista Piazzetta und Giambattista Valentino Piazzetta genannt, (* 13. Februar 1682 in Venedig; † 28. April 1754 ebenda) war ein italienischer Maler und Radierer des Barock und Rokoko.

Er gilt als einer der angesehensten venezianischen Künstler des 18. Jahrhunderts, insbesondere seine Genreszenen, sowie religiöse und mystische Motive waren richtungsweisend für die venezianische Malerei des Settecento. Typisch für den Künstler ist sein starkes Chiaroscuro (Helldunkel-Kontraste), das an die Caravaggisten des frühen 17. Jahrhunderts erinnert, aber für seine Zeit ungewöhnlich war."" - (Wikipedia (de) 12.08.2021)",siu,,+,
58636,P. Betilienus Bassus,P. Betilienus Bassus,,,"""Münzmeister unter Augustus."" - https://ikmk.smb.museum/object?id=18210490, 16.09.2018",piz,,+,
235664,"Kiss, Sándor (képzőművész)",Kiss Sándor (képzőművész),1974,,"Kiss Sándor 1974. december 15-én született Tiszamogyoróson, és hároméves korától állami gondozásban nevelkedett. Gyermek- és ifjúkorát több nevelőintézetben töltötte (Balkány, Berkesz, Tiszadob, Dunapataj), ahol már korán megmutatkozott kiváló rajzkészsége. A berkeszi évek alatt Sárosy Attila rajztanár volt meghatározó mestere: az ő irányítása mellett készített linómetszetei és tusrajzai gyermek létére is művészi színvonalat értek el, és több országos rajzpályázaton hoztak elismerést.

Sándor személyiségét a nehéz körülmények és az állami gondozás szigorú világa formálta. Erős igazságérzete és a mindennapos verbális, fizikai agresszió tapasztalata önfegyelemre és testépítésre ösztönözte, amelyből később alkotói fegyelme is táplálkozott. A rendszeres testedzés rendszert vitt életébe, amelyet ösztönösen a művészi folyamatokra is átültetett: a rajzolás technológiai fázisokra bontott, fegyelmezett megközelítésévé alakította.

Berkeszi gyermekkora különös élményei – például a kastély alatti alagútrendszer „kincskeresései” – gazdag fantáziavilágát erősítették. 1989-től Tiszadobon folytatta tanulmányait, a szobafestő szakmát is elsajátította, miközben tovább fejlesztette rajztudását. Itt találkozott ismét régi társakkal, köztük Balogh Tiborral, akinek szabad, érzékeny rajzstílusa új irányba terelte gondolkodását.

Kiss Sándor művészi látásmódját a figurális, fantáziadús rajzok és a technikai pontosság ötvözete jellemzi. Gyermekkori élményei, a kitartó testépítés és a belső fegyelem együtt formálták sajátos alkotói attitűdjét, amelyben a fizikai és a szellemi erő egyaránt meghatározó szerepet kapott.",piz,male,+,
273433,Thomas Mentzel,Thomas Mentzel (1942-),1942,,"Produktgestalter. Student an der Hochschule für Gestaltung Ulm in der Abteilung Produktgestaltung, 1963-1967",piz,male,+,
18713,Carl Ludwig Heinrich Christoph Conrad,Carl Ludwig Heinrich Christoph Conrad (1755-1819),1755,1819,"Stadtschultheiss und Justizsekretär in Kirchberg, 
geb. am 28.10.1755 in Kirchberg an der Jagst, gest. am 30.10.1819 ebd., seit 1789 verheiratet mit Wilhelmine Margarethe Elisabeth Bolz (1766-1845) aus Mosbach bei Feuchtwangen.",piz,,+,
334412,Medizinisches Zentrum Kreis Aachen gGmbH,Medizinisches Zentrum Kreis Aachen gGmbH,,,"Medizinisches Zentrum Kreis Aachen gGmbH
Krankenhaus der Knappschaft und des Kreises Aachen Akademisches Lehrkrankenhaus der RWTH Aachen (nachgewiesen 2006)",kif,,+,
171284,Dietrich Koeppe (Magdeburg),Dietrich Koeppe (Magdeburg),,,Magdeburger Zinngießer 18. Jh.,piz,male,+,
142231,Pelikan-Werke Günther Wagner,Pelikan-Werke Günther Wagner,,,Vorgänger der Pelikan Holding AG. Nachfolger der Günther-Wagner-Verwaltungsgesellschaft.,kif,,+,https://d-nb.info/gnd/2012694-3
205022,Christian Friedrich Gessner (Verlag),Christian Friedrich Gessner (Verlag),,,"Christian Friedrich Gessner (1701-1754) war Schriftsteller, Verleger und Drucker in Leipzig",kif,,+,
42223,Sextus (Atilius) Serranus,Sextus (Atilius) Serranus,,,"""Römischer Politiker, belegt ca. 155 v. Chr. als Münzmeister sowie als Konsul 136 v. Chr."" - gnd, 20.10.2020",piz,,+,http://d-nb.info/gnd/1183431791
70958,G. Pohl-Boskamp GmbH & Co. KG,G. Pohl-Boskamp GmbH & Co. KG,,,"Pharmaunternehmen, wird heute (2019) unter dem Namen G. Pohl-Boskamp GmbH & Co. KG geführt.",kif,,+,
24488,Norddeutsche Wagenbau-Vereinigung,Norddeutsche Wagenbau-Vereinigung,,,"Zusammenschluss von Unternehmen des Waggonbaus mit Sitz in Berlin, 1890-1914",kif,,+,
296940,Karl Groß (Musiker),Karl Groß (Musiker) (1932-),1932,,"Typ: Person
Vorname: Karl
Alternativname: Groß Karl",piz,male,+,https://d-nb.info/gnd/134391896
21675,"Baasner, Möller & Langwald Büro für Architektur und Stadtplanung","Baasner, Möller & Langwald Büro für Architektur und Stadtplanung",,,Berliner Planungsbüro,kif,,+,http://d-nb.info/gnd/10079196-7
192041,Maria Kunigunde von der Decken,Maria Kunigunde von der Decken (1843-1923),1843,1923,"Maria Kunigunde Freifrau von der Decken war die Tochter von Wilhelm Otto von der Decken und Auguste von Asbeck. Sie heiratete im Jahr 1863 Friedrich Clemens von Ketteler.

""Friedrich Clemens (genannt Fritz) Freiherr von Ketteler-Harkotten und Schwarzenraben (* 23. März 1839 auf Haus Itlingen bei Herbern; † 5. März 1906 auf Schloss Eringerfeld) war ein deutscher Majoratsbesitzer und Politiker aus dem westfälischen Adelsgeschlecht von Ketteler."" - (Wikipedia (de) 31.01.2022)",piz,male,+,
274672,Starke Druck & Werbeerzeugnisse,Starke Druck & Werbeerzeugnisse,,,Druckerei in Sonderhausen (nachgewiesen 2001),kif,,+,
119316,Meyer und Kunz,Meyer und Kunz,,,"Fotografie
Kurfürstenstr. 14 -16
60486 Frankfurt/M.",kif,,+,
218212,"Brennerei Ludwig Lamberth, Viernheim","Brennerei Ludwig Lamberth, Viernheim",,,"""Branntweinbrennerei und Weinkellerei Ludwig Lamberth"" in Viernheim (nachgewiesen 1950er Jahre)",kif,,+,
64056,Hermann Schmiedt,Hermann Schmiedt (1833-1920),1833,1920,Hermann Schmiedt (*22. April 1833 - †5. April 1920) war Tuchmacher und zeitweise berufender Rendant der Stadtsparkasse Bitterfeld. Er rief 1908 die „Hermann Schmiedt-Stiftung“ zu Gunsten des Bitterfelder Bürgerheims ins Leben. Schmiedt war zeitweise Vorsitzender des Haus- und Grundbesitzerverein Bitterfeld.,piz,male,+,
32357,VEB Esda-Feinstrumpfwerke,VEB Esda-Feinstrumpfwerke,,,Firma in Oberlungwitz,kif,,+,
215006,Werner Siebert (Museumsgründer),Werner Siebert (Museumsgründer),,,Werner Siebert war Gründungsmitglied des Kettenschmiedemuseums Fröndenberg/Ruhr.,piz,male,+,
16777,Arbeitsamt Herford,Arbeitsamt Herford,,,Arbeitsamt in der Stadt Herford.,kiz,,+,
3989,Karl Rost (Schuhmacher),Karl Rost (Schuhmacher) (1913-1992),1913,1992,"Schuhmacher, Fachlehrer an der Ingenieurschule für Lederverarbeitung in Weißenfels, Hobbymaler",piz,male,+,
205222,Museum für Verkehr und Technik (MVT),Museum für Verkehr und Technik (MVT),,,1983-1996 bestehendes Museum in Berlin. Vorläufer des Deutschen Technikmuseums.,kiz,,+,https://d-nb.info/gnd/515155-7
128433,Johann Christoph Schmidt (Kaufmann),Johann Christoph Schmidt (Kaufmann) (1613-1672),1613,1672,Kaufmann und Ratsmitglied in Nürnberg.,piz,male,+,
167871,Franz Storno (der Jüngere),Franz Storno (der Jüngere) (1851-1938),1851,1938,"Sohn von Franz Storno dem Älteren (1821-1907) ... ""Sein Sohn, der Maler und Kunstsammler Ferenc S. d. J. (geb. Ödenburg, 6. 11. 1851; gest. ebd., 5. 6. 1938; röm.-kath.), stud. 1868–71 an der Wr. ABK Historienmalerei und bildete sich 1873–74 an der Gewerbeschule in Nürnberg bei dem Architekten Georg Eberlein in got. Architektur weiter. Nach seiner Rückkehr arbeitete er als Maler und Zeichner und führte gem. mit seinem Vater Restaurationen von Denkmälern durch. Sein erster größerer Auftrag war die Wiederherstellung der Kirche in Oggau; zu seinen weiteren Arbeiten zählen u. a. die Ausmalung und Restaurierung der Hl. Johannes-Kirche (1890) in Ödenburg und die Ausmalung der St. Anna-Kirche in Gran (Esztergom). Seine Bilder zeigte Ferenc S. d. J. auf verschiedenen Landesausst. sowie in Wien und München. Bes. Bedeutung erlangte er durch seine Dokumentationen der Ausgrabungen in und um Ödenburg, die eine wichtige Quelle für die frühen örtl. archäolog. Tätigkeiten darstellen. Die von seinem Vater angelegte Kunst- und Antiquitätensmlg. wurde von ihm ständig erweitert und katalogisiert. Ferenc S. d. J. wirkte auch an der Planung und Ausmalung des Interieurs des S.-Hauses in Ödenburg sowie an der Ausstattung des S.-Ateliers mit."" - https://www.biographien.ac.at/oebl/oebl_S/Storno_Ferenc_1821_1907.xml (06.11.2021)",piz,male,+,
142836,Samuel Sandars,Samuel Sandars,,,"""Mälzer und Getreidehändler in Gainsborough, Lincolnshire.
Samuel Sandars gab 1811 Marken aus.
Lit.: P. und B. R. Withers, The Token Book. British Tokens of the 17th 18th and 19th centuries and their values (2010) 400 Nr. 8."" - https://ikmk.smb.museum/ndp/person/11219, 19.09.2021",piz,male,+,
239263,Franz Friese,Franz Friese (1910-),1910,,"""Lehre zum Kaufmann, Tätigkeiten im Buchhandel und Presse. - In Berlin Hörer an der Handelshochschule und am Institut für Zeitungskunde. - Ab 1939 Berufsverbot, ab 1940 Soldat. - In amerikanischer Kriegsgefangenschaft Lehrer und ""Political Instructor"" für amerikanische Verfassung. - Nach der Entlassung aus der Kriegsgefangenschaft lebt er in Bielefeld und arbeit als freier Schriftsteller und Dozent an der Volkshochschule. - Übersetzer aus dem Englischen ins Deutsche"" - gnd, 04.07.2024",piz,male,+,https://d-nb.info/gnd/1104131633
280974,Marianne Schoder,Marianne Schoder (1903-1987),1903,1987,"Marianne Schoder wurde am 12.2.1903 in Rottweil am Neckar geboren. Nach einer Ausbildung als Damenschneiderin schrieb sie sich 1924 an der Württembergischen Staatlichen Kunstgewerbeschule ein und besuchte dort neben den Kursen der Fachabteilung für „Höhere kunstgewerbliche Frauenarbeit Kunstweben und Teppichknüpferei“ auch die Vorklasse von Wilhelm von Eiff (1890-1943). Zwischen 1926 und 1927 belegte sie in der Fachabteilung „Glas- und Steinschnitt“ ein Studium bei Wilhelm von Eiff.
1929 legte Marianne Schoder ihre Gesellenprüfung für Glasschleifen und Glasgravur ab. Im Sommersemester 1933 war sie in der Meisterklasse für Glasgravur, im darauf folgenden Wintersemester freie Mitarbeiterin bei Wilhelm von Eiff. Zwischen 1938 bis 1943 unterhielt sie in Stuttgart Frühlingshalde ein eigenes Atelier. Ab 1947 richtete sie zusammen mit Erwin Barthel, Lotte und Rose-Marie Hauck sowie Nora Ortlieb ein Atelier in der Waldstraße 7 in Stuttgart Degerloch ein. Ab 1962 war sie nur noch wenig künstlerisch tätig. 1987 verstarb sie in Stuttgart.

Ihr schriftlicher Nachlass befindet sich unter der Signatur 2128 FA 1903-1987 / Nachlass von 1919-1984 im Stadtarchiv Stuttgart.
Die Angaben basieren auf den Auskünften der Nichte, der Dokumentation des Stadtarchivs zu dem Nachlass Schoder, sowie der Kurzbiografie der Publikation „Glas ist der Erde Stolz und Glück! Wilhelm von Eiff (1890-1943) und seine Schule"".",piz,female,+,
92725,Nem’s Judith,Nem’s Judith (1948-),1948,,Künstlerin in Ungarn,piz,female,+,
178590,Kaiser & Schwahn,Kaiser & Schwahn,,,Hersteller von Trauringmaschinen aus Hainstadt bei Hanau.,kif,,+,
119592,Johann Christian Oelschner (Verlag),Johann Christian Oelschner (Verlag),,,Verlag in Köln. Nachgewiesen für 1731,kif,,+,
132531,Joachim Kayser (Porträtmaler),Joachim Kayser (Porträtmaler),,,"Porträtmaler in Hannover. Nachgewiesen 1712-1745, 1720 Bürger in Hannover, 1722 Hofmaler.",piz,male,+,
172358,August Theodor Weber,August Theodor Weber,,,Maler in Hannover (?).,piz,,+,
246026,Franz Anton Lang,Franz Anton Lang,,,Silberschmied (? - Augsburg [nach 1769]),piz,male,+,
260324,Julius (Donatus) Schreiber,Julius (Donatus) Schreiber (1805-1849),1805,1849,"Lackierer, Schilder- und Stubenmaler aus Posen, tätig in Berlin. Er verstarb früh und ließ vier Kinder zurück, darunter den auch als Landschaftsmaler tätigen Heinrich Schreiber. Zwei Porträtgemälde des Ehepaar Wedell-Parlow, sign. und dat. „J. C. ? Schreiber 1841“ ihm zugeschrieben, da die Dargestellten in Beziehung zu Berlin standen. Von geringem Kunstwert. [kl-bb]",piz,male,+,
308652,Sigismund Heinrich Kauderbach,Sigismund Heinrich Kauderbach,,,"Deutscher Maler. Nachgewiesen 1665-1700 in Bautzen, Porträt- und Historienmaler.",piz,male,+,https://d-nb.info/gnd/129052191
19398,Willi Lauben (sen.),Willi Lauben (sen.),,,"Ortsbürgermeister von Elbeu. Ab Juni/Juli 1945 Ortsgruppenvorsitzender der KPD in Elbeu.
Sohn: Willi Lauben, geboren am 28.04.1929.",piz,male,+,
52759,Jochim Schumacher,Jochim Schumacher,,,"Metallhandwerker, aktiv um 1650",piz,male,+,
ID,Name,PrefName,Geboren,Gestorben,Anmerkung,Typ,Geschlecht,Status,GND
265834,Kaypro Corporation,Kaypro Corporation,,,"Amerikanischer Computerhersteller in Solana Beach, CA (nachgewiesen 1980-1985)",kif,,+,
187133,Holländer,Holländer,,,Ein Einwohner der Niederlande.,siu,,+,
15302,Friedrich Andreas Perthes Verlag,Friedrich Andreas Perthes Verlag,,,"Verlag in Gotha.

""Friedrich Andreas Perthes (auch F. A. Perthes) war ein deutscher Verlag, ansässig im thüringischen Gotha. Der Verlagsname leitet sich nicht von einer Einzelperson dieses Namens her, sondern aus der Entstehung durch Zusammenschluss der beiden Verlage von Friedrich Christoph Perthes (1772–1843) und Andreas Hansa Traugott Perthes (1813–1890)."" - (Wikipedia (de) 10.08.2021)",kif,,+,
15437,August Niebecker,August Niebecker (1838-1877),1838,1877,August Niebecker ist am 11. März 1838 geboren. Er war von 1873 bis 1877 Rektor der höheren Töchterschule in Delitzsch. Zuvor war er als Rektor in Ellrich. Niebecker starb am 25. November 1877 in Delitzsch.,piz,male,+,
144671,"Kriegslazarett 3/617 Lille, Teillazarett St.-Andre","Kriegslazarett 3/617 Lille, Teillazarett St.-Andre",,,Lazarett im zweiten Weltkrieg.,kio,,+,
42282,A. Klewitz,A. Klewitz,,,"Beamter, Baumeister
1850 erwähnt als neu aufgenommenes Mitglied des Berliner Architekten-Vereins; 1856 Betriebsbeamter beim nordeutschen Eisenbahn-Verband; 1864 Oberbetriebsinspektor in Berlin u. 1865 in Potsdam bei der Berlin-Potsdam-Magdeburger Eisenbahn",piz,male,,http://d-nb.info/gnd/1031909583
154550,"Stegmann, Franz (Musiker)",Franz Stegmann (Musiker),,,"Musiker und Songwriter.

Billie Ray Martin über Franz Stegmann: ""... After my first band in Berlin, 'Billie and the Deep', who were incredibly successful instantly but didn't last long, me and Franz Stegmann formed a duo called ""The Idiot Cards'. We wrote about fourty songs or so in a short space of time. It was the first time i realised i could write lyrics. I had not written many melodies at this point, as Franz gave me the melodies on a cassette with no words, just humming and gibberish. I turned them all into meaningful songs. Franz claimed that i could read his mind; that was how close the words were to what he had envisioned in his mind's eye. We grew incredibly close as a unit and Franz changed his name to Francis Lee Martin, in a kind of 'Carpenters' style attempt to be like brother and sister. ..."" - https://billieraymartin.bandcamp.com/album/four-ambient-tales, 27.12.2020",piz,male,+,
324696,"Eva Rentz (Weprowatz, 1929)","Eva Rentz (Weprowatz, 1929) (1929-)",1929,,lebte in Weprowatz,piz,male,+,
21880,Europäische Modenzeitung,Europäische Modenzeitung,,,"Verlag in Dresden, auch Klemm & Weiss",kif,,+,
342993,Gemeinde Kirchham (Oberösterreich),Gemeinde Kirchham (Oberösterreich),,,Die Gemeinde Kirchham (Oberösterreich) als Gebietskörperschaft und ihre Verwaltung.,kio,,+,
316270,Industria de Maquinas Agricolas IDEAL S.A.,Industria de Maquinas Agricolas IDEAL S.A.,,,"Brasilianischer Landmaschinenhersteller, nachgewiesen 1970-1974 in Santa Rosa",kif,,+,
129341,"Capranica, Cesare",Cesare Capranica,,,"""Also known as
 Cesare Capranica 
 primary name: primary name: Capranica, Cesare 
Details
 individual; dealer/auction house; publisher/printer; Italian; Male 
Other dates
 1589-1602 (fl.) 
Biography
 Print dealer and publisher, active in Rome. He was appointed guardian of Altiero Gatti's unborn child,1596 (Masetti Zannini). c.1589 with Giovanni Antonio de Paoli, published a series of 18 plates with the life of St Francis (Prosperi Valenti Rodinò and Strinati). Published works of Tempesta, Jacques de Fornazeris and others. 
Bibliography
 M. Bury, ‘The Print in Italy 1550-1625’, British Museum, London 2001, p.223 "" - https://www.britishmuseum.org/collection/term/BIOG63640, 23.11.2021",piz,male,+,
9,VEB Harzer Schmuck- und Metallwaren,VEB Harzer Schmuck- und Metallwaren,,,Quedlinburg,kif,,+,
269176,Zweckverband der Bäckermeister Groß-Berlin,Zweckverband der Bäckermeister Groß-Berlin,,,Berufsverband in Berlin (nachgewiesen ca. 1923),kiz,,+,
139469,Gamelan pelog (Semarang),Gamelan pelog (Semarang),,,Gamelan-Musikgruppe in Semarang.,kim,,+,
332395,Adam Fitz,Adam Fitz,,,1795 Kaufmann zu Dürkheim,piz,male,+,
308984,Friedrich Wilhelm von Chevallerie,Friedrich Wilhelm von Chevallerie (1719-1795),1719,1795,"Deutscher Maler. Geboren in Veltheim an der Ohe (Wolfenbüttel), Fürstlicher Kammerherr in Bayreuth. Historien- und Porträtmaler, Miniaturmaler. Auch Direktor der Akademie der Schönen Künste Bayreuth bis zu deren Schließung 1763.",piz,male,+,
127728,Peter Rietzkow,Peter Rietzkow,,,"Ökonom, nachgewiesen für 1784",piz,male,+,http://d-nb.info/gnd/1023587459
349498,Ernst Karl Dallmann,Ernst Karl Dallmann (1889-1947),1889,1947,Schweizer Bildhauer und Kunstpädagoge,piz,male,+,
312826,TSG 1880 e.V. Vohwinkel,TSG 1880 e.V. Vohwinkel,,,"1945 gegründeter Sportverein, der 1954 zusammen mit dem Elberfelder SSV 04 im neu geschaffenen ""Wuppertaler Sportverein"" aufging",kiz,,+,https://d-nb.info/gnd/1065271301
24193,Keim (Mühlenbesitzer),Keim (Mühlenbesitzer),,,"1909 belegt als Besitzer einer Wassermühle in Holzhausen bei Homberg-Efze, Die Familie Keim war seit 1797 Besitzer der sogen. Thalmühle. (https://archivhomberg.wordpress.com/2013/11/26/homberger-muhlen/; 29.07.2016)",piz,,+,
231632,Herbert Blunk,Herbert Blunk,,,"Fotograf in Berlin-Mahlsdorf, Rannsdorfer Straße 42",piz,male,+,
278928,Lucie Wacker,Luise Wacker (auch Lucie),1896,,Makerin (keine weiteren Informationen vorhanden),piz,female,,
307459,Edmund Astor,Edmund Astor (1845-1918),1845,1918,"""Verleger zwischen 1886-1888"" - 15.10.2025",piz,,+,https://d-nb.info/gnd/116372303
96851,Franz Schwarz & A. Streubel (Inhaber Ing. Edmund Klauber),Franz Schwarz & A. Streubel (Inhaber Ing. Edmund Klauber),,,"Generalvertretung von Asa Lees & CO., Oldham Baerlein&Sons in Wien.",kif,,+,
7420,Verlag Georg Neumann (Eberswalde),Verlag Georg Neumann (Eberswalde),,,Verlag in Eberswalde. Vertrieb Postkarten. Nachgewiesen für Zeit um 1939-1942.,kif,,+,
331306,Timo Kauko Koivuranta,Timo Kauko Koivuranta,,,"""Münzdirektor in Helsinki/Finnland von 1978 bis 1983.
Koivuranta signiert mit seiner Initiale K."" - https://ikmk.smb.museum/ndp/person/14648, 15.08.2025",piz,,+,
14521,Rat des Bezirkes Halle,Rat des Bezirkes Halle,,,"DDR-Bezirksverwaltungsbehörde
Der Bezirk Halle wurde 1952 nach Auflösung der Länder in der DDR als einer von insgesamt 14 Bezirken aus dem südlichen Teil des Landes Sachsen-Anhalt eingerichtet (Wikipedia 19.02.2014)",kio,,+,http://d-nb.info/gnd/16293811-1
328985,Sabine Osthoff,Sabine Osthoff (1976-),1976,,Schauspielerin,piz,female,+,https://d-nb.info/gnd/1282832530
200393,Charles Louis Howard,Charles Louis Howard (1785-1863),1785,1863,"""Charles Louis Howard was born on 1st October 1785 in Bern. He was the fifth child of Joseph Hauert, a member of the important Swiss piano maker family.
On 22th June 1826 he married Maria Catharina Huber (1801 – 1829) who died at birth with her first son. On 22th October 1831 he married Rosina Catharina Kannkamp (1801 – 1847). After her death he married Elise Borle (1826 – 1869) on 10th July 1849. This marriage also remained childless.
Together with Carl Christoph Kützing he founded the company Howard & Kützing. He died on 27th March 1863."" - https://www.ericfeller.de/en/instrumente/charles-louis-howard-ca-1825/, 31.07.2022",piz,male,+,
280615,Gábor Jósvay,Gábor Jósvay (1876-1948),1876,1948,ungarischer Lehrer,piz,male,+,
313736,Domi Kumbela,Domi Kumbela (1984-),1984,,spielte für die U21 des 1. FC Kaiserslautern,piz,male,+,
21014,Philipp Gerhard Sommerlath,Philipp Gerhard Sommerlath,,,Dekorgestalter und -bemaler bei Höchster Porzellanmanufaktur,piz,male,+,
12513,Maria Beck (Zeichnerin),Maria Beck (Zeichnerin),,,"Zeichnerin. Nachgewiesen für 1907, 1909.",piz,female,+,
311049,Karl Schäfer (Hobbymaler in Bad Sachsa),Karl Schäfer (Hobbymaler in Bad Sachsa),,,"Hobbymaler in Bad Sacha, nachgewiesen 1940",piz,male,,
42588,Fotoatelier Eusebius Moser,Fotoatelier Eusebius Moser,,,"Fotoatelier in
- Wien, VI. Gumpendorferstr. 161

""Moser, Eusebius
Atelier/Wohnung/lebt in: Atelier in Fünfhaus, Mariahilher Gürtel 37 (1890), Wien VI., Gumpendorferstraße 161 (1894, 1899, um 1900, um 1903, bis ca. Aug./Sept. 1908), dann XIV., Reindorfgasse 7 (ab ca. Aug./Sept. 1908), XIV., Schwendergasse 10 (1914) bzw. 19 (1918, 1921), Filiale in Wien XII., Meidlinger Hauptstraße 5 (um 1903)"" - http://sammlungenonline.albertina.at/?query=/record/ccid=[309426FA8C804824B08F8E06E14D1DD5]&label=Bio-Bibliografie zur Fotografie in Österreich&showtype=record",kif,,+,
328678,Aloisio Lazzerini,Aloisio Lazzerini,,,"Bildhauer, 19. Jh., Schüler von Christian Daniel Rauch, tätig um 1865 in Berlin und Potsdam",piz,male,+,
328608,Bruno Schuch,Bruno Schuch (1890-1963),1890,1963,"deutscher Fotograf, tätig 1927-1959",piz,male,,https://d-nb.info/gnd/1217737030
350151,Huldrich Zimmermann,Huldrich Zimmermann (1880-1936),1880,1936,Schweizer Maler,piz,male,+,
53827,Marlies Schlegel,Marlies Schlegel,,,Entwarf Adventskalender,piz,,+,
267613,"Schuhfabrik Gebrüder Dihlmann, Tuttlingen","Schuhfabrik Gebrüder Dihlmann, Tuttlingen",,,"Schuhfabrik Gebrüder Dihlmann (Kronenstr. 16, Tuttlingen)

Die Brüder Friedrich und Gustav Dihlmann entstammten einer Gerberfamilie. Den väterlichen Betrieb in der Dammstraße entwickelten die beiden ab 1885 hin zur Schuhfabrikation. Schon früh erkannten die beiden Brüder die Notwendigkeit einer kaufmännischen Organisation. Der steigende Umfang der Schuherzeugung führte zur Mechanisierung des Betriebes im letzten Jahrzehnt des 19. Jahrhunderts. Im Jahr 1895 trennten sich die Brüder. Friedrich Dihlmann führte den Betrieb alleine weiter bis hin zum Großunternehmen. Er erweiterte die Absatzgebiete Schweiz und Elsaß-Lothringen durch den Export in die deutschen Kolonien und den Orient. 
Durch den Krieg ging das größte und beste Absatzgebiet, das Elsaß und Lothringen verloren, neue Absatzgebiete mussten erschlossen werden. 1919 wurde in daher in Mengenals ein Filialbetrieb gegründet. Zunächst produzierte man dort nur technische Lederartikel wie Absätze, Sohlen, Kappen für das Hauptwerk Tuttlingen her. Bald aber ging der Betrieb auf die Fabrikation von schwerem, holzgenagelten Grubenschuhwerk über. Danach wurden das Sortiment bis hin zu feinen Damen- und Kinderschuhen erweitert. Auch der Stammbetrieb in Tuttlingen wurde erweitert. Im Jahr 1921 konnte ein neueres größeres Fabrikgebäude in der Kronenstraße erworben werden. Der Betrieb in Tuttlingen spezialisierte sich auf Sport- und Berufsschuhe sowie in besonderer Abteilung auf Herren- und Damen-Straßenschuhe. Auch die Technik der Schuh-Orthopädie fand große Beachtung. Beim 50. Geschäftsjubiläum im Jahr 1935 beschäftigte das Gesamtunternehmen rund 400 Betriebsangehörige, davon allein 250 im Werk Mengen.
Während im Zweiten Weltkrieg der Betrieb durch die Produktion von Militärstiefeln gut beschäftigt war, traten nach Kriegsende wie auch bei anderen Firmen der Schuhbranche große Schwierigkeiten auf.
Hochbetagt starb 1950 der Senior Friedrich Dihlmann. Als Kommanditisten traten danach seine drei Enkel in die Firma ein. Der älteste von ihnen, Karlheinz Müller wurde 1952 zum Prokuristen bestellt. Finanzielle Schwierigkeiten und Schwierigkeiten bei der Nachfolgersuche führten zur Schließung des Betriebs 1953.",kif,,+,
153171,Magistrat der Stadt Prenzlau,Magistrat der Stadt Prenzlau,,,Stadtverwaltung der Stadt Prenzlau,kio,,+,
271174,Carl Wagner (Bildhauer),Carl Wagner (Bildhauer) (1886-1966),1886,1966,"Carl Wagner, auch Karl Wagner, war ein deutscher Bildhauer, er war in Frankfurt am Main tätig.",piz,male,,
6929,Erich Zubiller,Erich Zubiller,,,"Fotografierte Flughafenbau in Sembach, 1951-1952",piz,male,+,
122855,Paul Brinkmann,Paul Brinkmann (1851-),1851,,"""Brinkmann, Paul (geb. 02.12.1851)
Ankauf von Herrn Paul Brinkmann, Direktor der Berliner Münze, bzw. im Jahre 1941 von dessen Frau.
P. Brinkmann war seit 1872 an der Münze tätig und seit 1906 ihr Direktor."" - https://ikmk.smb.museum/ndp/person/5687, 29.01.2021",piz,male,+,
69926,Hermann Gürtner,Hermann Gürtner (1870-1907),1870,1907,"Hermann Gürtner (geb. 8.4.1870 in Reiskirchen im Saarland; †15.12.1907 in Davos) war ein deutscher Ingenieur und Sohn von Hermann Gürtner. Er arbeitete um 1900 an dem Bau einer Eisenbahnlinie in China. (Quelle: Nachlass von Dr. Anna Siebel, im Besitz des Museums der Stadt Bad Bergzabern)",piz,male,-,
21193,Alois Keppler,Alois Keppler (1922-2001),1922,2001,Alo(i)s Keppler (1922-2001) war Fotograf und Maler in Stendal und machte in den 1940er Jahren mehrfach künstlerische Studien in Griechenland.,piz,male,+,
186794,Hyrietes,Hyrietes,,,"""Also known as
 Hyrietes 
 primary name: primary name: Hyrietes 
 other name: other name: Hyrianoi 
Details
 group; Italic 
Other dates
 405BC-385BC (issued coins circa) 
Biography
 A Campanian people known only from the coins issued in their name (the location of the mint is uncertain). "" - https://www.britishmuseum.org/collection/term/BIOG214586, 27.10.2021",siu,,+,
17593,Psychiatrisches Landeskrankenhaus Schussenried,Psychiatrisches Landeskrankenhaus Schussenried,,,Das Psychiatrische Landeskrankenhaus (PLK) Schussenried firmiert seit 1995 als Zentrum für Psychiatrie (ZfP) Schussenried.,kio,,+,
11241,Hermann Köhn,Hermann Köhn,,,"Maler und Grafiker, 20. Jh., Stendal",piz,male,+,
184185,Adam Schmidt (Maschinenbau),Adam Schmidt (Maschinenbau),,,"Firma aus Saalfeld, die u.a. Waschmaschinen herstellte.",kif,,+,
235229,Brauerei C. Graf Schwanen-Bräu,Brauerei C. Graf Schwanen-Bräu,,,Die Schwanen-Bräu in Oberndorf am Neckar ist 2003 als Oberndorfer Privat-Brauerei Graf-Eder GmbH & Co. KG geschlossen worden.,kif,,+,
205331,Jenoptik GmbH,Jenoptik GmbH,,,"Unternehmen der Optischen Industrie, bestand von 1991-1995.
Vorgänger: Jenoptik AG
Nachfolger: Jenoptik Carl Zeiss Jena GmbH",kif,,+,https://d-nb.info/gnd/2123710-4
681,Daniel Conrad Vollrath Gleim,Daniel Conrad Vollrath Gleim (1723-1785),1723,1785,"Bruder des Halberstädter Dichters und Sammlers Johann Wilhelm Ludwig Gleim, 
Kaufmann in Magdeburg",piz,male,+,
168595,Kupferstichdruckerei der Königlichen Kunst-Akademie Düsseldorf,Kupferstichdruckerei der Königlichen Kunst-Akademie Düsseldorf,,,Zugehörig zur Kunstakademie Düsseldorf.,kiz,,+,
148466,Deutscher Frauenarbeitsdienst,Deutscher Frauenarbeitsdienst,,,"Der Reichsarbeitsdienst (RAD) organisierte vor allem nach Kriegsausbruch auch Frauen:

""Der weibliche RAD wurde als Ersatz für fehlende männliche Arbeitskräfte in der Landwirtschaft und als sogenannter Kriegshilfsdienst (KHD) in Ämtern und Schreibstuben, in der Rüstungsproduktion und im öffentlichen Nahverkehr verwendet. Frauen konnten auch Wehrmachthelferin werden (Synonym ‚Blitzmädel‘). Dazu wurde die Arbeitsdienstzeit um ein halbes Jahr verlängert. Ab 1944 wurden „Arbeitsmaiden“ des RAD für die weibliche Jugend auch für die Bedienung von Flak-Scheinwerfern zur Lenkung von Flakgeschützen und Nachtjagd-Einheiten der Luftwaffe herangezogen. Ein kurz vor Kriegsende geplanter „Wehrhilfsdienst“ des RADwJ, zu dem 250.000 bis 300.000 Frauen eingezogen werden sollten, kam in der geplanten Form nicht mehr zustande."" - Wikipedia (de) über Reichsarbeitsdienst (RAD), 23.07.2022",kio,,+,
179140,Bergwerksverband GmbH,Bergwerksverband GmbH,,,Unternehmen in Essen,kif,,+,https://d-nb.info/gnd/16266289-0
183434,Firma C. Rollin (Paris),Firma C. Rollin (Paris),,1860,"Begründet von Charles Louis Rollin (1777-1853), weitergeführt von seinem Sohn (dem älteren) Camille (1813-1883).

In Rollin & Feuardent umbenannt nach Eintritt von Felix Feuardent (1819-1907).

Erster belegter Verkauf an das Münzkabinett (bisher) im Jahre 1844.

Lit.: H. Rambach, NAC Auktion 21 vom 23. Mai 2016 Provenance Glossary mit Anm. 26.",kif,,+,
21857,Friedrich Franz Ohme,Friedrich Franz Ohme (1834-),1834,,"Friedrich Franz Ohme wurde am 8. September 1834 geboren. Er war gelernter Seiler, Mitbegründer des Turnverein ins Löberitz im Jahre 1865 und Mitbegründer der Schachgemeinschaft 1871 Löberitz. Bei der Gründung des Saale-Schachbundes am 8. Oktober 1882 in Zörbig, wurde Ohme erster Präsident. Lange nach seinem Tod wurde ihm zu Ehren durch den Schachverein Löberitz ein Gedenkturnier ins Leben gerufen. 1992 fand die Einweihung des Franz-Ohme-Schachdenkmals an der Turnhalle ""Dr. Emanuel Lasker"" in Löberitz statt.",piz,male,+,
334994,Walter Hipp,Walter Hipp (1914-),1914,,"Walter Hipp, Graveurmeister, Lehre bei der Gravier- und Prägeanstalt Otto Beh, Inhaber der Esslinger Firma Hipp GmbH & Co. für Fahrzeugbeschriftungen, Siebdruck und Schilder.",piz,male,+,
69723,Verlag von Max Möhring,Verlag von Max Möhring,,,Verlag von Max Möhring in Leipzig,kif,,+,
240496,Arbeitsamt Zwickau,Arbeitsamt Zwickau,,,"Behörde in Zwickau, 20. Jh.",kio,,+,
10610,Fotoatelier Robert Hahn,Fotoatelier Robert Hahn,,,"Fotoatelier
- Magdeburg, Breiteweg 213",kif,,+,
325954,Ernst Roth (Lauf),Ernst Roth (Lauf),,,"Heimatvertriebener, lebte 2011 in Lauf an der Pegnitz.",piz,male,+,
68864,Leo Brandmüller,Leo Brandmüller (1917-2009),1917,2009,"""23.02.1917 geboren in Gonsenheim
Ausbildung an der staatl. Hochschule Frankfurt/M., der Hochschule für Bildende Kunst Berlin Charlottenburg, Universität Mainz und Hochschule für Kunst- und Werkerziehung Mainz
Tätigkeit als freischaffender Maler und Graphiker
Kunsterzieher Maria-Ward-Gymnasium Mainz
Ausstellungen u. a. in Köln, Mainz, Berlin, Darmstadt, Rom, Hamburg und München
Arbeitsgebiete: Malerei, Graphik, Applikation und Batik
Lebte in Gonsenheim
Gestorben 29.01.2009"" - http://www.hgg-gonsenheim.de/index.php?id=3775, 25.05.2019",piz,male,+,http://d-nb.info/gnd/1055969772
232291,Diakoniewerk Kaiserswerth,Diakoniewerk Kaiserswerth,,,"1964 Hervorgegangen aus der Diakonissenanstalt Kaiserswerth. Bestand bis 1998, danach wieder Diakonissenanstalt Kaiserswerth. Teil von Kaiserswerther Verband Deutscher Diakonissenmutterhäuser, Düsseldorf.",kif,,+,https://d-nb.info/gnd/2019866-8
153891,Bäckerei Alfred Volkmann (Wolmirstedt),Bäckerei Alfred Volkmann (Wolmirstedt),,,"Bäckerei Alfred Volkmann
Burgstraße 10, Wolmirstedt

Inhaber Alfred Volkmann (Meisterprüfung 10.11.1948)

Nachweis 1949",kif,,+,
43905,Kathreiner GmbH,Kathreiner GmbH,,,"1829 gründete der Münchner Kaufmann Franz Kathreiner ein Kleinunternehmen, das sich zunächst auf die Herstellung von Brennöl spezialisierte und seit 1842 als Gewürz-, Farben- und Kolonialwarenhandlung betrieben wurde. Das Stammhaus des Unternehmens befand sich in der Burgstraße 16 und 17 neben dem Münchner Rathaus und war eine der ersten Handelsadressen in München. 
Am 1. April 1870 übernahm der Kaufmann Emil Wilhelm das Geschäft von den Kathreiner-Erben. 
Unter der Bezeichnung Franz Kathreiners Nachfolger (FKN) firmierte er mit seinem 1876 eingetretenen Kompagnon Adolph Brougier aus Altensteig in Württemberg. 
Unter Wilhelm und Brougier wuchs das Unternehmen FKN in der zweiten Hälfte des 19. Jahrhunderts zu einer der größten und bedeutendsten Lebensmittelhändler in Deutschland. 
1888 siedelte sich das Unternehmen FKN am Münchner Ostbahnhof in der Mühldorfstraße an. Neben einer Rösterei betrieb es hier später eine Kellerei, eine Marmeladenfabrikation und die Konservenfabriken Kathra-Fabriken. Der Produktionsstandort in der Mühldorfstraße gehörte zu den größten Produktionsstätten in München mit eigenem Eisenbahnanschluss. 
Vor dem Ersten Weltkrieg galt das 1897 in eine GmbH umgewandelte Mutterunternehmen mit 550 Beschäftigten als größtes Kolonialwarengeschäft Deutschlands. 
1928 erfolgte die Umwandlung in eine Aktiengesellschaft. 1934 mit der Ludwigsburger Firma Heinrich Franck zu Franck-Kathreiner’s Malzkaffee. Bekanntestes Produkt war neben dem Kneipp’schen Malzkaffee der Caro Landkaffee. Im Volksmund auch Muckefuck (nach französisch Mocca faux, ‚falscher Mokka‘) genannt. Die Produktion wurde später von Nestlé übernommen, die den Malzkaffee heute noch herstellen. 
Die Kathreiner AG betrieb ab Anfang 1970 zu diesem Zweck auch mehrere SB-Warenhäuser und Supermärkte. 
1989 wurde die Gesellschaft allerdings in die neu gegründete SPAR AG integriert und aufgelöst. 
1990 begann die Expansion in den neuen Bundesländern. 
Schon ein Jahr später gingen die Umsätze spürbar zurück. Vor allem der erhebliche Konkurrenzkampf und das schnelle Wachstum führten dazu, dass die Umsätze und Einnahmen die Kosten der neuen Märkte nicht mehr tragen konnten. 1996 wurden die ersten Märkte veräußert. Ende desselben Jahres wurde der Großhandel an die Spar AG für knapp 100 Mio. DM verkauft. Anfang 1997 scheiterte der Verkauf der verlustreichen Standorte der Kathreiner AG mangels Interesse endgültig. Um die drohende Insolvenz doch noch zu verhindern, versuchte der Vorstand ein letztes Mal seine Vertriebslinien an andere Interessenten zu veräußern. Die Spar AG ging teilweise darauf ein und übernahm alle 36 Supermärkte vor allem im Süddeutschen Raum. Auch die 63 Verbrauchermärkte mussten verkauft werden. Am 18. Dezember 1997 stellte die Kathreiner Vertriebsgesellschaft Ost mbH den Insolvenzantrag. Nur wenige Wochen später, am 31. Dezember 1997, stellte der Mutterkonzern, die Kathreiner AG, den Insolvenzantrag. Um zu verhindern, dass die AG komplett zerschlagen und aufgelöst wird, wurde ein Insolvenzverwalter bestellt, um das Unternehmen aus der Krise zu führen. Anfang 1998 konnten noch 28 Verbraucher- und Großmärkte von KOMM und Krone an Mitbewerber, unter anderem Lidl & Schwarz, Spar und Tengelmann verkauft werden, ehe nur einen Monat später, am 1. März 1998 das Insolvenzverfahren eröffnet wurde. Zu Beginn des Verfahrens waren noch über 3000 Mitarbeiter in dem Unternehmen beschäftigt.",kif,,+,
56405,Elisabeth Füller-Teilhoff,Elisabeth Füller-Teilhoff (1920-),1920,,"""Elisabeth Füller-Teilhoff (geb. 1920), Maler"" - http://www.smb-digital.de/eMuseumPlus?service=ExternalInterface&module=collection&objectId=793397, 04.08.2018",piz,female,+,
13056,Alexander von der Becke,Alexander von der Becke (1902-1958),1902,1958,"Galerist, Verleger, Kunstsammler",piz,male,+,http://d-nb.info/gnd/12857626X
166018,"Menke, Henning","Menke, Henning",,,"1989 Mitglied der Band ""Jingo de Lunch""",piz,male,+,
244890,Guiseppe Gavazzi,Guiseppe Gavazzi (1936-),1936,,Skulpteur. Geboren in Marcoussis (Frankreich) 1936. Studium an der Kunstakademie in Pistoia. Wirkt in Pistoia.,piz,male,+,
10106,VEB Eichsfelder Bekleidungswerke Heiligenstadt,VEB Eichsfelder Bekleidungswerke Heiligenstadt,,,Textilbetrieb in Heiligenstadt,kif,,+,
205941,Bodendorfer Winzer-Verein,Bodendorfer Winzer-Verein,,,"1890 Gründung des Bodendorfer Winzervereins. 53 Bodendorfer Winzer, die den Weinbau meist als Nebenerwerb betrieben, vereinigten sich als Selbsthilfegruppe vor allem, um dem Preisdruck der Weinhändler zu begegnen.

1895 Der Winzerverein errichtete ein Genossenschaftsgebäude mit Gaststätte, Saal und Weinkeller.

1896 Eröffnung des Hauses Winzerverein zur Kirmes am ersten Sonntag im September. Die ersten Wirtsleute waren Christian und Katharina Schäfer. In der Kellerei wurden die Weinsorten Spätburgunder, Portugieser, Kleinberger, Riesling, und Müller Thurgau hergestellt. Bodendorfer Wein galt als einer der besten an der Ahr. Um die Jahrhundertwende ging der Weinbau, vor allem bedingt durch den Reblaus-Befall, stark zurück.

1967 Im Hause wurde der letzte Bodendorfer Wein gekeltert

1968 Der Winzerverein löste sich auf. Das Gebäude samt den letzten Weinbeständen fiel an den Winzerverein Dernau, der es kurz darauf an die Volksbank weiterverkaufte. Im Winzerverein befand sich von Anfang an bis in die 60er Jahre eine Raiffeisenkasse, die später von der Volksbank übernommen wurde.

Das ehemalige Genossenschaftsgebäude beherbergte bis zu seinem Abriss 2021 die Winzergaststätte Bad Bodendorf. Heute steht an der Stelle ein Wohngebäude.",kiz,,+,
310075,Józsefné Csepregi,Józsefné Csepregi,,,Textilherstellerin in Putnok (nachgewiesen 1960-1970er-Jahre),piz,female,+,
8176,Bürgerliches Brauhaus (Bernau),Bürgerliches Brauhaus (Bernau),,,"""Bernau
1865 gegründet
1876 Brauerei W.Wernicke
1902 Dampfbrauerei Hermann Schulz
1910 Bürgerliches Brauhaus GmbH
1912 Hussitten Brauerei Otto Manny
1932 Bürgerliches Brauhaus Oskar Klose
1942 Brauerei Oskar Klose"" (http://www.klausehm.de/Page173.html)",kif,,+,
117242,Pietro Ordioni,Pietro Ordioni (-1835),,1835,Sohn des napoleonischen Generals Alessandro Ordioni.,piz,male,+,
130443,Jan Cuyermans,Jan Cuyermans,,,"""Span. Rat in Brabant, Gesandter zum Westfälischen Frieden; Niederländ. Politiker und Diplomat"" - gnd, 06.06.2022",piz,male,+,https://d-nb.info/gnd/124665225
273384,W. Bergemann (Verlag),W. Bergemann (Verlag),,,"Verlag in Neuruppin, gab Ansichtskarten heraus (nachgewiesen ca. 1900/05)",kif,,+,
339489,Johann Friedrich Breithaupt,Johann Friedrich Breithaupt,,1752,"Deutscher Maler. Tätig in Kassel, Porträtmaler. Sohn des Hofmalers Georg Friedrich Breithaupt (nw. 1665-1681).",piz,male,+,
156976,Gladys Ferrans,Gladys Ferrans,,,Schauspielerin in Leeds um 1923,piz,female,+,
203061,Richard von Cranach,Richard von Cranach (1825-1887),1825,1887,"preußischer Offizier, zuletzt Major z.D., 1873 Major in Stettin",piz,male,+,
262123,Kunstanstalt Max Zibell,Kunstanstalt Max Zibell,,,"Firma in Berlin, nachgewiesen durch 1911 benutzte Ansichtskarte mit Aufdruck ""Kunstanstalt, M. Zibell Berlin N. 58. Franseckistr. 42."" sowie durch eine 1925 verschickte mit dem Aufdruck ""Kunstanstalt Max Zibell, Berlin N. 58, Danzigerstr. 93"".",kif,,+,
5448,Verlag von Max Lehmstedts Buchhandlung,Verlag von Max Lehmstedts Buchhandlung,,,Weißenfels an der Saale,kif,,+,
49677,J. Falconer (Druckerei),J. Falconer (Druckerei),,,"Druckerei in Paris, 1874-1900.",kif,,+,
273942,Verlag Anton Otto's Hofbuchhandlung,Verlag Anton Otto's Hofbuchhandlung,,,Anton Otto's Hofbuchhandlung in Neustadt an der Haardt (nachgewiesen um 1900),kif,,+,
117492,Reinhard Wedel (Guntersblum),Reinhard Wedel (Guntersblum),,,Bundesbahn Beamter in Guntersblum,piz,male,+,
132665,Hercule Meriadec d'Avolle de Predavid,Hercule Meriadec d'Avolle de Predavid (-1738),,1738,"Priester in Paris. Mitglied der Societe Royale de Navarre, verstorben am 25.01.1738",piz,male,+,
201165,Stadler Károly étterme,Stadler Károly étterme,,,Restaurant in Budapest,kif,,+,
123774,Katja Neubert,Katja Neubert (1983-),1983,,"Neubert, Katja (geboren 1983), Medailleurin",piz,female,+,
130262,Philippe Huart,Philippe Huart (1605-1670),1605,1670,Verleger in Paris.,piz,male,+,https://d-nb.info/gnd/1063306981
350256,"URIU Seiki Co., Ltd","URIU Seiki Co., Ltd",,,Japanischer Hersteller von Kameras (nachgewiesen 1971),kif,,+,
345018,Willy Geiger (Hobbymaler),Willy Geiger (Hobbymaler) (-1965),,1965,"Geb. 1901/02 in Niederwildungen, Sohn von Heinrich Geiger, Geschäftsführer der Genossenschaftskasse und des Kornhauses in Altwildungen, ab 1903 Kolonialwarengeschäft in der Altstadt
Wurde selbst Kaufmann, Übernahme des väterlichen Kolonialwarengeschäfts
Hobbymaler, Stadtansichten von Bad Wildungen und Region, über die Stadtgrenzen hinaus bekannt
Gest. 27. April 1965 in Bad Wildungen",piz,male,+,
205716,Carl Gottlieb Haubold AG (Chemnitz),Carl Gottlieb Haubold AG (Chemnitz),,,"""Gegründet 1811 als Keimzelle der Chemnitzer Maschinenindustrie. Durch den Vetter von Carl Gottfried Haubold gegr. Fabrik (ex Wöhler & Lange). Siehe auch als Unternehmerpersönlichkeit. 1836 an Sächsische Maschinenbau-Compagnie (s.d.); dann Gründung einer eigenen Kammgarnspinnerei und Maschinenfabrik (""C. G. Haubold AG"")"" - http://www.albert-gieseler.de/dampf_de/firmen0/firmadet2710.shtml, 13.07.2022",kif,,+,
205017,Julie Mathilde Theodora von Schneider,Julie Mathilde Theodora von Schneider (1860-1938),1860,1938,"Ehefrau des Ulmer Landgerichtspräsidenten (1917 - 1918) Paul Alexander von Schneider. Geboren als Julie Mathilde Theodora Weitbrecht (1860–1938), Tochter des Stadtpfarrers in Esslingen.",piz,female,+,
38761,"Gentot, Balthasar",Balthasar Gentot (1690-1751),1690,1751,"""Balthasar Gentot (publisher/printer; French; Male; 1690 - 1751)
Also known as Gentot, Balthasar
Address Rue Mercière, Lyon
Biography Publisher in Lyon; succeeded by his son Jean Pierre Gentot (1733-after 1788)
Bibliography Sylvie Martin de Vesvrotte in ’Nouvelles de l’Estampe’, 148/9 1996, p.26"" - http://www.britishmuseum.org/research/search_the_collection_database/term_details.aspx?bioId=24626, 22.12.2017

Eine ausführliche Biographie findet sich in: Vesvrotte, Sylvie Martin-de ""Dictionnaire des Graveurs-Éditeurs et Marchands d’Estampes à Lyon aux XVIIe et XVIIIe siecles"", Lyon 2002, Seite 84-94",piz,male,+,
332595,Susa (Miederwarenhersteller),Susa (Miederwarenhersteller),,,Die Firma Susa wurde 1859 von Gottfried Schneider in Heubach als Korsettmanufaktur gegründet. Heute hat sich Susa auf Dessous und Bademoden spezialisiert.,kif,,+,
331619,Mainly European,Mainly European,,,"Sachbuch-Verlag mit Sitz in Tel Aviv, Israel (nachgewiesen 2003)",kif,,+,
235811,Magistrat der Stadt Höchst am Main,Magistrat der Stadt Höchst am Main,,,Stadtverwaltung der Stadt Höchst am Main,kio,,+,
6618,Gustav Eichhorn (Firma),Gustav Eichhorn (Firma),,,Spielzeughersteller aus Sonneberg,kif,,+,
117104,F. W. Gerlach (Zinngießerei),F. W. Gerlach (Zinngießerei),,,Zinngießerei in Naumburg. 1852 gegründet.,kif,,+,
22013,Alfred Dienst,Alfred Dienst,,,Modellbauer aus Bitterfeld (2. H. 20. Jh.),piz,male,+,
23218,Jan Kozlowski (Mühlenunternehmer),Jan Kozlowski (Mühlenunternehmer),,,1913 Bauherr einer Mühle in Kikol (Polen),piz,male,+,
6427,Karl Christian Richter,Karl Christian Richter,,,Buchdrucker in Dresden Ende 18. Jh.,piz,,+,
74832,Christian Hermann,Christian Hermann (1887-),1887,,"Christian Hermann, geboren 1887 in Puka (dt. Bockenhof), war ein estnischer Lehrer, der während des Ersten Weltkriegs im Kriegsgefangenenlager Puchheim interniert war.",piz,male,+,
272262,Herta Bellmann,Herta Bellmann (1904-1979),1904,1979,Schneidermeisterin (Damenschneiderin) in Berlin,piz,female,+,
307397,Trautwein'sche Buch- und Musikalienhandlung (Berlin),Trautwein'sche Buch- und Musikalienhandlung (Berlin),,,"Die T. Trautwein'sche Buch- und Musikalienhandlung in Berlin war ein bedeutendes Musikhaus, das von 1820 bis mindestens 1890, möglicherweise auch länger, aktiv war. Das Geschäft wurde zunächst von Traugott Trautwein gegründet und veröffentlichte eine breite Palette von Musik, von leichter Salonmusik bis hin zu Kammer- und Kirchenmusik. Die Verlagssparte wurde 1858 an Martin August Bahn verkauft, der den Verlagsnamen beibehielt. Parallel dazu gab es auch eine Klavierfabrik, die sich später in eine GmbH und dann eine AG verwandelte und 1936 aufgelöst wurde. 

Gründung und Entwicklung: 
Die Buch- und Musikalienhandlung wurde im Oktober 1820 von Traugott Trautwein in der Breite Straße in Berlin gegründet. 

Umstrukturierung im Jahr 1840: 
Der Sortimentsbereich wurde verkauft, während der Verlag unter dem Namen Trautwein & Comp. fortgeführt wurde. 

Verkauf des Verlags: 
1858 erwarb M. Bahn den Verlag, behielt den Namen T. Trautwein'sche Buch- und Musikalienhandlung bei und führte ihn bis mindestens 1872 weiter. 

Produktion: 
Das Geschäft veröffentlichte eine große Bandbreite an Musik, einschließlich Klavier- und Tanzmusik, Gesangsstücke, Kammer- und Opernmusik sowie auch Werke von Komponisten wie Joseph Haydn, Eduard Franck und Joachim Raff. 

Klavierfabrikation: 
Eine separat existierende Klavierfabrik, die später als T. Trautwein'sche Pianofortefabrik GmbH bekannt war, wurde 1840 von Isidor Cohn übernommen und produzierte bis 1936 Instrumente.",kif,,,https://d-nb.info/gnd/10121861-8
189361,REMA-electronic GmbH,REMA-electronic GmbH,,,1945-1991 bestehendes Unternehmen der Rundfunkindustie in Stollberg/Erzgeb.,kif,,+,https://d-nb.info/gnd/4771942-4
271751,J. Laux,J. Laux,,,"Fotograf in Koblenz, Löhrrondell 5",piz,,-,
339796,Verlag Rudolf Lambeck (Dallgow-Döberitz),Verlag Rudolf Lambeck (Dallgow-Döberitz),,,"Verlag, nachgewiesen um 1950 (gab Ansichtskarten heraus)",kif,,+,
178874,Carolinenglück-Graf-Moltke-Bergbau-AG (Bochum),Carolinenglück-Graf-Moltke-Bergbau-AG (Bochum),,,"""Nach Auflösung der Bochumer Bergbau AG 1962 wurde die Carolinenglück Bergbau AG mit der Graf Moltke Bergbau AG vereinigt."" - https://wiki.genealogy.net/Bergbau-Archiv_Bochum, 13.08.2022",kif,,+,
150939,Paul Lummer (Firma),Paul Lummer (Firma),,,"Firma für Textil-Musterbücher sowie Geschäfts- und Musterkartenfabrik in Gera, gegründet 1888",kif,,+,
232071,Video Games Bildschirmspielgeräte GmbH,Video Games Bildschirmspielgeräte GmbH,,,"Die Firma Video Games Bildschirmspielgeräte GmbH aus Lich/Hessen war in den 1970er und 1980er Jahren ein offizieller Lizenznehmer für amerikanische und japanische Arcade-Automaten. Die beiden Spiele ""Super Tank"" und ""Looping"" zählen zu ihren Eigenkreationen.",kif,,+,
195088,Schirnding AG,Schirnding AG,,,"""In der als Porzellanmalerei von Lorenz Reichel gegründeten, späteren Schirnding AG wurde ab 1904 Weißware produziert. Hauptaktionär war Martin Zehendner (Miteigentümer der Porzellanfabrik Mitterteich AG), der seine Aktienmehrheit 1927 an die Fabrikbesitzer Wilhelm und Heinrich Seltmann aus Weiden abgab. Ab 1991 unterhielt die Porzellanfabrik Schirnding AG eine enge Kooperation mit der englischen Royal Stafford China Ltd. (Stoke-on-Trent) im Bereich der Bone-China-Ware.

Die Krise der 1990er Jahre drängte den Porzellanhersteller 1993 zur Fusion mit der J. Kronester GmbH (Schwarzenbach a. d. Saale) und der Johann Seltmann GmbH (Vohenstrauß) zur SKV-Porzellan-Union GmbH. Im Jahr 2000 kaufte das Unternehmen die traditionsreiche Designmarke Arzberg aus der Insolvenzmasse der Winterling AG (Kirchenlamitz) und firmierte 2004 als Arzberg-Porzellan GmbH, die wiederum heute Teil der Sambonet Paderno Industrie S. p. A. ist. In Schirnding wird seit 2013 kein Porzellan mehr produziert. "" - http://www.porzellanstrasse.de/de/porzellanstrasse/orte/schirnding.html, 19.06.2022",kif,,+,
129628,Domenico Vito,Domenico Vito,,,"Kupferstecher, tätig um 1576-1590",piz,,+,
4293,Otto Stumpf (Kaufmann),Otto Stumpf (Kaufmann),,,Kaufmann in Bitterfeld,piz,male,+,
118588,Schuh Neumann (Hannover),Schuh Neumann (Hannover),,,"Schuh Neumann, Schuhgeschäft in Hannover",kif,,+,
206183,"Baden-Württemberg. Ministerium für Ländlichen Raum, Landwirtschaft und Forsten","Baden-Württemberg. Ministerium für Ländlichen Raum, Landwirtschaft und Forsten",,,"Vorgängerinstitution: ""Ministerium für Ernährung, Landwirtschaft, Umwelt und Forsten""; 
Nachfolgeinstitution: ""Ministerium für Ländlichen Raum, Ernährung, Landwirtschaft und Forsten""",kio,,+,https://d-nb.info/gnd/2095048-2
37890,Wilhelm Werner (Lithograf),Wilhelm Werner (Lithograf),,,"Lithograph und Kartograph, belegt 1. Hälfte 19. Jh.",piz,male,+,http://d-nb.info/gnd/1062497767
345494,Anna Koepsel-Hoyer,Anna Koepsel-Hoyer (1857-),1857,,"Blumen-, Porträtmalerin und Kunstgewerblerin in Berlin, Ehefrau des Landschafts- und Marinemalers August Koepsel, † nach 1898

auch: Anna Köpsel
auch: Anna Köpsel-Hoyer
auch: Anna Hoyer
Geburtsname: Anna Karoline Picht",piz,female,+,
183448,Elger III. von Ilfeld-Hohnstein,Elger III. von Ilfeld-Hohnstein (1182-1219),1182,1219,"""Elger III., Graf von Hohnstein (1191), Vogt des Klosters Ilfeld (1212), er ließ die Burg Ilfeld abtragen, die sich seit 1190 auf Klosterbesitz befunden hatte, um Baumaterial für das Kloster zu gewinnen; urkundlich 1184, (* 1182; † 16. September 1219); ∞ Oda (von Magdeburg?), urkundlich 1216 bis 1234, († 8. Juli ....), Tochter des Burggrafen (Burchard II. von Magdeburg?)"" - Wikipedia (de) über Stammliste Hohnstein, 12.08.2021",pik,male,+,
3034,Druckerei Wilhelm Wachsmuth,Buchdruckerei Wilhelm Wachsmuth,,,"Die Buchdruckerei Wachsmuth war ein Druckereiunternehmen in Bitterfeld. Es wurde 1891 durch Wilhelm Wachsmuth gegründet. Nachdem die Firma zuerst in der heutigen Burgstraße ihren Sitz hatte, verlegte sie diesen später in die Walther-Rathenau-Straße. Die Druckerei war Herausgeber des „Allgemeiner Anzeiger für Stadt und Kreis Bitterfeld“.",kif,,+,
53080,Wladyslawa Iwanska,Wladyslawa Iwanska (1927-2005),1927,2005,Malerin aus Polen.,piz,female,+,
184467,Hugh (Firma),Hugh (Firma),,,"Über die Firma Hugh liegen nur sehr wenig Informationen vor. Sicher ist, dass die Firma Hugh von Hugo Hengelhaupt vor 1945 in Zella-Mehlis, Thüringen, gegründet wurde. Mit der Herstellung von Kaffeemühlen wurde wahrscheinlich erst nach dem 2. Weltkrieg begonnen. Bekannt sind lediglich 3 Modelle: Zwei Rundmühlen mit Mokka-Mahlwerk aus Holz oder Bakelit (siehe unten) mit dem Mohr als Firmenlogo und eine Kastenmühle aus Buchenholz mit Bakelitdeckel mit dem rautenförmigen ""Hugh""-Logo.",kif,,+,
177866,Historischer Verein für Niedersachsen (Hannover),Historischer Verein für Niedersachsen (Hannover),,,Verein in Hannover.,kiz,,+,
156361,Antmar Eisele,Antmar Eisele (1908-1972),1908,1972,Zeichner. Geboren in Berlin-Lichterfelde. Gestorben in München,piz,male,+,http://d-nb.info/gnd/133117839
20793,Eduard Hollstein,Eduard Hollstein (1813-1857),1813,1857,Maler in Berlin,piz,male,+,
19856,"""Zum Strick"" (Zeitz)","""Zum Strick"" (Zeitz)",,,"Gaststätte in Zeitz, 20./21. Jh.",kif,,+,
163855,Franz Glück (Firma),Franz Glück (Firma),,,Die Firma Franz Glück war ein Hersteller von Galanteriewaren und Souvenirartikeln in Stuttgart-Berg.,kif,,+,
120208,Charles Cooke,Charles Cooke,,,"Verleger der Pocket Library, nachgewiesen für 1789-1817.

""Adresse: 17 Paternoster Row. - Zeitraum: 1789-1817"" - gnd, 01.04.2024",piz,male,+,https://d-nb.info/gnd/1037565290
199840,Waltraud Eich,Waltraud Eich (1925-2010),1925,2010,Keramikerin.,piz,female,+,https://d-nb.info/gnd/1100357106
41006,Emil Ackermann,Emil Ackermann (1902-),1902,1997,Widerstandskämpfer. Interniert in Sachsenhausen 1937-1939. Verstorben 11. Oktober 1997.,piz,male,+,http://d-nb.info/gnd/1025512170
244398,Jüdische Gemeinde Elephantine,Jüdische Gemeinde Elephantine,,,"Historische Gemeinde von Elephantine, bekannt aus Schriften, nachgewiesen 406 v. Chr.",kir,,+,
114520,Curt von Lüttichau (Militär),Curt von Lüttichau (Militär) (-1870),,1870,"""Curt von Lüttichau
- 3.12.1870 Noisiel
Beruf: Militär
Beruf: Offizier
Beruf: Seconde-Leutnant im sächsischen Schützenregiment No. 108
- deutscher Offizier, Seconde-Leutnant im sächsischen Schützenregiment No. 108
- Adjutant I. Curt von Lüttichau, K. K. österreichischer Rittmeister a. D., 1870 wohnhaft in Dresden; Vater (?) 
- 1870/1871: Teilnahme am Deutsch-Französischen Krieg 
- verwundet am 2.12.1870 bei Villiers 
- gestorben am 3.12.1870 in Noisiel
(Quelle: Untersetzkarton; ABD 1870)"" - Stadtmuseum Dresden, 09.03.2020",piz,male,+,
275106,Henry Leitner,Henry Leitner (1869-1945),1869,1945,Sammler ostasiatischer Kunst,piz,male,+,
298392,Else Fraenkel-Brauer,Else Fraenkel-Brauer (1893-1970),1893,1970,"Else Fraenkel-Brauer (1893 – 1970) war eine deutsche Bildhauerin und Künstlerin. - https://bildhauerei-in-berlin.de/creator/fraenkel-brauer-else/, 09.03.2025",piz,female,+,
62835,Carl Witzmann (Illustrator),Carl Witzmann (Illustrator) (1881-),1881,,"Maler / Illustrator, Motive vor allem Tiere (Geflügel).

Illustrator des Buches ""Der grosse Geflügelstandard in Farben"".",piz,male,+,http://d-nb.info/gnd/113729759X
329209,Peter Schwarzbach,Peter Schwarzbach (1944-),1944,,"Ehemann der Medailleuerin Anna Franzska Schwarzbach, Brandenburg",piz,male,,
251094,"Künstlerverein ""Pallas""","Künstlerverein ""Pallas""",,,"Der Künstlerverein ""Pallas"" E.V. wurde 1880 gegründet und hatte seinen Sitz bis mindestens 1914 in Berlin
(nicht zu verwechseln mit der 1918 gegründeten Künstlervereinigung Pallas in Estland)",kiz,,+,
39855,Walter & Wagner Metallwarenfabrik,Walter & Wagner Metallwarenfabrik,,,Metallverarbeitender Betrieb in Schleiz.,kif,,+,
10981,B. Kühlen (Verlag),B. Kühlen (Verlag),,,"Verlag in Mönchengladbach
Der Buchverlag B. Kühlen besteht seit 1825.

B. Kühlen GmbH & Co. KG, 4050 Mönchengladbach 1",kif,,+,http://d-nb.info/gnd/16278306-1
135795,Georg Hermann (Kupferstecher),Georg Hermann (Kupferstecher) (1579-1603),1579,1603,Kupferstecher und Goldschmied. Geboren in Ansbach 1579.,piz,male,+,http://d-nb.info/gnd/129174793
193118,Kunstanstalt Oswald Enterlein,Kunstanstalt Oswald Enterlein,,,Verlag in Niedersedlitz.,kif,,+,
