267568,Italienische Galerie Heiligenkreuz,Italienische Galerie Heiligenkreuz,,,"Betrieb/Atelier/Werkstatt in Heiligenkreuz (Niederösterreich), in der ein Künstler/eine Künstlerin zeitgenössische Kunst erzeugt. Nachgewiesen 1972.",kif,,,
334431,Vranz Anton Kuzlen (Ziegler),Vranz Anton Kuzlen (Ziegler),,,"Diese Person wird auf einem Feierabendziegel erwähnt (""Vranz Anton Kuzlen / von berlichenzen"")",piz,male,,
258660,Ingeborg Budach,Ingeborg Budach,,,deutsche Schauspielerin (nachgewiesen 1949/590 in Neuruppin),piz,male,+,
18178,Reichelt-Nordstern (Firma),Reichelt-Nordstern (Firma),,,Berliner Unternehmen mit Sitz in Marienfelde,kif,,+,
63290,Werkstatt des Carlo Giuseppe Rampini,Werkstatt des Carlo Giuseppe Rampini,,,"Fayencewerkstatt in Pavia, 17. bis 18. Jahrhundert",kif,,+,
281597,Bernhard Kraus (Schwäbisch Gmünd),Bernhard Kraus (Schwäbisch Gmünd),,,Hausbesitzer in Schwäbisch Gmünd,piz,male,,
75317,Wassiljei Mikolajow,Wassiljei Mikolajow,,,"Wassiljei Mikolajow, geboren um 1883 in der Nähe von Sarapul, war ein russischer Bauer, der während des Ersten Weltkriegs im Kriegsgefangenenlager Merseburg interniert war.",piz,male,+,
34037,Théophile Soyer,Théophile Soyer (1853-1940),1853,1940,"""Fils de l’artiste émailleur Paul Soyer. Peintre émailleur formé à l’Ecole des Beaux-Arts. Epoux de Lucie Dejoux, peintre émailleur d’origine genevoise. Médaille d’or à l’Exposition Universelle de 1900. Président de la Société des Eclectiques."" - http://www.musee-orsay.fr/en/espace-professionnels/professionals/researchers/rech-rec-art-home/notice-artiste.html?no_cache=1&nnumid=129473&retouroeuvre=%252Fde%252Fkollektionen%252Fwerkkatalog%252Fnotice.html%253Fno_cache%253D1%2526nnumid%253D154949%2526cHash%253D82984c3c05, 25.11.2017",piz,male,+,http://d-nb.info/gnd/132210355
276330,John Nicolades,John Nicolades,,,"stand in Verbindung zu N.S.W. Shelter und war 1994 Redner beim Seminar ""Summer Olympics, who wins?""
(kein Wiki- oder GND-Eintrag)",piz,male,+,
77111,Budapest Kőbányai Polgári Serfőző Szikvizgyára,Budapest Kőbányai Polgári Serfőző Szikvizgyára,,,"Budapest Kőbányai Polgári Serfőző Szikvizgyára ""A szódavíz (másként szikvíz, a köznyelvben szóda is) nyomás alatt lévő szénsavas ital. „Szikvíznek” csak olyan terméket szabad nevezni Magyarországon, amit szifonfejes palackba, vagy speciális fejjel ellátott (szifonfejes felvezető szárral) szikvizes ballonba (általában 25 literes ballonokba) töltenek. Szomjoltó ital, illetve fröccs-adalék. Magyarországon való gyártását Jedlik Ányos dolgozta ki, aki eljárását 1829-ben írta le „Mesterséges savanyúvizek” című tudományos értekezésében.2013-ban a szikvíz bekerült a Magyar Értéktárba (Hungarikum, Hagyományos különleges termék.A Codex Alimentarius Hungaricus az 1/2003/HKT számú termékleírásában részletezi a szikvíz, közkeletű nevén szódavíz fogalmát. Maga a szikvíz szó onnan ered, hogy szódavíz készítéséhez felhasznált szénsavat tévesen a sziksóval azonosították. Neve pontatlan, mert a szóda a nátrium-karbonát közismert neve.""(https://hu.wikipedia.org/wiki/Sz%C3%B3dav%C3%ADz, 2020.08.21.)",kif,,+,
349447,László Fehér (Botaniker),László Fehér (Botaniker),,,"ungarischer Botaniker, Autor eines Buches über Pflanzen",piz,male,+,
334381,Walter Titze (Kunsthändler),Walter Titze (Kunsthändler) (1912-1990),1912,1990,Kunsthändler in Berlin,piz,male,+,
135614,J. F. H. Wehrs,J. F. H. Wehrs (1735-1797),1735,1797,"Bildnismaler, Dekorationsmaler. Geboren in Einbeck.",piz,male,+,
73882,Frau Hofrath Schallerin,Frau Hofrath Schallerin,,,Frau Hofrath Schallerin,piz,female,+,
342092,Dortmunder Hafen AG,Dortmunder Hafen AG,,,Tochtergesellschaft der Dortmunder Stadtwerke (nachgewiesen 2003),kif,,+,
139013,Walter Wanderley E Seu Conjunto,Walter Wanderley E Seu Conjunto,,,"Musikgruppe, spielte unter anderem Samba.",kim,,+,
335934,Friedrich-Wilhelm Eigler,Friedrich-Wilhelm Eigler,,,"""beschäftigt sich mit Eisenkunstguss"" - gnd, 14.10.2025",piz,,,https://d-nb.info/gnd/18837311X
315897,Hugo Luther (Wildmeister),Hugo Luther (Wildmeister) (1841-1901),1841,1901,"preußischer Forstbeamter, Königlicher Wildmeister in (Berlin-)Buckow",piz,male,+,
3219,Paulus Öham der Jüngere,Paulus Öham der Jüngere (-1671),,1671,Zinngießermeister in Nürnberg,piz,male,+,
187320,Holzinger & Co (Druckerei),Holzinger & Co (Druckerei),,,Druckerei in Stuttgart,kif,,+,
115389,W. Girardet (Verlag),W. Girardet (Verlag),,,"Verlag in Essen, 20-/21. Jh. (W. Girardet Verlag und Werbemittel GmbH, Heinrich-Held-Straße 33, 45133 Essen, Deutschland)",kif,,+,
166090,Firma Online-Münzenversand Hardelt (Kaiserslautern),Firma Online-Münzenversand Hardelt (Kaiserslautern),,,Unternehmen in Kaiserslautern.,kif,,+,
74670,Fritz Friese,Fritz Friese,,,Fotograf aus Unna. Nachgewiesen für die Zeit um 1940-1950.,piz,male,+,
206311,"Rheinland-Pfalz. Ministerium für Wissenschaft, Weiterbildung, Forschung und Kultur","Rheinland-Pfalz. Ministerium für Wissenschaft, Weiterbildung, Forschung und Kultur",,,"vor 2001: Rheinland-Pfalz. Ministerium für Bildung, Wissenschaft und Weiterbildung;
vor 2001: Ministerium für Kultur, Jugend, Familie und Frauen Rheinland-Pfalz;
nach 2006: Rheinland-Pfalz. Ministerium für Bildung, Wissenschaft, Jugend und Kultur",kio,,+,https://d-nb.info/gnd/10022903-7
220431,Fa. Schneider u. Reuthner,Fa. Schneider u. Reuthner,,,Hersteller von Kettenwirkstühlen,kif,,+,
260099,Heinrich Ferdinand Spiecker,Heinrich Ferdinand Spiecker (1784-),1784,,"Dekorations-, Porträt- und Ansichtenmaler, tätig in Berlin und Brandenburg an der Havel. Künstlerische Ausbildung nicht nachweisbar, wohl Dilettant. Pfarrersohn aus Päwesin (Westhavelland), Teile der verzweigten Familie in Brandenburg an der Havel handwerklich tätig, ein Vorfahre auch als Bürgermeister in Nauen nachweisbar, wohl auch verwandt auch mit dem Organisten Christian Wilhelm Spiecker in Frankfurt (Oder). War zunächst in Berlin Maler, dann als Kaufmann Bürger der Stadt, hat sich dann aber schon nach wenigen Jahren nach Brandenburg an der Havel gewandt, dort ebenfalls mit Bürgerrecht. Er ist in Brandenburg unter den Stubenmalern, später unter den Porträtmalern genannt, nennt sich 1854 auch Landschaftsmaler. Fünf kleinformatige Stadtansichten aus den 1830er und 1840er Jahren erhalten, von großem historischem Wert und erzählerisch in den Details, mitunter humorvoll (alle im Museum im Frey Haus Brandenburg an der Havel, darunter drei 2020 als Rückerwerbung des Museums Schenkung der Fielmann AG). Eine Anzeige von 1836 nennt vier dieser Stadtansichten, darüber hinaus aber auch eine Heidelberg-Ansicht und Genrebilder mit einer Schuhmacherfamilie. Das Porträtfach nicht durch konkrete Werke nachweisbar, das eigentliche Werk sicher umfangreicher. [kl-bb]",piz,male,+,
342179,Günther Seier,Günther Seier (1950-2023),1950,2023,"Günther Seier, geb. 29. 7. 1950, gest. 13. 10. 2023, war von 1983 bis 1990 sowie von 2003 bis 2010 Leiter bzw. Direktor des Stadt- und Regionalmuseums Perleberg, 1990-1993 Präsident des Kreistages Perleberg
Nachruf von Anja Pöpplau in: Museumsblätter. Mitteilungen des Museumsverbandes Brandenburg 43 (2023), S. 72.",piz,male,+,https://d-nb.info/gnd/1201778964
180293,Richard Cooke (Silberschmied),Richard Cooke (Silberschmied),,,"Gold- und Silberschmied in London. Nachgewiesen aktiv in der Carey Str. in London ab 1799.

Lit.: Montague Howard, Old London Silver, London 1903, S. 298 (https://dn790005.ca.archive.org/0/items/oldlondonsilver00howa/oldlondonsilver00howa.pdf, 01.04.2024)",piz,male,+,
8159,Bahlke & Hindersin,Bahlke & Hindersin,,,Druckerei in Berlin (nachgewiesen 1874),kif,,+,
219728,Rochus Held,Rochus Held (1806-),1806,,"""Laut Georges Klein war Rochus Held (1806–?) Mitarbeiter in der Werkstatt Winterhalder in Colmar, die er nach dem Tod Sebastians 1826 bis zur Rückkehr der Familie nach Rötenbach möglicherweise auch leitete (Hahner/Jesserer 1994, S. 42) ...

Litertur:
Hahner, G. & Jesserer, H. (1994). Hinterglasbilder aus dem Schwarzwald. Blaubeuren: G. Hahner."" - https://vitrosearch.ch/de/studios/2227690, 22.12.2023",piz,male,+,
103437,Bussesche Verlaghandlung,Bussesche Verlaghandlung,,,"Bussesche Verlaghandlung, Herford",kif,,+,
155556,Neuhöfer & Sohn AG,Neuhöfer & Sohn AG,,,"Unternehmen für Technische Geräte in Wien.

"" In 1853 Josef Neuhöfer (*1826;†1889), whom until then the managing director, became partner at Carl Gross, Kohlmarkt 8 in Vienna-center. It was then renamed Optisches Institut Carl Gross & Comp. [1]. In 1873 Neuhöfer is awarded the honorary title of kaiserlich-königlicher Hoflieferant (Purveyors to the Imperial and Royal Court). In 1881 Carl Neuhöfer, the founder's son (*1852) was made partner and the company is renamed Neuhöfer & Sohn. The company then started to make surveying, mining and forestry instruments. In 1925, Carl Neuhöfer leaves the company, the company is incorporated and renamed Neuhöfer & Sohn A. G. für geodätische Instrumente u. Feinmechanik. "" - https://planimetrica.jimdofree.com/mathematical-instruments/austria/neuh%C3%B6fer/, 04.06.2022",kif,,+,
280620,Margarete Frühling,Margarete Frühling (1868-1929),1868,1929,"Emma Sofie Margarete, Malerin in Wernigerode und Braunschweig. Tochter des Baumeisters Carl Frühling (1839-1912)",piz,female,+,
42061,Modellwerkstatt Holter Eisenhütte,Modellwerkstatt Holter Eisenhütte,,,Modellwerkstatt der Holter Eisenhütte,kif,,+,
350426,Galerie im Prediger (Schwäbisch Gmünd),Galerie im Prediger (Schwäbisch Gmünd),,,Seit 1994 ist die Galerie im Prediger Teil der städtischen Museen in Schwäbisch Gmünd ein Forum für Gegenwartskunst. In wechselnden Ausstellungen und zahlreichen Publikationen wird ein breites Spektrum künstlerischer Ansätze und aktueller Tendenzen der Gegenwartskunst vorgestellt.,kio,,+,https://d-nb.info/gnd/2179592-7
219301,Fotoatelier Ferdinand Striebeck,Fotoatelier Ferdinand Striebeck,,,"Fotoatelier in
- Völklingen (Saar)",kif,,+,
22149,"Schnitzgemeinschaft ""Schlägel und Eisen""","Schnitzgemeinschaft ""Schlägel und Eisen""",,,"Vereinigung der Schneeberger Schnitzer (Schneeberg/Erzgeb.), bereits in der 1. H. d. 20. Jhs. belegt",kiz,,+,
63395,Joseph Fisch,Joseph Fisch (1870-1916),1870,1916,"Belgischer Medailleur, tätig um 1900.",piz,male,+,
24897,Magistrat der Stadt Castrop,Magistrat der Stadt Castrop,,,"Stadtverwaltung der Stadt Castrop vor der Zusammenlegung mit Rauxel
""Die Ortschaft Castrop ist seit dem 1. April 1926 ein Ortsteil der Stadt Castrop-Rauxel.""
(Quelle: Wikipedia, abgerufen am 31.03.2016)",kio,,+,
205978,Rudolf Reinhardt (Unternehmer),Rudolf Reinhardt (Unternehmer) (1887-1952),1887,1952,"Letzter Besitzer des Bautzener Kupferhammers. Seit dem 19. Jahrhundert war die Familie Reinhardt im Besitz des Bautzener Kupferhammers. Dieser wurde als Kupfermühle im Jahr 1544 in einem Gerichtsbuch erstmalig anlässlich eines Kaufs erwähnt. Durch seine Inhaber, die Familie Tietzen ab 1755 und später vor allem die Familie Reinhardt, gelang er weltweit zu einem der führenden Unternehmen in der Produktion von Kupfergegenständen. Bevor der Kupferhammer an die Familie Reinhardt überging, befand er sich wie zuvor erwähnt im Besitz der Familie Tietzen. 1771 erwarb ihn Christian Gotthelf Tietzen, der hauptsächlich als Leinwandhändler tätig war. Im Jahr 1820 trat der bisherige kaufmännische Gehilfe und Schwiegersohn von Christian Gotthelf Tietzen, Johann Georg Reinhardt, als Teilhaber in das Werk ein, 1837 übernahmen er und seine Ehefrau Emilie Margarethe Tietzen den Hammer. Unter ihrer Leitung wurde das Unternehmen erweitert und erhielt den Namen ""C.G. Tietzens Eidam"". Nach dem frühen Tod Johann Georg Reinhardts 1841 übernahm dessen zweiter Sohn Rudolf Moritz Reinhardt die Führung des Kupferhammers. Er war ein engagierter Unternehmer, baute die Firma aus und verschaffte ihr Absatz weit über die nähere Umgebung und Sachsen hinaus. Rudolf Moritz Reinhardt nahm die gesellschaftliche Verantwortung gegenüber seinen Mitarbeitern sehr ernst und richtete für diese sowohl eine Krankenkasse als auch eine Sparkasse ein. Darüber hinaus nahm er regen Anteil am gesellschaftlichen Leben der Stadt, z.B. als Mitglied im Heringschen Gesangsverein, der von seinem Schwager Karl Eduard Hering geleitet wurde, und als Meister vom Stuhl in der Freimaurerloge ""Zur Goldenen Mauer"" in Bautzen. Seine Söhne (Rudolf) Max und (Rudolf) Walter Reinhardt wuchsen schon früh in das Familienunternehmen hinein. Max Reinhardt erhielt seine Ausbildung am Polytechnikum in Dresden und sammelte Erfahrungen in verschiedenen Unternehmen. Ab dem Jahr 1889 wurde der Kupferhammer insbesondere durch Max Reinhardt erfolgreich geleitet und erweitert. Für seine Verdienste in der Stadt Bautzen wurde er zum Kommerzienrat ernannt. Nach dem Tod seines Vaters Max Reinhardt trat Rudolf (Martin) Reinhardt 1914 in die Firma ein, konnte jedoch erst nach dem Ende des 1. Weltkrieges als Geschäftsführer tätig werden. In den folgenden Jahren blieb das Unternehmen führend in der Herstellung von Kupferprodukten. In der Folge der Weltwirtschaftskrise musste die Firma im Jahr 1928 Insolvenz anmelden und ihren Betrieb einstellen. Rudolf Reinhardt wickelte die Firma ab und widmete dem umfangreichen Familienarchiv der Familie Reinhardt viel Zeit und Aufmerksamkeit.",piz,male,+,
185461,Anatolij Morozov,Anatolij Morozov (1911-2005),1911,2005,"Sowjetischer Kriegsfotograph, der zahlreiche Fotos an der Ostfront des Zweiten Weltkriegs aufnahm.",piz,male,+,
151067,Else Hallbach,Else Hallbach,,,Ehefrau des Bad Dürkheimer Museumsleiters in den 50er Jahren,piz,female,+,
133929,Augustin Heinrich Kromayer,Augustin Heinrich Kromayer (-1669),,1669,"""Ehemann von Anna Maria Kromayer und später von Ursula Kromayer; Rat in Breslau"" - gnd, 11.08.2023",piz,male,,https://d-nb.info/gnd/12846402X
267440,Wilhelm Rosner,Wilhelm Rosner (1826-1882),1826,1882,"Sänger und Schauspieler, u.a. am Aktientheater in Zürich 1863",piz,male,+,https://d-nb.info/gnd/13364135X
314207,Krämersche Buchdruckerei Hermann Steffen,Krämersche Buchdruckerei Hermann Steffen,,,Druckerei in Potsdam (nachgewiesen 1941-1943),kif,,+,
316511,"Kühner, Ilse",Kühner Ilse (1907-1994),1907,1994,"Kühner Ilse svájci származású festő és szobrászművész. 1932-től élt Magyarországon. Engel Iván zongoraművész felesége volt. 1933-ban Franklnél, 1936-ban a Tamás Galériában, 1947-ben a Bibliothéka helyiségében rendezett kiállítást. Több alkalommal részt vett a KUT kiállításain is.",piz,female,+,
313450,Sunshine Farm Implements,Sunshine Farm Implements,,,"Australischer Landmaschinenhersteller, 1933 in Victoria nachgewiesen",kif,,+,
170665,Lausitzer Wollwerke GmbH,Lausitzer Wollwerke GmbH,,,"Seit 1913 Textilfabrik in Peitz, später ""VEB Lausitzer Wollwerke""",kif,,+,
19702,Königliches Provinzial-Schulkollegium (Provinz Sachsen),Königliches Provinzial-Schulkollegium (Provinz Sachsen),,,Mit der territorialen Neuordnung Preußens 1815/16 geschaffene oberste Schulbehörde,kio,,+,
211369,Odenwald-Verlag,Odenwald-Verlag,,,1985 gründete Gertrud Berg-Oldendorf den Odenwald-Verlag als eine Plattform für Literatur (Mundart und Hochdeutsch) mit regionalem Bezug. Sitz: Otzberg.,kif,,+,
191215,A. Silberhuber,A. Silberhuber,,,Das Werk von A. Silberhuber zum Thema Wasser wird im Donaumuseum aufbewahrt.,piz,male,+,
66430,Johann Gottlieb Conrad,Johann Gottlieb Conrad,,,Klavierbauer in Berlin. Nachgewiesen für Zeit um 1800.,piz,male,+,
6273,Bertha Nagel (Oebisfelde),Bertha Nagel (Oebisfelde),,,Einwohnerin von Oebisfelde. Nachgewiesen für 1877.,piz,female,+,
170822,Saupe & Morgner,Saupe & Morgner,,,"Werkstätte für textiles Musterzeichnen, Chemnitz Sa. Uhlichstraße 22 * Fernruf 34 8 57",kif,,+,
174512,Johann Christian Ludwig Franz Buff,Johann Christian Ludwig Franz Buff (1757-1830),1757,1830,"Buff, Johann Christian Ludwig Franz (Hans) , 1757–1830, ab 1775 Student in Göttingen, Jurist, Gfl. Solms. Kammerdirektor in Rödelheim. Bruder von Charlotte Kestner (geb. Buff)",piz,male,+,https://d-nb.info/gnd/117152994
59859,Beronike (Byzantion),Beronike (Byzantion),,,"""Magistrat in Byzantion unter Trebonnianus Gallus.
Lit.: W. Leschhorn, Lexikon der Aufschriften auf griechischen Münzen II (2009) 407."" - https://ikmk.smb.museum/object?id=18219177, 24.12.2019",piz,,+,
301816,Eilers-Werke,Eilers-Werke,,,"Die Eilers-Werke waren ein traditionsreiches Industrieunternehmen in Bielefeld, gegründet im 19. Jahrhundert von Carl Eilers. Ursprünglich im Maschinenbau tätig, insbesondere in der Herstellung landwirtschaftlicher Maschinen und Textilmaschinen, entwickelten sie sich im Laufe des 20. Jahrhunderts zu einem bedeutenden Hersteller von Kalendern und Werbeartikeln.
Im Jahr 2016 wurde das Unternehmen in die Schneider-Gruppe mit Sitz in Heilbronn integriert. Mit der Übernahme durch Schneider wurde auch die Produktion von Bielefeld nach Heilbronn verlagert. Der Standort Bielefeld dient seither überwiegend dem Vertrieb und Kundendienst.",kif,,+,
127333,"Sozialdemokratische Partei Deutschlands (SPD), Kreisvorstand Templin","Sozialdemokratische Partei Deutschlands (SPD), Kreisvorstand Templin",,,Kreisvorstand Templin der Sozialdemokratischen Partei Deutschlands,kiz,,+,
231843,Wilhelm Krieger (Grubenarbeiter),Wilhelm Krieger (Grubenarbeiter),,,1907 wurde er wegen Mordes im Kreis Neuwied gesucht.,piz,male,+,
32712,Magistrat der Stadt Liebenwalde,Magistrat der Stadt Liebenwalde,,,Verwaltung der Stadt Liebenwalde.,kio,,+,
74603,William Gunn,William Gunn (1876-),1876,,"William Gunn, geboren am 2.11.1876 in Watten, war ein schottischer Sergeant, der während des Ersten Weltkriegs im Kriegsgefangenenlager Dyrotz interniert war.",piz,male,+,
149757,Matthias Fricke,Matthias Fricke,,,"Mitte der 1980er Jahre Mitglied der Band ""The Beautitudes"". Verwendete das Pseudonym ""Cecil Durrell"".",piz,,+,
68956,Süddeutsche Monatshefte GmbH,Süddeutsche Monatshefte GmbH,,,Verlag und Druckerei in München,kif,,+,
126473,Kesselring'sche Hofbuchhandlung,Kesselring'sche Hofbuchhandlung,,,Buchhandlung und Verlag in Leipzig und Frankfurt/M.,kif,,+,
286334,Wilhelm Ebinger Metallwaren GmbH,Wilhelm Ebinger Metallwaren GmbH,,,"Unternehmen in Remshalden, gegründet 1909.",kif,,+,
278438,Ute Moog,Ute Moog,1942,2024,Nagolder Künstlerin,piz,female,,
238587,R. Klotz,R. Klotz,,,"Oberdeckoffizier, 1915",piz,male,,
32273,Riedel Textil GmbH (Firma),Riedel Textil GmbH (Firma),,,"""Die Riedel Textil GmbH strickt, veredelt und färbt am Traditionsstandort Limbach-Oberfrohna hochwertige Stoffe für die Einsatzgebiete Tag und Nachtwäsche, Damenoberbekleidung, Herren und Kinderkonfektion sowie druckvorbehandelte Ware als auch technische Textilien und vertreibt diese international."" - https://www.go-textile.de/unternehmen/profil/?s=riedeltextil_01, 26.05.2017",kif,,+,
8532,Kriegerverein Osterburg,Kriegerverein Osterburg,,,Verein in Osterburg,kiz,,+,
43833,Johann Benedikt Groß,Johann Benedikt Groß (1760-1826),1760,1826,"""Johann Benedikt Groß, Tabak-Fabrikant zu Bamberg; geb. zu Leipzig am 18. Mai 1758, gest. zu Bamberg am 5. Juli 1826. Er wimete sich der Handlung, kam bald auf das Comptoir des zu jener Zeit so berühmten Banquier-Hauses Frege & Comp. in Leipzig, und verehelichte sich daselbst mit Johanna Enderlin. Da ihm die angenehme Gegend um Bamberg schon früher bekannt war, so benützte er die Gelegenheit, das ausgebotene ehemalige fürstliche Jagdschloß Jägersburg bei Forchheim, welches der Fürstb. Lothar Franz v. Schönborn, der Gründer der Pommersfelder Gemälde-Galerie, 1721 erbauen ließ, zu erwerben, woselbst er 1806 eine Tabakfabrik errichten wollte, welche er aber Kriegsverhältnisse halber zu Bamberg etablierte und sehr erweiterte. Schon in früher Jugend hatte er Vorliebe für Gemälde, und 1816 kaufte er die ganz Sammlung des zu Bamberg verstorbenen letzten Brombacher Prälaten Heinrich Göbhardt. Sie gehörte unter die besten hiesiger Stadt, und enthielt nur Werke aus der altdeutschen Schule. Groß brachte dieselbe nach Leipzig, und weil damals die Liebhaberei für diese Schule sehr vorherrschend war, so verwerthete er sie sehr gut. Dieses bewog ihn, seine Jägersburg gegen Gemälde an den Kunsthändler Jakob Wächter zu verkaufen. Hiedurch legte Groß den Grund zu seinem eigenen Cabinet, welches er durch Ankäufe von Major Schneider und Kaufmann Riboudet sehr vermehrte. Groß trat 1824 dem Kunstvereine bei, und besuchte seine Versammlungen sehr häufig."" - Bericht über den Kunst-Verein zu Bamberg seit seinem Entstehen am 12. Dezember 1823 bis zum Jahre 1843, Bamberg 1843, S. 51",piz,male,+,
147936,Konstantin Trofimovič Buločko,Konstantin Trofimovič Buločko,,,"Verfasser einer Broschüre über ""Nahkampf und Fechten""",piz,male,+,
198947,Lichtenstein nyomda,Lichtenstein nyomda,,,"Lichtenstein nyomda, Bicske",kif,,+,
117020,Sigmund Aichinger (Architekt),Sigmund Aichinger (Architekt),,,Architekt in München (um 1896),piz,male,+,
35957,Eduard Braumann,Eduard Braumann,,,"Geboren in Magdeburg, tätig in Belgrad: Kupferstecher und Zeichner, um 1850 nachgewiesen.",piz,male,+,https://d-nb.info/gnd/1033703435
182825,Gerhard Taubert,Gerhard Taubert (1928-2012),1928,2012,Der Künstler Gerhard Taubert (1928-2012) (Deutschland) wurde im Jahr 1928 in Altenburg geboren. Taubert starb im Alter von 84 Jahren 2012 in Düsseldorf.,piz,male,+,http://d-nb.info/gnd/174279078
286466,Daniel Tanner,Daniel Tanner (1581-1648),1581,1648,evang. Pfarrer in Regensburg,piz,male,+,
3934,Wilhelm Jab,Wilhelm Jab (-1871),,1871,"Berliner Lithograph, ab 1838 nachweisbar",piz,male,+,https://d-nb.info/gnd/1043569219
179861,"Friemann i Wolf sp.z.o.por., Katowice","Friemann i Wolf sp.z.o.por., Katowice",,,Unternehmens-Niederlassung von Friemann & Wolf in Katowice.,kif,,+,
197943,Straub & Co. (Plauen),Straub & Co. (Plauen),,,Unternehmen in Plauen.,kif,,+,
118384,L. Fr. Le Roux (Druckerei),L. Fr. Le Roux (Druckerei),,,L.Fr. Le Roux war ein Drucker aus Straßburg. Münsterplatz 17.,piz,,+,
114864,Gottwald Alexander Stübel,Gottwald Alexander Stübel (1867-1901),1867,1901,"""Gottwald Alexander Stübel
1867 - 1901
Nachweiszeit: 1867 - 1901
akademischer Titel: Dr. jur.
beruflicher Titel, Amtsbezeichung, Dienstgrad: Oberregierungsrat
Beruf: Jurist
- Keine eindeutige Zuordnung der Person
- deutscher Jurist, Oberregierungsrat bei der Königlichen Kreishauptmannschaft in Dresden 
- Studium der Rechtswissenschaften; Promotion zum Dr. jur.
- 1867: Erster Nachweis in Dresden als ""Gerichts-A.[ssistenz]-Accessist""
- 1870: Referendar am Königlichen Bezirksgericht in Dresden 
- 1875: Assessor am Bezirksgericht 
- 1880: Polizeirat
- 1890: Regierungsrat bei der Königlichen Kreishauptmannschaft
- zuletzt Oberregierungsrat 
- im Ruhestand noch Friedenrichter des VI., X. und XII. Polizeibezirks in Dresden 
- Träger des Ritterkreuzes I. Klasse des sächsischen Verdienstordens
(Quellen: Untersetzkarton; ABD 1867, 1870, 1875, 1880, 1890, 1901)"" - Stadtmuseum Dresden, 09.03.2020",piz,male,+,
74278,Reinhard Richter (Formgestalter),Reinhard Richter (Formgestalter),,,Formgestalter in der DDR,piz,male,+,
11546,Verein für Württembergische Familienkunde,Verein für Württembergische Familienkunde,,,gegründet 1920,kiz,,+,http://d-nb.info/gnd/15032-0
56177,VEB Papierfabriken Heiligenstadt,VEB Papierfabriken Heiligenstadt,,,Papierhersteller in Heiligenstadt,kif,,+,
130315,Umkreis des Jürgen Ovens,Umkreis des Jürgen Ovens,,,Maler aus dem Umkreis des Jürgen Ovens (1623-1678),siu,,+,
210062,Kunstverlag Hans Cerf,Kunstverlag Hans Cerf,,,"Verlag in Berlin, nachgewiesen als Herausgeber von Ansichtspostkarten 1910 und 1914 (1914: ""Kunstverlag Hans Cerf, Berlin S.O. 33"")",kif,,+,
268184,Theodor Eismann (Verlag),Theodor Eismann (Verlag),,,"Der Verlag ""Theodor Eismann"" befand sich um 1905 in Leipzig und veröffentlichte u.a. Ansichtskarten.",kif,,+,
49616,Maximilian Schwindt,Maximilian Schwindt,,,"Kupferstecher und Radierer. ""tätig um 1850-1867"" - Sors, Anne-Katrin, ""Die englische Manier"", Göttingen 2014, S. 210",piz,male,+,
145501,"Verlag J. Böttger, Bad Godesberg","Verlag J. Böttger, Bad Godesberg",,,Verlag in Bad Godesberg.,kif,,+,
196315,Pierre Belon,Pierre Belon (1590-),1590,,"""Uhrmacher der Königin Anna von Österreich u. des königlichen Rates"" - gnd, 21.09.2025",piz,,+,https://d-nb.info/gnd/1247668967
66488,Johann Wenzel Hüller,Johann Wenzel Hüller,,,Musikinstrumentenbauer in Graslitz (Böhmen). Nachgewiesen für Zeit um 1795.,piz,male,+,
3807,Eduard Kummer (Verlag),Eduard Kummer (Verlag),,,"Leipziger Verlag, 19. Jh.",kif,,+,
7447,Verlag P. Adametz,Verlag P. Adametz,,,Verlegte Postkarten in Oderberg,kif,,+,
337593,Gottfried Schöniche,Gottfried Schöniche (1740-),1740,,"Maler und Musiker. Geboren in Arnhem, gestorben 1816, 1820 oder nach 1825.Er diente in der französischen Armee während des Dreißigjährigen Krieges und wurde verwundet. Tätig in Mannheim 1763-1772, seit 1779 in München als Hofmusiker. Porträtmaler, Pastellmaler.",piz,male,+,https://d-nb.info/gnd/129249858
7582,"Verlag Otto Teichgräber, Berlin","Verlag Otto Teichgräber, Berlin",,,Verlag in Berlin. Nachgewiesen für Zeit um 1916.,kif,,+,
75055,Konstantinos Danassis,Konstantinos Danassis (1891-),1891,,"Konstantinos Danassis, geboren 1891 in Tzermiado, war ein griechischer Landmann, der während des Ersten Weltkriegs im Kriegsgefangenenlager Görlitz interniert war.",piz,male,+,
114512,Hans Friedrich Veit von Lorenz,Hans Friedrich Veit von Lorenz (-1870),,1870,"""Hans Friedrich Veit von Lorenz

- 2.12.1870 Bry-sur-Marne bei Paris

beruflicher Titel, Amtsbezeichung, Dienstgrad: Seconde-Leutnant
Adelstitel: Freiherr

Beruf: Militär
Beruf: Offizier

- gest. am 2.12.1870 bei Bry-sur-Marne nahe Paris (Deutsch-Französischer Krieg 1870/1871)"" - http://sammlungsdatenbank-museen-dresden.de/de/entitySearch?artId=52293, 10.05.2020",piz,male,+,
207614,Hans G. Goldmann,Hans G. Goldmann,,,"Exlibrissammler, vermutlich in Dresden",piz,male,+,
258596,Robert von Siemens,Robert von Siemens (1889-1945),1889,1945,"„Robert von Siemens Geb. 24.6.1889 in Berlin. Als Leiter der Abteilung Bahnen, der zentralen Entwicklung und des Metallwerkes widmete er seine Lebensarbeit dem Hause, das sein Großvater Werner gegründet hat. Er starb am 20. September 1945 in der Nähe von Posen.“ (Denkmalinschrift in Berlin, https://berlin.museum-digital.de/object/120702?prev=1, 12.01.2024)",piz,male,+,
23727,Conrad Döll (Mühlenbesitzer),Conrad Döll (Mühlenbesitzer),,,Um 1901 Besitzer einer Wassermühle in Eichenrod bei Engelrod,piz,male,+,
98884,Klaus Rödel,Klaus Rödel (1940-),1940,,"Ex Libris Sammler aus Dänemark. - https://exlibris-deg.de/wp-content/uploads/2020/02/DEG-Jahrbuch-2019-Aufsatz-Roedel-Sammler-und-Kuenstler.pdf, 06.03.2026",piz,male,+,https://d-nb.info/gnd/120956632
179903,Oberschlesische Grubenlampen-Industrie M. Leipziger,Oberschlesische Grubenlampen-Industrie M. Leipziger,,,Grubenlampenhersteller in Bytom.,kif,,+,
186979,Karl Holz (Maler),Karl Holz (Maler),,,"Maler aus Mainz, Wirkungszeit belegt für 1932. Karl Holz wohnte in der Sömmerringstraße 35 in Mainz. Als Jude musste er unter der Herrschaft der Nationalsozialisten um seine Werke und sein Leben fürchten. Deshalb gab er das Bild in die Obhut eines Freundes mit den Worten: ""Damit es erhalten bleibt, falls ich abgeholt werde.""

Über sein weiteres Schicksal konnte bisher nichts in Erfahrung gebracht werden; vermutlich hat er den Holocaust nicht überlebt. Im November 2001 wurde das Gemälde ""Gralslicht"" dem Stadthistorischen Museum Mainz für die Abteilung ""Magenza"" übergeben.",piz,male,+,
335033,Siegfried Vihelin,Siegfried Vihelin,,,"Dekan und Pfarrer im Herrenberg, erwähnt um 1376-1388",piz,male,+,https://d-nb.info/gnd/1353028518
7218,Erich Schmidt (Flugzeugkonstrukteur),Erich Schmidt (Flugzeugkonstrukteur),,,Flugzeugkonstrukteur; Zeitz,piz,male,+,
284166,Fotoatelier Schade,Fotoatelier Schade,,,"Fotoatelier in
- Eisleben, Glockenstr. 15",kif,,+,
66926,Johann Friedrich Lehmann (Stadtrat),Johann Friedrich Lehmann (Stadtrat) (1831-1873),1831,1873,"Stadtrat in Dresden

""Johann Friedrich Lehmann
1831 - 1873
Nachweiszeit: 1831 - 1873
beruflicher Titel, Amtsbezeichung, Dienstgrad: Stadtrat
Beruf: Jurist
- Studium der Rechtswissenschaften
- 1831 erster Nachweis in Dresden als Cand.[idatus] jur.[is]
- seit 1832/1833 Rats-Assistenzaktuar
- 1840 Rats-Aktuar (Gerichtsschreiber)
- 1846-1850 Advokat
- 1854-1873 Stadtrat"" - http://sammlungsdatenbank-museen-dresden.de/de/entitySearch?artId=52107, 31.05.2020",piz,male,+,
20029,Ruderverein Rhenania Germersheim,Ruderverein Rhenania Germersheim,,,1903 als Spielclub „Rhenania“ Germersheim gegründeter Ruderverein Rhenania,kiz,,+,http://d-nb.info/gnd/2108950-4
19396,Willi Lauben (jr.),Willi Lauben (jr.) (1929-),1929,,"Geboren am 28. April 1929 in Wolmirstedt.
1946 wohnhaft in Elbeu, Meitzendorferstraße 8.
Sohn des Ortbsürgermeisters von Elbeu Willi Lauben senior.",piz,male,+,
166045,H. Enderich (Fotograf),H. Enderich (Fotograf),,,H. Enderich war um die Jahrhundertwende Fotograf in Mörchingen in der Kapellenstraße 44.,piz,,+,
41520,Klaus Hohlfeld,Klaus Hohlfeld (1934-),1934,,"""Dt. Photograph und Maler"" - gnd, 19.12.2017",piz,,+,http://d-nb.info/gnd/119381362
43892,Schotterwerk Großsteinberg,Schotterwerk Großsteinberg,,,Werk zur Herstellung von Schotter in Großsteinberg (Landkreis Leipzig),kif,,+,
152415,Verein der Freunde und Förderer des Stadtmuseums Berlin e.V.,Verein der Freunde und Förderer des Stadtmuseums Berlin e.V.,,,Förderverein des Stadtmuseums Berlin,kiz,,+,
22157,Anton Wickmann,Anton Wickmann,,,"Erzgebirgischer Schnitzer aus Brand-Erbisdorf, 1. H. 20. Jh.",piz,male,+,
343078,Gemeinde Neumarkt in der Steiermark,Gemeinde Neumarkt in der Steiermark,,,Die Gemeinde Neumarkt in der Steiermark als Gebietskörperschaft und ihre Verwaltung,kio,,+,
281085,Maßschneiderei H. Mucha,Maßschneiderei H. Mucha,,,Schneiderei in Ingolstadt.,kif,,+,
212419,Verlag Otto Enslin,Verlag Otto Enslin,,,"Otto Enslin war Verlagsbuchhändler im Berlin des ausgehenden 19. Jahrhunderts, Geschäftsadresse der Firma war Karlstraße 32.",kif,,+,https://d-nb.info/gnd/1072893584
274537,Schütte & Pöppe,Schütte & Pöppe,,,"Schütte & Pöppe, Fabrik hauswirtschaftl. Maschinen aus Hannover-Linden wurde 1890 gegründet und war wahrscheinlich bis zum Zweiten Weltkrieg in Betrieb. In dieser Fabrik wurden verschiedene Arten von Waagen hergestellt: Post-, Haushalts-, Laden- und Spezialwaagen. Dieses Unternehmen produzierte seine Waagen unter dem Markennamen ""Hannovera"", der schnell zu Bekanntheit und Anerkennung führte.",kif,,+,
258842,Artur Henschel,Artur Henschel (1865-1934),1865,1934,"Komponist, Musiker",piz,male,+,
337539,Ernst Neumann,Ernst Neumann (1858-1928),1858,1928,"Ernst Ferdinand Neumann, Kaufmann in Dresden, Gelegenheitsdichter, geb. 1858 Spitzkunnersdorf bei Zittau, gest. 1. Dezember 1928 Dresden. Seine bekannte, in Dresden ansässige (Hoflieferanten-)Firma E. Neumann & Co. fertigte vor allem Cotillon- und Karnevalartikel sowie Theaterkostüme.",piz,male,+,
278751,Uwe und Nico Fetzer,Uwe und Nico Fetzer,,,Spender von Erinnerungsgegenständen des 1. FC Kaiserslautern (nachgewiesen 2012),piz,male,,
18199,"Marzipanfabrik Kurt Gehlhaar, Königsberg","Marzipanfabrik Kurt Gehlhaar, Königsberg",,,Die Firma Gehlhaar wurde 1912 von Kurt Gehlhaar in Königsberg gegründet. Sein Sohn eröffnetet nach dem 2.Weltkrieg ein Fachgeschäft in Wiesbaden.,kif,,+,
75399,Yaru Barugu,Yaru Barugu,,,"Yaru Barugu, geboren um 1886 in Gbessassi, war ein beninischer Bauer, der während des Ersten Weltkriegs im Kriegsgefangenenlager Wünsdorf interniert war.",piz,male,+,
155185,Graphische Kunstanstalt Königsberg (Pr.),Graphische Kunstanstalt Königsberg (Pr.),,,Kunstanstalt in Königsberg.,kif,,+,
185550,Diego Felice Ratti,Diego Felice Ratti (1856-),1856,,Kunstverleger in Berlin,piz,male,+,
334709,Johann Michael Zeckel,Johann Michael Zeckel (-1782),,1782,"Goldschmied, geb. in Augsburg",piz,male,+,
130545,G. D. de Konigh,G. D. de Konigh,,,"Maler, Kupferstecher, Grafiker - gnd, 04.10.2020",piz,male,+,https://d-nb.info/gnd/1043826483
234565,Anna Altenkirch,Anna Altenkirch,,,"geb. Koch, Tochter eines Gärtnereibesitzers aus Siebenlehn
Ehefrau des Malers Otto Altenkirch (1875-1945)",piz,female,+,
260347,Horst Volkmann,Horst Volkmann (1922-1984),1922,1984,"Der Kunsterzieher Horst Volkmann (1922-1984) wurde nur 62 Jahre alt. Das hier vorliegende Gemälde stammt aus der frühen Zeit seines künstlerischen Schaffen. Er hatte 1960 ein Aufbaustudium Kunsterziehung in Berlin abgeschlossen, war 1961 Preisträger des Bildnerischen Volksschaffens geworden und auf der V. Dresdener Kunstausstellung vertreten. In den 1930er Jahren kam er nach Brandenburg an der Havel, war dort Schüler der Wredwoschen Zeichenschule, Kunsterzieher und Leiter verschiedener Malzirkel in Brandenburger Betrieben.",piz,male,+,
137642,Carl Rühle's Musik-Verlag,Carl Rühle's Musik-Verlag,,,Musik Verlag in Leipzig-Reudnitz,kif,,+,
205731,"Frankonia AG vormals Albert Frank, Beierfeld","Frankonia AG vormals Albert Frank, Beierfeld",,,"Frankonia AG vorm. Albert Frank, Beierfeld in Sachsen bestand von 1893-1927.
""Herstellung und Vertrieb von Metallwaren aller Art, besonders auch von Zubehör und von Teilen für Automobile und Fahrräder"" - https://www.sammleraktien-online.de/frankonia-aktiengessllschaft-vormals-albert-frank/item-1-8511.html, 10.08.2022",kif,,+,
311043,József Tittenberger,József Tittenberger (1889-),1889,,1911 Soldat in Mostar,piz,male,+,
178111,"Deutscher und Österreichischer Alpenverein, Sektion Marburg","Deutscher und Österreichischer Alpenverein, Sektion Marburg",,,Sektion des Deutschen und Österreichischen Alpenvereins.,kiz,,+,https://d-nb.info/gnd/510088-4
308493,Anna Theresia Scheubel,Anna Theresia Scheubel (-1791),,1791,"Deutsche Malerin. Geboren um 1725-30, tätig in Bamberg. Porträtmalerin. Tochter des Malers Johann Joseph Scheubel II. (1686-1769), Schwester der Malerin Maria Katharina Scheubel (-1786) und des Malers Johann Joseph Scheubel III. (1733-1801).",piz,female,+,
251120,August Abel,August Abel (1872-1953),1872,1953,"Buchhändler in Berlin (Großbuchhandlung August Abel, gegründet 1909), 1914 auch als Verlagsbuchhändler bezeichnet
Kassierer des Künstlervereins ""Pallas"" E.V. (erwähnt 1914)
geb. 13.7.1872 Pritzwalk, gest. 2.10.1953 Berlin-Wannsee
(Quelle: Sterbeurkunde, Landesarchiv Berlin, Standesamt Berlin-Zehlendorf, Reg.-Nr. C 1344/1953)",piz,male,+,
32792,Johann Georg Weber (Architekt),Johann Georg Weber (Architekt),,,Johann Georg Weber war ein im ausgehenden 19. und zu Beginn des 20. Jhs. in Fürth tätiger Architekt.,piz,male,+,
5602,Cristalleries du Val-Saint-Lambert,Cristalleries du Val-Saint-Lambert,,,1825/26 auf einem Klosterareal gegr. Kristallmanufaktur in Belgien,kif,,+,
46715,Naga (Banpara),Naga (Banpara),,,"Heute Konyak-Naga, Wancho oder Nocte",siu,,+,
123773,Luise Rüdiger (Medailleurin),Luise Rüdiger (Medailleurin) (1988-),1988,,Medailleurin,piz,female,+,
115868,Cerialis (Töpfer),Cerialis (Töpfer),,,Weithin exportierende römische Töpferdynastie des 2. Jahrhunderts n. Chr. aus Rheinzabern.,kif,,+,
62118,Johann Hauter (Stempelschneider),Johann Hauter (Stempelschneider),,,"Stempelschneider, um 1775 in Karlsruhe",piz,,+,
63315,Obst- und Gartenbauverein Kronberg,Obst- und Gartenbauverein Kronberg,1883,,"""Der Obst- und Gartenbauverein Kronberg wurde am 13.12.1883 als ""Verein für Gartenbau Pomologie und Landwirtschaft"" gegründet und im Januar 1884 offiziell durch die Stadt Cronberg als Verein anerkannt."" (http://www.ogv-kronberg.de/DerVerein.htm)",kiz,,+,http://d-nb.info/gnd/16168219-4
185406,Buchdruckerei Freisinger Tagblatt,Buchdruckerei Freisinger Tagblatt,,,Druckerei in Freising.,kif,,+,
278867,Erwin Kranz,Erwin Kranz,,,Spender von Erinnerungsgegenständen des 1. FC Kaiserslautern (nachgewiesen 2024),piz,male,+,
152277,Julius F. Grauel,Julius F. Grauel (1839-1907),1839,1907,"Reverend Julius F. Grauel (*28.06.1839; +17.10.1907), verheiratet mit Louise Conradine Grauel, geb. Röntgen, der Cousine von Wilhelm Conrad Röntgen.",piz,male,+,
59592,Schlesische Friedrich-Wilhelms-Universität zu Breslau,Schlesische Friedrich-Wilhelms-Universität zu Breslau,,,"Gegründet 1811 unterdem Namen Königliche Universität zu Breslau als Fortsetzung der Universität Frankfurt (Oder) und der Leopolina Breslau, ab 1911 unter dem Namen Schlesische Friedrich-Wilhelms-Universität zu Breslau, nach 1945 Fortsetzung als Uniwersytet Wrocławski",kiz,,+,http://d-nb.info/gnd/2024162-8
63884,ABB Automation GmbH,ABB Automation GmbH,,,"Firma, die Industrieroboter herstellt.",kif,,+,
302252,Josef Löbbert,Josef Löbbert,,,"Schuster in Nordwalde, Emsdettener Straße - Ecke Hilgenbrinker Straße. Einrichtung der Schuhmacherei um 1900.",piz,male,+,
69327,Fritz Hansen (Firma),Fritz Hansen (Firma),,,"Fritz Hansen A/S (Möbelproduzent)
1885 gegründet von Fritz Hansen (1847–1902) in Kopenhagen. 1899 Übernahme der Firma durch den Sohn Christian Edvard Hansen und deutlicher Aufschwung in der Folgezeit. Umstellung von einer Manufaktur in einen Industriebetrieb. Spezialisierung auf dampfgebogenes Schichtholz. U. a. Möbelentwürfe für Schloss Christiansborg sowie den Parlamentssitz in Dänemark. Die Firma gehört in den 1930ern zu einer der ersten, die Stahlmöbel herstellt. Es folgen Zusammenarbeiten mit dänischen Designern wie K. Klint, Hans J. Wegner oder B. Mogensen. Ab 1934 Kooperation mit A. Jacobsen. Es entstehen u. a. der „Ant Chair“ (1951) und der „Egg Chair“ (1957), die heute als Designklassiker gelten. In den 1960ern Verlegung der Produktion nach Allerød. In den 1980ern Erwirbt die Firma die Rechte an der Kollektion von P. Kjærholm. Im Jahr 2000 Umbenennung in Republic of Fritz Hansen.",kif,,+,
270842,"Southeastern Metals Company, Inc","Southeastern Metals Company, Inc",,,"Southeastern Metals Company, Inc. ist ein metallverarbeitendes Unternehmen mit Sitz in Birmingham, Alabama (USA). Während des II. Weltkrieges Produktion von Helmen, Kochtöpfen, Besteck, Feldflaschen etc. für die US-Army.",kif,,+,
263393,Karl Lohbauer (Maler),Karl Lohbauer (Maler) (1887-),1887,,"""Lohbauer, Karl, Maler u. Graphiker, B.D.G., - Charlottenburg 1, Eosanderstr. 27, Fernspr. Wilhelm 8572."" - Handbuch des Kunstmarktes, Berlin 1926, S. 312. Online: https://digital.zlb.de/viewer/image/34165322/336/, 15.02.2026",piz,male,+,https://d-nb.info/gnd/1281055433
344452,Albert Pflugfelder (Fotograf),Albert Pflugfelder (Fotograf) (1885-1958),1885,1958,"Deutscher Fotograf mit Atelier in Berlin-Charlottenburg, Kantstr. 138

Quellen:
Adressbuch der Photographie: https://www.google.de/books/edition/Adressbuch_der_Photographie/901wNDjSLpsC?hl=de&gbpv=1&bsq=%22albert+pflugfelder%22+charlottenburg&dq=%22albert+pflugfelder%22+charlottenburg&printsec=frontcover [Abruf: 03.02.2026]
Landesarchiv Berlin, Sterberegister der Berliner Standesämter 1874-1985 [Abruf über Ancestry.com am 03.02.2026]",piz,male,+,
259362,Nicolaus Berghem,Nicolaus Berghem (1620-1683),1620,1683,"Nicolaus (Claes Berghem), berühmter Maler, getauft zu Haarlem 1. Oct. 1620, † zu Amsterdam 18. Febr. 1683, war der Sohn des Stilllebenmalers Pieter Claesz.",piz,male,+,
174266,Charles James Sterling,Charles James Sterling,,,"Charles James Sterling stand in Briefverkehr mit Johann Wolfgang von Goethe.

""Neapel; Tübingen (Wirkungsorte)"" - gnd, 14.09.2025",piz,male,+,https://d-nb.info/gnd/117273694
54423,Silva Hahn (Fotografin),Silva Hahn (Fotografin),,,"Fotografin in Berlin, nachgewiesen 1980er Jahre.",piz,female,+,
153851,Aldert Meijer,Aldert Meijer,,,"""Also known as
 Aldert Meyer 
 primary name: Meyer, Aldert 
Details
 individual; printmaker; Dutch; Male 
Other dates
 1664-1695 (c.) 
Biography
 Printmaker, active in Amsterdam (1685-1695). "" - https://www.britishmuseum.org/collection/term/BIOG211738, 29.11.2020",piz,male,+,http://d-nb.info/gnd/124028675
300616,Werkbund Galerie Berlin,Werkbund Galerie Berlin,,,"Der Werkbundgalerie Berlin ist die Ausstellungs- und Veranstaltungsstätte des Deutschen Werkbund Berlin, in der zeitgenössische Architektur, Design und Industriedesign präsentiert werden.",kiz,,+,https://d-nb.info/gnd/10155833-8
103755,"Lossonczy, Ibolya",Lossonczy Ibolya (1906-1992),1906,1992,Hungarian sculptor.,piz,female,+,
83209,Őri és Glatz,Őri és Glatz,,,Inhaber der Drogerie Schmidt in Budapest (nachgewiesen 1920er-Jahre),kif,,,
205393,August Hoffmann AG,August Hoffmann AG,,,Textilfabrik in Neugersdorf (nachgewiesen 1943/44),kif,,+,
38548,Reich (Madame),Reich (Madame),,,wurde um 1775 zusammen mit drei anderen Damen von Johann Heirnich Lips für die Physiognomischen Fragmente Johann Caspar Lavaters porträtiert (evtl. Frau des Verlegers Reich?),piz,female,,
315831,Eisenbahnverein Hörde 1904,Eisenbahnverein Hörde 1904,,,"Verein in Dortmund-Hörde, gegründet 1904",kiz,,+,
325998,Christian Friedrich Oloff,Christian Friedrich Oloff (1860-1939),1860,1939,deutscher Afrikakaufmann (NDB 19),piz,male,+,
202628,Christoph von Stolberg,Christoph von Stolberg (1524-1581),1524,1581,"""Christoph (1574-1581), Graf von Stolberg (10.01.1524 - 08.08.1581)
Domprobst in Halberstadt ab 1544, dort auch seit 1572 Administrator. Übernahm 1574 nach dem Tode seines Bruders die Regierung in Königstein.
Lit.: K. Friedrich, Die Münzen und Medaillen des Hauses Stolberg und die Geschichte eines Münzwesens (1911) 59."" - https://ikmk.smb.museum/ndp/person/9003, 16.05.2022",piz,male,+,
9334,Fotoatelier Paul Lorenz,Fotoatelier Paul Lorenz,,,"Fotoatelier in
- Wolmirstedt

Paul Lorenz wirkte von 1885-1936 als Fotograf in Wolmirstedt.
""... Einen breiten Raum der Sonderausstellung nimmt die Geschichte des fotografischen Gewerbes in Wolmirstedt ein. Die beginnt um 1885 mit Paul Lorenz, der als Fotograf in der Ohrstadt tätig war und in diesem Jahr seine erste Anzeige schaltete. Bis zu seinem Tod im Jahr 1936 wirkte er als geachteter Fotograf."" - Volksstimme. de, 10.04.2014 ""Mit Heinz Steinke kam 1948 das erste Atelier"", https://www.volksstimme.de/nachrichten/lokal/wolmirstedt/1258761_Mit-Heinz-Steinke-kam-1948-das-erste-Atelier.html, 27.09.2020",kif,,+,
183038,Karina Wendt,Karina Wendt (1986-),1986,,"Karina Wendt ist Glasdesignerin. Diese Spezialisierung baut auf einem Industriedesign Studium an der Kunsthochschule Burg Giebichenstein Halle auf, das Wendt 2013 mit einer Masterarbeit abschloss. Bereits als Studentin hat Karina Wendt an Glaswettbewerben teilgenommen und 2009 den 1. Platz mit einem von ihr entworfenem Glasbassin bei „Progetto Milennio“ erlangt. Als selbständige Glasdesignerin vertreibt Karina Wendt über ihren webshop karina-wendt und durch die Teilnahme an Messen und Ausstellungen ihre Produkte. Diese fertigt sie durch praktische Beteiligung mit Glasmachenden im Glasstudio im Museum Baruther Glashütte.",piz,female,+,
120675,"Wray, P. (engraver)",P. Wray (engraver),,,"""Also known as: P Wray, primary name: Wray, P 
Details: unknown; printmaker 
Other dates: late 18thc- (fl.c.) 
Biography: Engraver of a print after Richard Cosway (q.v.) for the Court, City & Country Magazine"" - https://www.britishmuseum.org/collection/term/BIOG188748, 07.06.2020",piz,,+,
345949,Anna Thielemann,Anna Thielemann (1840-1922),1840,1922,"Stilllebenmalerin in Berlin

Ehename: Anna Wagener",piz,female,+,
314410,Fotoatelier Franke & Kärcher,Fotoatelier Franke & Kärcher,,,"Fotoatelier in
- Frankfurt am Main in der Kaiserstraße 29, das mindestens von ca. 1890 bis ca. 1900 betrieben wurde. Zu den von den Fotografen angebotenen Leistungen gehörten Portraits in Platin, Öl und Pastell, sowie Vergrößerungen von Fotografien bis Lebensgröße und Nachbestellungen.",kif,,+,
205341,Jenoptik Carl Zeiss Jena GmbH,Jenoptik Carl Zeiss Jena GmbH,,,"Vorgänger: Kombinat VEB Carl Zeiss Jena
1991 gegründet
Nachfolger: Jenoptik GmbH",kif,,+,https://d-nb.info/gnd/2123708-6
133958,Franciscus Ferdinandus de Serponte et Bregaziis,Franciscus Ferdinandus de Serponte et Bregaziis,,,"Nachgewiesen für 1648. ""Kaiserl. Notar; Verfasser mehrerer verwaltungsrechtlicher Werke"" - gnd, 13.12.2020",piz,male,+,https://d-nb.info/gnd/115861610
258588,Eric Albert Dick,Eric Albert Dick,,,Eric Albert Dick diente ab 1943 in der britischen Royal Air Force als Pilot im Rang eines Flying Officer. Während der Berliner Luftbrücke war er ein Controller bei der Ground Controlled Approach Einheit (GCA) auf dem Flughafen Berlin-Gatow. Er ging im Rang eines Squadron Leader in den Ruhestand.,piz,male,+,
322843,Ketterer Kunst GmbH & Co. KG (München),Ketterer Kunst GmbH & Co. KG (München),,,"Kunstauktionshaus in München, gegründet 1991",kif,,+,https://d-nb.info/gnd/1222410-8
324547,Jakob Stahl (Weprowatz),Jakob Stahl (Weprowatz) (1940-),1940,,lebte in Weprowatz; Sohn von Rosalia Stahl (geb. Piegl),piz,male,+,
188494,Robert Rassmann,Robert Rassmann,,,Münzsammler (um 1900),piz,male,+,
311415,Sektkellerei Müller (Reil),Sektkellerei Müller (Reil),,,"Sektkellerei aus Reil, Rheinland-Pfalz

Küferstraße 15
56861 Reil",kif,,+,
43265,Auer Besteck- und Silberwarenwerke,Auer Besteck- und Silberwarenwerke,,,"ABS. Produzierte in Aue Bestecke. DDR-Schwerpunktbetrieb, hatte um 1970 ca. 900 Mitarbeiter.",kif,,+,
278707,Walter Drees,Walter Drees,,,Spender von Erinnerungsgegenständen des 1. FC Kaiserslautern,piz,male,,
72844,H. Bindemann (Baumeister),H. Bindemann (Baumeister),,,"H. Bindemann, Regierungsbaumeister in Danzig 1889. Er gehörte zur Naturforschenden Gesellschaft in Danzig Ende des 19. und Anfang des 20. Jahrhunderts.",piz,male,+,
200657,W. Schmidt (Musikinstrumentenbauer),W. Schmidt (Musikinstrumentenbauer),,,Musikinstrumentenbauer in Halle an der Saale.,piz,,+,
198573,B. Kessler (Zahnarztpraxis),B. Kessler (Zahnarztpraxis),,,Zahnarztpraxis 1968 in Selb,kif,,+,
10957,"VEB Magdeburger Armaturenwerke ""Karl Marx"" (MAW)","VEB Magdeburger Armaturenwerke ""Karl Marx"" (MAW)",,,"aus der Polte Armaturen- und Maschinenfabrik OHG hervorgegangener Betrieb

""In den 1950er-Jahren konnten dann auch wieder Großprodukte der Vorkriegszeit produziert werden. Das Unternehmen wuchs stetig, beschäftigte rund 2000 Arbeitnehmer und exportierte in 22 Länder. Das Schwerarmaturenwerk war an der Errichtung von Eisenwerken, Großkokereien, Talsperren und Stahlwerken beteiligt. 1960 wurde es mit dem VEB Messgeräte-und Armaturenwerk „Karl Marx“ zu einem der größten europäischen Armaturenhersteller unter dem neuen Namen VEB Magdeburger Armaturenwerke „Karl Marx“ (MAW) vereint. In der Folge waren die Armaturenwerke der beherrschende Hersteller in der DDR für Ventile, Schieber und Hähne. 90 % aller DDR-Armaturen wurden hier gefertigt, bis zu 6.000 verschiedene Produkte der produzierenden Industrie angeboten.
Im Jahr 1965 wurde der Messgerätebau aus der MAW herausgelöst und unter dem alten Namen „Erich Weinert“ weitergeführt. Ab 1970 wurde die MAW zum Stammbetrieb des Armaturenkombinats „Karl Marx“, dem nach dem Kombinat Gisag zweitgrößten Gussproduzenten der DDR. Die MAW beschäftigten vor der Wende rund 7.000 Mitarbeiter"" - Wikipedia über Polte-Werke, 24.06.2017",kif,,+,http://d-nb.info/gnd/2107047-7
32858,I. F. Gruner,I. F. Gruner,,,"(Berner?) Medailleur, belegt um 1828",piz,,+,
257673,Sparkasse des Kreises Luckau,Sparkasse des Kreises Luckau,,,Geldinstitut in Luckau,kif,,+,
229811,Doris Sacher,Doris Sacher (1951-),1951,,1951 in St. Raphael geborene Schmuckdesignerin.,piz,female,+,
313429,Bányász Étterem (Pécsbánya),Bányász Étterem (Pécsbánya),,,"Bányász Étterem (Pécsbánya) üzemi vendéglátó étterem, Pécsbányatelep",kiz,,+,
84189,Lanolinfabrik Leopodau Wien,Lanolinfabrik Leopodau Wien,,,Unternehmen in Wien.,kif,,+,
168110,Werkstatt Georg Funcke,Werkstatt Georg Funcke,,,In Dresden von 1710 bis 1727 für die Meissener Manufaktur als Goldmaler und Emailleur tätig.,kif,,+,
336592,J. P. Setzer (Verlag und Druckerei),J. P. Setzer (Verlag und Druckerei),,,Verlag und Druckerei in Rottweil (nachgewiesen 1848),kif,,+,https://d-nb.info/gnd/1072918765
25319,Christian Couturie,Christian Couturie,,,"Glockengießer, 2. H. 18. Jh.",piz,male,+,
270853,Carl Fiebig (Verlag),Carl Fiebig (Verlag),,,"Der Verlag ""Carl Fiebig"" veröffentlichte in den 1930er Jahren Post- und Ansichtskarten in Berlin.",kif,,+,
262102,Max Glathe,Max Glathe,,,Max Glathe Wirtschaftsinspektor in Hainewalde und Pächter des Ritterguts in Spitzkunnersdorf und des Butterberg-Vorwerk in Hainewalde (erwähnt 1883),piz,male,+,
341864,Kommission für die Geschichte der Deutschen in Polen,Kommission für die Geschichte der Deutschen in Polen,,,"Kommission zur historischen, kulturellen und landesgeschichtlichen Forschung über die Regionen in Polen und der Westukraine mit historisch deutschen Bevölkerungsgruppen und zu den deutsch-polnischen Beziehungen im Bereich von Kultur und Politik. Sitz Marburg/Lahn. Gegründet 1993. (GND 9.1.2026)",kiz,,+,https://d-nb.info/gnd/3053389-2
273546,Bernhard Dephoff,Bernard Dephoff (1889-1914),1889,1914,"Mitglied einer Familie in Nordwalde, geboren ca. 1891. Aus seiner Zeit als Wehrdienstleistender in Berlin (1911-1913) und als Soldat im Ersten Weltkrieg (1914-1918) besitzt das Heimatmuseum Nordwalde mehrere Erinnerungsstücke.",piz,male,,
214683,P. Römer (Maler),P. Römer (Maler),,,"Porträtmaler, 19. Jahrhundet",piz,,,
19095,Maschinenfabrik Gotthard & Kühne,Maschinenfabrik Gotthard & Kühne,,,"Auch: Gotthardt & Kühne, Maschinenfabrik und Apparatebauanstalt
Maschinenfabrik in Lommatzsch, welche 1919 aus der bereits gegr. 1881 Eisenwarenhandlung Carl Gotthardt nach Beteiligung von Richardt Kühne hervorgegangen ist 
nach 1945 Neugründung in Boxdorf/Nürnberg
(vgl. http://www.albert-gieseler.de/dampf_de/firmen3/firmadet39239.shtml)

Umwandlung des Betriebs in Lommatzsch in VEB Dämpferbau Lommatzsch, unter dem alten Namen aber noch 1957-1971 belegt",kif,,+,
72863,Charles Tissot & Fils S.A.,Charles Tissot & Fils S.A.,,,Uhrenhersteller aus der Schweiz. Firmensitz ist Le Locle.,kif,,+,
209332,Brigitte Köhler,Brigitte Köhler,,,Autorin des Buches Das Amt Lichtenberg um 1750 (erschienen 1988),piz,female,+,
71846,Die Weiße Rose (Jugendzentrum) (Berlin-Schöneberg),Die Weiße Rose (Jugendzentrum) (Berlin-Schöneberg),,,"""1956 eröffnete das Bezirksamt Schöneberg das “Haus der Jugend – DIE WEISSE ROSE”. Aufgrund der sehr guten technischen Ausstattung liegt heute der Schwerpunkt in der Durchführung unterschiedlichster Veranstaltungen für Kinder, Jugendliche und junge Erwachsene. Es werden Veranstaltungen für junge Leute organisiert oder mit Jugendlichen konzipiert und durchgeführt. Wir führen Projekte durch, die in Veranstaltungen münden und unterstützen Andere bei der Durchführung von Veranstaltungen bei uns. Wir beraten andere Träger der Jugendhilfe, Institutionen, Initiativen, Vereine etc. im Bereich Eventmanagement. Ihr wollt Eure Veranstaltung bei uns stattfinden lassen? Lasst uns das zusammen machen. Ihr plant Eure Veranstaltung woanders? Wir beraten Euch gern zu rechtlichen Rahmenbedingungen, Veranstaltungsorganisation und Programmgestaltung.

Unsere Gruppen- und Workshopangebote richten sich vor allem an Jugendliche, aber auch an Kinder. Sie finden wöchentlich oder am Wochenende statt. Wenn es der Inhalt hergibt, werden Arbeitsergebnisse öffentlich präsentiert, z.T. auch gruppenübergreifend. ..."" - http://die-weisse-rose.de/?page_id=2, 24.11.2019",kio,,+,
178637,Franz Weiss (Kohlehändler),Franz Weiss (Kohlehändler),,,Kohlehändler in Annaberg.,piz,male,+,
