284521,Fotoatelier Albert Langlois,Fotoatelier Albert Langlois,,,"Fotoatelier in
- Marseille",kif,,+,
11355,Fotoatelier A. E. Zapp,Fotoatelier A. E. Zapp,,,"Fotoatelier in
- Dresden-N., Görlitzerstrasse 47, Ecke Alaunplatz",kif,,+,
262050,Heinrich Schunck,Heinrich Schunck (1781-1840),1781,1840,"*1781 Hanau; Handelsmann in Frankfurt am Main und London.
Vollständiger Name: Johann Heinrich Philipp Schunck.
Quelle: Adressbuch Frankfurt 1834-1840; „Harnier, Louis“, in: Hessische Biografie (Stand: 28.11.2023; Artikel über seinen Schwiegervater)",piz,male,+,
206285,Ministerium des Innern (Rheinland-Pfalz),Ministerium des Innern (Rheinland-Pfalz),,,"Vorgänger-Institution: Ministerium für Inneres und Wirtschaft
Nachfolge-Institution: Ministerium des Inneren und für Sport Rheinland-Pfalz",kio,,+,https://d-nb.info/gnd/2029821-3
156804,Druckerei O. Fries GmbH & Co.-KG,Druckerei O. Fries GmbH & Co.-KG,,,"Druckerei in Winningen, Untermosel.",kif,,+,
246938,Herbert Minnich,Herbert Minnich (1937-2023),1937,2023,"Sprecherzieher und Professor an der Hochschule für Schauspielkunst Ernst Busch in Berlin
geb. 18.2.1937, gest. 12.9.2023",piz,male,+,
344772,Peter de Coquille,Peter de Coquille (1685-1752),1685,1752,"Festungsbaumeister Kurfürst Karl Albrechts von Bayern, u.a. verantwortlich für die Festung Rothenberg (Schnaittach).",piz,male,+,
326408,Ackermann Nähgarne GmbH & Co,Ackermann Nähgarne GmbH & Co,,,"1855 Gründung einer Garnzwirnerei im Lechviertel durch Eusebius Schiffmacher. Teilhaber seit 1861 Wilhelm Butz. 1863 wurde der Betrieb nach Göggingen verlegt. 1872 Umwandlung in eine AG bei Konzentration auf Nähgarnherstellung (’Zwirn- und Nähfadenfabrik Göggingen’, ZNFG). 1870 178, 1912 1481 Beschäftigte. 1909/10 Neubau des Fabrikgebäudes (Blankziegelbau mit Eisenfensterkonstruktion). Bis 1937 schrittweiser Erwerb der Kapitalmehrheit bei der ’Nähfadenfabrik vormals J. Schürer (gegründet 1858). 1957 Zusammenschluss der ZNFG mit der Zwirnerei Ackermann, Heilbronn, zum größten Nähgarnhersteller Europas (Ackermann Göggingen AG). Die Krise der deutschen Textilindustrie traf schließlich auch Ackermann. Am 1.1.1994 Übergang des textilen Geschäfts auf den Nähfadenhersteller Amann & Söhne in Bönigheim (Ackermann Nähgarne GmbH & Co.), während für die Verwaltung der Liegenschaften eine eigene Gesellschaft errichtet wurde. Ende 1993 780 Beschäftigte und 138 Mio. DM Umsatz. ( https://www.wissner.com/stadtlexikon-augsburg/artikel/stadtlexikon/ackermann-naehgarne-gmbh-co/3010)",kif,,+,
128236,Wolfgang Hoffmann,Wolfgang Hoffmann (1604-1668),1604,1668,"Drucker, Verleger in Frankfurt am Main.",piz,male,+,https://d-nb.info/gnd/129072931
11118,H. Oertel (Lithograf),H. Oertel (Lithograf),,,Lithograf 2. Hälfte 19. Jh.,piz,,+,
11090,Jacob Loose (Silberschmied),Jacob Loose (Silberschmied),,,"Silberschmied Jacob Loose aus Halle, erwähnt 1740
B 1744",piz,male,+,
43931,Landesarbeitsamt Hamburg,Landesarbeitsamt Hamburg,,,"Behörde in Hamburg, 20. Jh.",kio,,+,
113761,Johann Gottfried Schöbe,Johann Gottfried Schöbe (1794-1860),1794,1860,"Johann Gottfried Schöbe (* 14. Februar 1794 in Schlaitz - † 6. Mai 1860) Kantor für Schule und Kirche in Bitterfeld. Schöbe wurde am 14. Februar 1794 in Schlaitz geboren. Im Alter von 12 kam der junge Schöbe in das Haus des Pastor Wegener in Burgkemnitz, der ihn auf dem Lehrerberuf vorbereitete. Gesang- und Musikunterreicht erhielt er durch den Kantor Pohle aus Burgkemnitz. Von 1810 an war Schöbe für elf Jahre Lehrer in Schmerz. 1821 kam er als 2. Mädchenlehrer, Organist und Küster nach Bitterfeld. 1834 übernahm er nach dem Tod des Kantor Neumann die Leitung der hießigen Kantorei, die später seinen Namen erhalten sollte. Nach Einweihung der Loberschule unterrichtete Schöbe dort. Während seiner Zeit als Kantor pflegte Schöbe den Kontakt zu Musikdirektoren aus überregionalen Gebieten. 1840 und 1846 organisierte der Kantor jeweils Kreismusikfeste in Bitterfeld. Nach Streit spalteten sich einige Mitglieder seiner Kantorei ab und gründeten 1853 einen zweiten Gesangverein durch den Lehrer Gustav Müller. Dies soll Schöbe im letzten Jahrzehnts seines Lebens verbittert haben. Am 6. Mai 1860 verstarb Schöbe im Alter von 66 Jahren.",piz,male,+,
225291,"Fotoatelier Zeidler, Remagen","Fotoatelier Zeidler, Remagen",,,"Fotoatelier in
- Remagen (nachgewiesen als ""Photo Zeidler"" 1940/50er Jahre)",kif,,+,
116862,Weinbrennerei Gebr. Macholl,Weinbrennerei Gebr. Macholl,,,"Weinbrennerei vorm. Gebr. Macholl AG, München (bis 1912: Deutsch-Französische Cognac-Brennerei u. Weinsprit Raffinerie vorm. Gebr. Macholl AG; bis 1916: Deutsch-Französische Cognac Brennerei vorm. Gebr. Macholl AG; bis 1920: Cognac-Brennerei vorm. Gebr. Macholl AG)",kif,,+,
283961,Fotoatelier Anton Grainer,Fotoatelier Anton Grainer,,,"Fotoatelier in
- Traunstein",kif,,+,
184595,Feodor Fiebig,Feodor Fiebig,,,"""... Feodor Fiebig ist Mechaniker im Dienste des Norddeutschen Lloyd. Als im Juni 1912 der Expeditionsmaschinist Schattenburg einem Hitzeschlag erliegt, wird Fiebig in 
Friedrich-Wilhelmshafen (heute Madang) von der Kaiserin Augusta-Fluss-Expedition angeheuert. (The Geographical Journal 1913: 170; Schindlbeck 2015: 60, 64) In den 
nächsten fünf Monaten begleitet er die Expeditionsmitglieder bei ihren Ausflügen und hat fast täglich die Gelegenheit, dem Ankauf von Objekten beizuwohnen.6 (Abb. 4) 
Nach der Festnahme von Thurnwald durch die Australier richtet sich Fiebig ein Standlager in Angoram ein. (Schindlbeck 2012, Baessler-Archiv: 112) Bis ans Ende des 
Krieges unternimmt Fiebig verschiedene Sammlungsexpeditionen, unter anderem auch zu den Dorfschaften am Keram, in denen er weitere Federmosaiken, Schmuck-
stücke und Schnitzereien ersteht. Diese verkauft er nach Kriegsende an Sammler in Holländisch-Neuguinea, wo er sich inzwischen niedergelassen hat. Von diesen Feder-
mosaiken gelangen später vier nach Den Haag ins Museon und zehn nach London ins British Museum. ..."" - Valentin Boissonnas, ""Der Anthropologe, der Maschinist 
und der Missionar: eine Bestandsaufnahme der Federmosaiken vom Keram Fluss Papua Neuguinea"" in Kunst & Kontext # 16 (2018), S. 2-16 (http://kunst-und-kontext.de/texte/kunst_und_kontext_16.pdf, 05.09.2021)",piz,male,+,
1081,Franz Germann (Verlag),Franz Germann (Verlag),,,Verlag in Jeßnitz,kif,,+,
3597,Schneider (Müller in Untersuhl),Schneider (Müller in Untersuhl),,,"Herr Schneider war Müller der Rohmühle in Untersuhl und hat den ""Feierabendziegel Anno 1788"" gestiftet.",piz,,+,
63929,Walter Hoffmann (Landwirt),Walter Hoffmann (Landwirt),,,Landwirt in Fußgönheim. Nachgewiesen für 1981 und 1983,piz,male,+,
24267,Wildschützer Mühle (Wildschütz),Wildschützer Mühle (Wildschütz),,,Mühlenbetrieb in Wildschütz (Bezirk Breslau),kif,,+,
148732,Klaus-Werner Stumpff,Klaus-Werner Stumpff (-1941),,1941,"Sohn von Generaloberst Hans-Jürgen Stumpff, Oberleutnant (später Hauptmann), gefallen bei Porchow (Gebiet Pskow), 11.07.1941.",piz,male,+,
34234,Druckerei Wilhelm Petri (Altenessen),Druckerei Wilhelm Petri (Altenessen),,,Betrieb in Altenessen. Stellte Druckschriften für Gewerbebetriebe her.,kif,,+,
67631,A. Dragsted (Firma),A. Dragsted (Firma),,,"Silberschmiede, 1854 von Arent Dragsted in Kopenhagen gegründet. 1898 stirbt der Gründer, das Unternehmen wird zwischen den Söhnen aufgeteilt. A. Dragsted spezialisiert sich zunächst auf den Handel mit Schmuck und Edelsteinen, E. Dragsted führt die Silberschmiede fort. A. Dragsted richtet später wieder eine eigene Silberschmiede ein.",kif,,+,
329227,Ernst Könneke,Ernst Könneke,,,"Inhaber eines Kolonialwarenladen in Wolmirstedt.
Vermutlich Jahrhundertwende 19./20. Jh.",piz,male,+,
14134,Charles Bloud,Charles Bloud (-1680),,1680,"Uhrenmacher
http://www.beyars.com/de_bloud-charles.html
Nach http://collectionsonline.nmsi.ac.uk/detail.php?type=related&kv=30078&t=people aktiv von 1653 bis 1680
Nach
http://collections.rmg.co.uk/collections.html#!csearch;authority=agent-167306;browseBy=maker;makerFacetLetter=B
First mentioned in June 1646 as a ’faiseur d’instrumens’ in a list of ship-captains, pilots, navigation specialists and others experienced in sea affairs. He may have been in Paris before moving to Dieppe. In 1653 he made an unusually large magnetic azimuth dial for the King’s brother. He claimed to have invented this form of dial, and this particular example may have been his first. He published a description and explanation of the dial in 1668. He was no longer in Dieppe in 1699",piz,male,,
39407,Johann Albrecht Friedrich Alsleben,Johann Albrecht Friedrich Alsleben (-1834),,1834,"""Rector der Martinischule u. Prediger der Heiligengeisthospitalkirche zu Halberstadt Mitglied der Literarischen Gesellschaft. Geboren zu Halberstadt den ... erst Subconrector, dann Rector der Martinischule bis 18 .. starb als zweiter Prediger zu Weserlingen den 1 Juli 1834"", Handschriftlicher Vermerk auf einer Porträtgrafik des Gleimhauses in Halberstadt (PA3_24-02)",piz,,+,
338470,Jobin (Ortskommandant),Jobin (Ortskommandant),,,Ortskommandant der franz. Armee in Dürkheim 1797,piz,male,+,
19614,Vordruckstelle des Reichsnährstandes,Vordruckstelle des Reichsnährstandes,,,"Nachgeordnete Einrichtung des Reichsnährstandes, einer ständischen Organisation der Agrarwirtschaft und Agrarpolitik während der NS-Zeit. Sitz: Berlin.",kiz,,+,
36801,David Hornung,David Hornung,,,"Deutscher Maler. Nachgewiesen um 1671 in Coburg, Porträtmaler.",piz,male,+,
6694,Dionyssios Agapitos,Dionyssios Agapitos,,,"Übersetzer der Lagerzeitung ""NEA TOY GÖRLITZ"" des während des I. Weltkriegs in Görlitz internierten griechischen Armeekorps",piz,male,+,
121124,Gerald Bothe,Gerald Bothe,,,Veröffentlichte Literatur über Schwebfliegen.,piz,male,+,
328067,Hennekemper (Konditorei),Hennekemper (Konditorei),,,Die Familie Hennekemper betrieb in Hörde eine Konditorei mit Café am Hörder Brückenplatz,kif,,+,
278859,Marliese Jung,Marliese Jung,,,Spenderin von Erinnerungsgegenständen des 1. FC Kaiserslautern (nachgewiesen 2018),piz,female,+,
20269,Schulzesche Buchhandlung Oldenburg,Schulzesche Buchhandlung Oldenburg,,,Buchhandlung in Oldenburg,kif,,+,
150692,Peter Schlesinger Metallwarenfabrik Offenbach,Peter Schlesinger Metallwarenfabrik Offenbach,,,"""Die Metallwarenfabrik von Peter Schlesinger wurde 1885 gegründet und befand sich an der Ecke Waldstraße und Bismarckstraße von Offenbach. Die Firma stellte Teile für die Fahrrad- und Automobilindustrie her und ging 1974 in den Konkurs. "" - https://www.veikkos-archiv.com/index.php?title=Peter_Schlesinger, 16.10.2020",kif,,+,
70669,Willy Römer (Druckerei),Willy Römer (Druckerei),,,Druckerei u.a. für Postkarten Dresden A 16,kif,,+,
270920,Emil Robertson,Emil Robertson,,,"Buchbesitzer, durch Exlibris nachgewiesen 1944",piz,male,+,
172283,Jonas Verlagsbuchhandlung Berlin,Jonas Verlagsbuchhandlung Berlin,,,Verlagsbuchhandlung in Berlin (nachgewiesen 1893),kif,,+,
11551,Faberscher Verlag (Magdeburg),Faberscher Verlag (Magdeburg),,,"Buchdruckerei Faber in Magdeburg, 1709 durch Christian Leberecht Faber begründet durch Erhalt eines königlichen Privilegs zur Anlage einer Buchdruckerei. 1722 Gestattung zur Verlagerung der Buchdruckerei in die Altstadt von Magdeburg. Gleichzeitig wird auch zum Ende des ersten Viertels des 18. Jahrhunderts das Privileg des Buchhandels erteilt. Zu Beginn des 19. Jahrhunderts mit der Bezeichnung ""Verlag der Faberschen Buchdruckerey"" geführt. Den ""Faberschen Verlag"" führen mehrere Generationen der Familie Faber fort. Verschiedene Druckerzeugnisse, u.a. Gesangbücher wurden dort gedruckt und verlegt.",kif,,+,
6810,Verlag der Dürrschen Buchhandlung,Verlag der Dürrschen Buchhandlung,,,"Verlag in Leipzig. Nachgewiesen für 1895, 1904, 1906, 1907, 1912, 1922",kif,,+,
20339,Rosa Ruppesti,Rosa Ruppesti,,,Ende des 19. Jhs. vermutl. im Raum Fulda ansässig,piz,female,+,
215205,Münchener Lodenfabrik Joh. G. Frey,Münchener Lodenfabrik Joh. G. Frey,,,"Gegründet 1842 von Johann Georg Frey als Weberei in München. LODENFREY gibt es heute noch immer, als Modegeschäft in München. - https://www.lodenfrey.com/Stammhaus-Gesamt/",kif,,+,
46926,Adrian von Wietersheim,Adrian von Wietersheim,,,Sammelte Gegenstände in Samoa.,piz,male,+,
257598,Gebrüder Sulzer (Winterthur),Gebrüder Sulzer (Winterthur),,,"""Das Unternehmen «Gebrüder Sulzer, Giesserei in Winterthur» wurde 1834 durch Johann Jacob Sulzer gegründet. Als Familienunternehmen war die Firma in der Form der offenen Handelsgesellschaft über die Jahre gewachsen, im Juni 1914 erfolgte dann die Umwandlung in zwei Aktiengesellschaften mit Sitz in Winterthur und Ludwigshafen am Rhein, die beide den Namen Gebrüder Sulzer Aktiengesellschaft erhielten."" - gnd, 04.04.2024",kif,,+,https://d-nb.info/gnd/1008567-1
128420,Johann Jacob Pömer,Johann Jacob Pömer (1614-1669),1614,1669,"""Landgerichtsassessor; Nürnberger Patrizier; 1626 stud. iur. Altdorf, 1629-1638 Alumnus dort; später Assessor in Ansbach"" - gnd, 26.05.2022",piz,male,+,https://d-nb.info/gnd/124927262
69706,August Ender (Textilfabrikant),August Ender (Textilfabrikant),,,"Fabrikant von Textilien in Großschönau (Sachsen), nachgewiesen um 1875.",piz,male,+,
120252,Victor V. Salomon,Victor V. Salomon,,,"""Carl-Wilhelm Lüders lässt sich ab der Zeit des Königreichs Hannover nachweisen, während dessen er ab 1861 in der dortigen Residenzstadt Hannover „zusammen mit V. Victor Salomon“ eine Druckerei mit angeschlossener „Lithografischer Anstalt“ betrieb."" - Wikipedia (de) über Carl-Wilhelm Lüders, 22.06.2020",piz,male,+,
125554,Johann Christoph Maier,Johann Christoph Maier (1757-1805),1757,1805,"""Pfarrer Johann Christoph Maier war von 1795 bis 1805 ein außergewöhnlicher Pfarrer in Neuweiler. Geboren wurde er am 10. Februar 1757 in Gochsheim/Kraich. Als begabtes Kind kam er an die Klosterschule Maulbronn (1771-1772) und studierte Evang. Theologie in Tübingen (1773-1777). Anschließend wurde er Vikar und Pfarrverweser an verschiedenen Orten, unter anderem in Königsbach und Gochsheim, seinem Geburtsort. Dort verfasste er 1780 sein schriftstellerisches Erstlingswerk, einen ""Versuch einer Geschichte der Kreuzzüge"". ..."" - https://www.kirchengemeinde-neuweiler.de/aus-der-neuweiler-und-agenbacher-kirchengeschichte/johann-christoph-maier/, 16.07.2020",piz,male,+,https://d-nb.info/gnd/100373062
144887,Pfarramt Arnstadt,Pfarramt Arnstadt,,,Pfarramt in Arnstadt.,kir,,+,
82431,Druckerei Hugo Haßmüller,Druckerei Hugo Haßmüller,,,Druckerei in Frankfurt am Main. Nachgewiesen für 1980er Jahre.,kif,,+,
71733,Den Danske Bibelselskab,Den Danske Bibelselskab,,,"Dänische Bibelgesellschaft: eine kirchliche Stiftung, die in Dänemark verlegerisch und bibelmissionarisch arbeitet.",kir,,+,
13369,J. C. F. Pickenhahn und Sohn,J. C. F. Pickenhahn und Sohn,,,Druckerei und Verlag in Chemnitz ab 1838,kif,,+,http://d-nb.info/gnd/5175988-3
221172,Diana Mandel,Diana Mandel (1968-),1968,,Diana Mandel wurde 1968 in Marktheidenfeld geboren. Sie studierte Malerei an der Freie Hochschule für Grafik-Design u. Bild. Kunst in Freiburg.,piz,female,+,
178920,Willy Scholz,Willy Scholz (1899-1965),1899,1965,"Lithograph und Maler. Geboren in Heilbronn, verstorben in München.",piz,male,+,
184451,Tip. Werke C. Hartung,Tip. Werke C. Hartung,,,Produzent von Waschmittel und Zubehör aus Saarbrücken,kif,,+,
229575,Genovevatöpferei Mayen Heinrich Klingler,Genovevatöpferei Mayen Heinrich Klingler,,,Töpferei in Mayen.,kif,,+,
197368,Lieselotte Pée,Lieselotte Pée (1917-),1917,,"Lieselotte Pée, geborene Lehmann, war mit dem Direktor des Ulmer Museums verheiratet. Als das Ehepaar 1952 nach Ulm kam, betreute sie mehrere Ausstellungen zum Thema Alltagsgestaltung, darunter ""Küchen und Hausgerät"" sowie ""Gutes Spielzeug"". 1954 war Gründungs- und Vorstandsmitglied des Arbeitsausschusses für Kinderspiel und Spelzeug ""spiel gut"" in Ulm, von 1959 bis 1977 Generalsekretärin des ""Internationalen Rats für Kinderspiel und Spielzeug"" in Ulm.",piz,female,+,
9332,Helene Dellingsberg,Helene Dellingsberg,,,Künstlerin? um 1900 (Wellingsberg?),piz,female,,
265423,Julius Ebner (Fotograf),Julius Ebner (Fotograf),,,"Julius Ebner war ein Wanderfotograf, der zunächst in Bern (1857 bis etwa 1860), dann in Zürich (um 1863) und später in München tätig war. (Quelle: https://foto-ch.ch/persons/detail/1135)",piz,male,+,
12726,Hieronymus Schuh,Hieronymus Schuh (1689-1757),1689,1757,"Professor der Theologie und Philosophie, 1733-1757 Abt des Klosters St. Georgen in Villingen",piz,male,+,http://d-nb.info/gnd/1089687087
19017,P. W. Preobrashenski (Fotograf),P. W. Preobrashenski (Fotograf),,,"Russischer Fotograf, bekannt durch Aufnahmen für den Moskauer Aerodynamiker Shukowski und von Flugversuchen Otto Lilienthals (1895)",piz,,+,
227275,Gottfried Basse (Firma),Gottfried Basse (Firma),,,"Buchhandlung, Druckerei und Verlag in Quedlinburgund Leipzig, 1808-1892",kif,,+,https://d-nb.info/gnd/1072945460
273657,Protos (Fotoatelier/Verlag),Protos (Fotoatelier/Verlag),,,Berliner Fotoatelier/Verlag. Zu Beginn des 20. Jahrhunderts in der Neuen Schönhauserstr. 16 tätig.,kif,,+,
58543,Publius Lurius Agrippa,Publius Lurius Agrippa,,,"""Münzmeister unter Augustus."" - https://ikmk.uni-freiburg.de/object?id=ID9623, 23.04.2019",piz,,+,
327784,MC Wismut Karl-Marx-Stadt,MC Wismut Karl-Marx-Stadt,,,"Motorsportclub der DDR, welcher im Jahr 1957 gegründet wurde.
Der Trägerbetrieb war die SDAG Wismut Karl-Marx-Stadt.",kiz,,+,
24107,Jungheinrich (Mühlenbesitzer),Jungheinrich (Mühlenbesitzer),,,Um 1897 Mühlenbesitzer in Pretzsch,piz,,+,
338742,Krankenhaus Sarata,Krankenhaus Sarata,,,"Krankenhaus in Sarata, welches in ganz Südbessarabien bekannt war. Es wurden nicht nur Deutsche, sondern alle Ethnien behandelt.",kio,,+,
146862,Franz Hoglowski,Franz Hoglowski,,,Grafiker zur Zeit des ersten Weltkrieges,piz,,+,
75380,Kamba Maiga,Kamba Maiga,,,"Kamba Maiga, geboren in der Nähe von Bandiagara, war ein Landarbeiter aus Mali, der während des Ersten Weltkriegs im Kriegsgefangenenlager Wünsdorf interniert war.",piz,male,+,
273944,"Moch & Stern, Kunstverlag München","Moch & Stern, Kunstverlag München",,,"Kunstverlag und Postkartenverlag, in München ansässig.",kif,,,
30085,B. Meyer (Müllerschüler),B. Meyer (Müllerschüler) (1879-),1879,,Geb. 05.02.1879; 1898 Auszubildender an der Deutschen Müllerschule Dippoldiswalde,piz,,+,
206814,Theo Becker,Theo Becker (1927-2006),1927,2006,"""Theo Becker (* 30. Januar 1927 in Haßloch (Pfalz); † 27. März 2006 in Deidesheim) war ein deutscher Önologe. Er wurde bekannt als Funktionär der Weinbruderschaft der Pfalz, der er fast 30 Jahre lang als Ordensmeister vorgestanden hat."" - (de.wikipedia.org 09.08.2022)",piz,male,+,
69840,J. Sreniz,J. Sreniz,,,Lithograph in Berlin. Nachgewiesen für Zeit um 1860,piz,,+,
60486,Pausanias (Abdera),Pausanias (Abdera),,,"""Magistrat in Abdera zwischen ca. 346 und 336 v. Chr.
Lit.: W. Leschhorn, Lexikon der Aufschriften auf griechischen Münzen II (2009) 750."" - https://ikmk.smb.museum/object?id=18243205, 26.04.2019",piz,male,+,
310734,Hermann Lass (Druckerei),Hermann Lass (Druckerei),,,Druckerei in Potsdam (nachgewiesen 1936),kif,,+,
148965,Deutsches Rotes Kreuz - Landesverband Nordrhein,Deutsches Rotes Kreuz - Landesverband Nordrhein,,,Landesverband des Deutschen Roten Kreuzes.,kiz,,+,
199925,Margarete Frauer,Margarete Frauer (1919-),1919,,Keramikerin,piz,female,+,https://d-nb.info/gnd/1192798813
179270,Werner Böhmer GmbH,Werner Böhmer GmbH,,,Maschinenfabrik in Sprockhövel,kif,,+,
91199,Sala-Spiele,Sala-Spiele,,,Spielehersteller in Berlin,kif,,+,
324665,Magdalena Pollich,Magdalena Pollich (1906-),1906,,"geb. Pascht, lebte in Weprowatz",piz,female,+,
62812,P. Cotta Ba...,P. Cotta Ba...,,,"""Ein Duumvir P Cotta Ba [...] erscheint zusammen mit dem bisher nicht identifizierten Sisenna PRO COS auf möglicherweise aus Sizilien stammenden Geprägen unter Augustus (zusammen mit Statius Flaccus).
Im sizilischen Tyndaris (?) erscheint ein P. Cotta zusammen mit einem L. Stati(ius), ebenfalls unter Augustus.
Lit.: RPC I 179 Nr. 668; RPC Supplement I (1998) Nr. 627 corr. (verweist auf mögliche griechische Herkunft); W. Leschhorn, Lexikon der Aufschriften auf griechischen Münzen II (2009) 918 (dito)."" - https://ikmk.smb.museum/object?id=18263668, 22.08.2018",piz,male,+,
62855,Weißenfelser Porzellanfabrik,Weißenfelser Porzellanfabrik,,,"In Weißenfels gab es zwischen 1827 und ca. 1870 eine Porzellanfabrik. Ein genaues Schließungsjahr ist nicht bekannt. Im Weißenfelser Adressbuch wird sie noch 1872 angegeben. Tobias Albert, der in Thüringen als Blau- und Buntmaler, später als Porzellanmaler arbeitete, gründete 1800 seine erste Manufaktur in Pösneck. Nach seinen Tod übernahmen seine Schwiegersöhne Ernst Louis Schenk und Gustav Heinrich Leers die Fabrik. Die Fabrik befand sich in der Leipziger Straße 8/10.",kif,,+,
271461,Johann Zimmermann Maschinenfabrik,Johann Zimmermann Maschinenfabrik,,,Maschinenfabrik in Chemnitz.,kif,,+,
157007,Lorenz Hanewinkel,Lorenz Hanewinkel (1931-),1931,,"Lorenz Hanewinkel zählt heute zu den bedeutendsten Pionierleistungen im Bereich Entwicklung elektronischer Rechengeräte. Nach der Lehre zum Rundfunkmechaniker und dem Studium der Physik an der Technischen Hochschule Aachen war er an der praktischen Erprobung von Bauelementen und Schaltungen in der 1949 gegründeten Zuse KG tätig. Hier konstruierte er einen auf Elektroröhren und später Halbleitern basierenden, äußerst zuverlässigen Computer, die Zuse Z22.",piz,male,+,
339410,Winterstein,Winterstein,,,"Deutscher Maler. 1756-58 nachgewiesen in Diez. Porträtmaler. Möglicherweise Angehöriger der Malerfamilie Winterstein aus Hadamar. Sehe auch Winterstein, R. F.",piz,,+,
269917,Ralf Irmer,Ralf Irmer,,,"Verfasser in Freiberg, 1994 nachgewiesen",piz,male,,
34274,Monogrammist AB (Medailleur),Monogrammist AB (Medailleur),,,"Medailleur, nachgewiesen nach 1861 als Hersteller einer Medaille mit einer Darstellung von Justinus Andreas Christian Kerner (1786-1862)",piz,male,+,
43275,Fotoatelier Alfr. Schreiber,Fotoatelier Alfr. Schreiber,,,"Fotoatelier in
- Jarmen",kif,,+,
328328,Lotta Lehtikari,Lotta Lehtikari (1974-),1974,,"Lotta Elisa Lehtikari (* 16. Oktober 1974 in Kouvola ) ist eine finnische Schauspielerin und Rosentherapeutin. Sie begann im Alter von 13 Jahren mit der Schauspielerei im Jugendtheater und während ihrer Schulzeit begann sie Anfang der 1990er Jahre ihre Karriere am Kouvola-Theater. Nach der High School wurde sie nach einem einjährigen Schauspielkurs im ersten Anlauf an der Theaterakademie Helsinki aufgenommen, die sie im Jahr 2000 mit einem Master-Abschluss in Theaterwissenschaften abschloss.
Quelle: https://fi.wikipedia.org/wiki/Lotta_Lehtikari (Stand: 20.06.2025)

GND: 1074432223",piz,female,+,
270858,Kunstverlag Friedr. Hollerbaum,Kunstverlag Friedr. Hollerbaum,,,Kunstverlag in Brandenburg a. Havel (um 1900).,kif,,+,
18199,"Marzipanfabrik Kurt Gehlhaar, Königsberg","Marzipanfabrik Kurt Gehlhaar, Königsberg",,,Die Firma Gehlhaar wurde 1912 von Kurt Gehlhaar in Königsberg gegründet. Sein Sohn eröffnetet nach dem 2.Weltkrieg ein Fachgeschäft in Wiesbaden.,kif,,+,
270316,Tischlergewerk Havelberg,Tischlergewerk Havelberg,,,Berufsständische Verenigung der Tischler in Havelberg von 1722 bis 1886,kiz,,+,
332734,Elisabeth Georgs,Elisabeth Georgs,,,1949 CDU-Mitglied in Neuruppin,piz,female,+,
7045,August Weber Nachf. (Verlag),August Weber Nachf. (Verlag),,,Verlag in Nienburg a. d. Saale,kif,,+,
181208,Robert Haas,Robert Haas,,,"Entdecker eines fränkischen Plattengrabs 1974/75 in Fußgönheim, RLP
Speyrer Str., Fußgönheim",piz,male,+,
188883,Frida Meissner,Frida Meissner,,,"Verfasste ein ""Studenten-Kochbuch""",piz,female,+,https://d-nb.info/gnd/126388385
64098,Dieter Dessauer,Dieter Dessauer (1994-),1994,,Grafiker und Schriftsetzter.,piz,male,+,
341837,Samuel Selle,Samuel Selle,,,"Danziger Maler. Geboren um 1719, gestorben nach 1769. Tätig in Danzig, Porträt- und Wappenmaler, Miniaturmaler.",piz,,+,
33783,Hans Schmidt (Goldschmied),Hans Schmidt (Goldschmied),,,"Leipziger Goldschmied, nachgewiesen 1627/29, auch: Hans Schmied.",piz,male,+,
148959,Hilde Peters,Hilde Peters,,,Lebte (mindestens 1942-1961 )in Oberhausen-Sterktade,piz,female,+,
56009,Rheinischer Kunstverlag Düsseldorf,Rheinischer Kunstverlag Düsseldorf,,,Kunstverlag in Düsseldorf. Nachgewiesen für Zeit um 1930-1933,kif,,+,
239245,Franz Trommer (Druckerei),Franz Trommer (Druckerei),,,Druckerei in Greiz,kif,,+,
24662,Hans Thiel,Hans Thiel (1895-),1895,,"Geboren 1895 in Kladne (Prag), Böhmen (Österreich-Ungarn). Student der Rechtswissenschaft und Kriegsfreiwilliger 1914.",piz,male,+,
4243,Fotoatelier Alfred Matthaey Dresden,Fotoatelier Alfred Matthaey Dresden,,,"Fotoatelier
- Dresden, Chemnitzer Str. 37",kif,,+,
74411,Klaus Neubert,Klaus Neubert,,,Industrieformgestalter,piz,,+,
68705,Jaroslav Kocian (Teschen),Jaroslav Kocian (Teschen),,,Verfasste 2010 eine Magisterarbeit an der Sleska Universita in Opava über Fotografen vor 1945 in Teschen.,piz,male,+,
230212,Susanne Harder (Fotografin),Susanne Harder (Fotografin) (1916-1999),1916,1999,Susanne Harder war Fotografin.,piz,female,+,https://d-nb.info/gnd/1328165981
313803,Robert Fricke (Architekt),Robert Fricke (Architekt),,,"Architekt in Wuppertal-Elberfeld, erwähnt 1929 und 1938",piz,male,+,
5426,Stadttheater Greifswald,Stadttheater Greifswald,,,1994 im Theater Vorpommern aufgegangen.,kiz,,+,
190054,Berthold Bing,Berthold Bing (1871-),1871,,"""Fotograf in Wien, emigrierte Dez. 1939 in d. USA"" - gnd, 14.12.2021",piz,male,+,https://d-nb.info/gnd/1023036061
72760,Mathias Mittermayer (Münzmeister),Mathias Mittermayer (Münzmeister),,,"""Mittermayer, Mathias
Münzmeister in Wien im Jahre 1705 und von 1707 bis 1708.
Signiert mit MM.
Lit.: L. Herinek, Österreichische Münzprägungen von 1657-1740 (1972) 169."" - https://ikmk.smb.museum/ndp/person/8644, 19.07.2020",piz,male,+,
193007,"Verlagsanstalt Benziger & Co. A-G, Einsiedeln","Verlagsanstalt Benziger & Co. A-G, Einsiedeln",,,"Unter dem Namen Benziger bestehen heute verschiedene Unternehmen der Buchhandels- und Verlagsbranche mit gemeinsamem Ursprung. 
Im 18. Jahrhundert begann die Familie Benziger im innerschweizerischen Marienwallfahrtsort Einsiedeln

""Unter dem Namen Benziger bestehen heute verschiedene Unternehmen der Buchhandels- und Verlagsbranche mit gemeinsamem Ursprung."" - (Wikipedia (de) 15.02.2022)",kif,,+,
199416,Friedrich Funcke (Bergrat),Friedrich Funcke (Bergrat) (1855-1946),1855,1946,"Bergrat, Generaldirektor und Vorstandsmitglied der Gelsenkirchener Bergwerks-AG, 22.10.1855 - 27.04.1946.",piz,male,+,
184003,Carl August Steuber (Druck und Verlag),Carl August Steuber (Druck und Verlag),,,Druckerei und Verlag in Lippstadt.,kif,,+,
21352,P. Ipsens Enke Kgl. Hof Terracottafabrik,P. Ipsens Enke Kgl. Hof Terracottafabrik,,,"1843 gegründete königliche Hof-Terrakottafabrik in Kopenhagen, bestand bis 1955",kif,,+,http://d-nb.info/gnd/4701921-9
131809,Johann Friedrich Wilhelm Kieser,Johann Friedrich Wilhelm Kieser (1783-1858),1783,1858,Johann Friedrich Wilhelm Kieser war ein deutscher Mathematiker und Rektor der Realanstalt in Stuttgart. (leo-bw.de 02.09.2020),piz,male,+,https://d-nb.info/gnd/116169451
343079,Marktgemeinde Neumarkt an der Ybbs,Marktgemeinde Neumarkt an der Ybbs,,,Die Marktgemeinde Neumarkt an der Ybbs als Gebietskörperschaft und ihre Verwaltung.,kio,,+,
66476,Leopold Renz,Leopold Renz,,,"Musikinstrumentenbauer, nachgewiesen für 1920er Jahre.",piz,male,+,
243513,Adolph Huster,Adolph Huster,,,"Restaurantbesitzer in Berlin (Englisches Haus), ab 1867 Hof-Traiteur, die Firma ""A. Huster"" behielt ihren Namen auch nach dem Ausscheiden des Gründers.",piz,male,+,
166118,Pisos (Pitana),Pisos (Pitana),,,"""Pisos
Magistrat (?) in Pitane/Mysien zwischen ca. 350 und 200 v. Chr.

Lit.: W. Leschhorn, Lexikon der Aufschriften auf griechischen Münzen II (2009) 757."" - https://ikmk.smb.museum/ndp/person/11761",piz,male,+,
74031,Stadt Freiberg,Stadt Freiberg,,,Die Stadtgemeinde Freiberg in Sachsen als Gebietskörperschaft sowie ihre Verwaltung,kio,,+,
235459,Brauerei Schrempp-Printz AG,Brauerei Schrempp-Printz AG,,,Brauerei Schrempp-Printz AG in Karlsruhe ist 1977 als Braustätte Karlsruhe der Binding-Brauerei AG Frankfurt/Main geschlossen worden.,kif,,+,
72761,Johann J. Preiss (Münzmeister),Johann J. Preiss (Münzmeister),,,"""Preiss, Johann J.
Münzmeister in St. Veit von 1705 bis 1711.
Preiss signiert mit IP.
Lit.: L. Herinek, Österreichische Münzprägungen von 1657-1740 (1972) 169."" - https://ikmk.smb.museum/ndp/person/8645, 09.06.2024",piz,male,+,
277726,August Gutzer,August Gutzer,,,Fotograf in Ludwigshafen (nachgewiesen 1986),piz,male,+,
342170,"Carl Warnecke, Druckerei-Großbetrieb","Carl Warnecke, Druckerei-Großbetrieb",,,"Druckerei in Halle/Saale, nachgewiesen u. a. 1937",kif,,+,
350457,"Луковніков, М.М.",М.М. Луковніков (1933-2016),1933,2016,проходив службу на космодромі Байконур у 1965-2016 рр.,piz,male,-,
125295,Arno Hauke,Arno Hauke,,,"Arno Hauke war Bäcker in Bitterfeld. Im Jahre 1928 übernahm er das Geschäft von seinem Vater Albert Hauke. Hauke war seit Anfang der 1920er Mitglied der Bitterfelder Schützengilde, deren Schützenkönig er im Jahre 1930 wurde.",piz,male,+,
2578,Walter Godeck,Walter Godeck (-1896),,1896,"Schauspieler (1876 ? - 10. 12.1896 Paris), Kinderrollen am Meininger Theater.
Eltern: Otto Godeck (1838 - 1892) und Adelheid Godeck (1842 - 1885)",piz,male,+,
251653,Friedrich Heininger,Friedrich Heininger (1890-),1890,,"Gymnasiallehrer (Deutsch, Latein, Geschichte)
geb. 27.4.1890 Bunzlau
1918–1926 Oberlehrer am Gymnasium Görlitz, ab 1926 Studiendirektor am Gymnasium Prenzlau

Quelle: Personalblatt im Archiv der Bibliothek für Bildungsgeschichtliche Forschung Berlin, Nr. 82010, https://archivdatenbank.bbf.dipf.de/actaproweb/archive.xhtml?id=Vz++++++b81f2fe7-1d0f-4ac4-8577-472e84ca2165&parent_id=#Vz______b81f2fe7-1d0f-4ac4-8577-472e84ca2165 (abgerufen 29.11.2023)",piz,male,+,https://d-nb.info/gnd/1143984420
245438,Ferdinand Eduard Abt,Ferdinand Eduard Abt (1841-1872),1841,1872,Schwäbisch Gmünd 1841 - Stuttgart 1872,piz,male,+,
184306,Bielefelder Liedertafel,Bielefelder Liedertafel,,,"Ein Gesangverein, der in Bielefeld ansässig war. Gegründet 1844",kim,,+,
124396,Metrodoros (Abydos),Metrodoros (Abydos),,,"""Metrodoros
Magistrat in Abydos/Troas zwischen ca. 375 und 325 v. Chr.
Lit.: W. Leschhorn, Lexikon der Aufschriften auf griechischen Münzen II (2009) 684; Th. Corsten, A Lexicon of Greek Personal Names VA Coastal Asia Minor: Pontos to Ionia (2010) s. v. Metrodoros (574)."" - https://ikmk.smb.museum/ndp/person/9967, 17.06.2020",piz,,+,
332240,Georg Fritsch,Georg Fritsch,,,Teilnehmer am WK 1. Drei Auszeichnungen,piz,male,,
335225,Bühler Hemglunkerle e.V.,Bühler Hemglunkerle e.V.,,,Die Bühler Hemglunkerle e.V. ist seit 1980 ein gemeinnütziger Verein zur Pflege fasnachtlichen Brauchtums in Bühl (Baden) und ist Mitglied im Ortenauer Narrenbund (ONB).,kiz,,+,
129778,"Fa. E. Reuter, Baukastenfabrik","Fa. E. Reuter, Baukastenfabrik",,,"Familienunternehmen in Blumenau/Sachsen, gegr. 1860 v. Carl Julius Reuter; existierte von 1860-1972",kif,,+,
263636,Hilla Steinert,Hilla Steinert,,,Tänzerin und Performancekünstlerin (nachgewiesen 2016),piz,female,+,
186737,Stadt Soest,Stadt Soest,,,"Verwaltung der Stadt Soest.

""Soest (gesprochen [zoːst] mit Dehnungs-e; Soest?/i, westfälisch Saust) ist die Kreisstadt des gleichnamigen Kreises im Regierungsbezirk Arnsberg in Nordrhein-Westfalen. Auf halbem Wege zwischen Dortmund und Paderborn, in der fruchtbaren Soester Börde, leben in der Stadt 47.206 Einwohner (31. Dezember 2020). Neben der Kernstadt mit mehr als 40.000 Einwohnern verteilt sich die übrige Bevölkerung auf die umliegenden Stadtteile."" - (Wikipedia (de) 26.10.2021)",kio,,+,
232972,Jakob Friedrich Ebner,Jakob Friedrich Ebner (1783-1865),1783,1865,"""Jakob Friedrich, geb. Stuttg. 3. 1. 1783, + Ulm 2.1.1865, Buchhändler in Ulm, kop. Ulm 10.9.1822 Sibylla Sofie geb. Krämer, geb. U. 30.1.1802, + 2.5.1851, Tochter von Georg Peter Kr., Maurermeister und M. Barbara, geb. Kiderlen."" - https://www.forschergruppe-oberschwaben.de/wp-content/uploads/2017/06/Stammbaum-der-w%C3%BCrttembergischen-Familie-Ebner.pdf, Tafel VIII",piz,male,+,
285028,Fotoatelier H. Heidinger,Fotoatelier H. Heidinger,,,"Fotoatelier in
- Berlin N.W., Kruppstr. 12",kif,,+,
198032,Wissenschaftliche Antiquitäten & Antiquariat Dr. John Wilcockson,Wissenschaftliche Antiquitäten & Antiquariat Dr. John Wilcockson,,,Antiquariat in Marburg,kif,,+,
207200,Frau von Brentano,Frau von Brentano (1740-),1740,,Schriftstellerisch tätige Dame aus Winterthur,piz,female,-,
164513,Kurt Ferdinand Wolfgang von Pantz,Kurt Ferdinand Wolfgang von Pantz (1903-2003),1903,2003,"""Sohn von Freiherr Ferdinand Maximilian von Pantz und Anna von Pantz, Bruder von HUBERT Ferdinand Anton Baron von Pantz"" - 
https://www.geni.com/people/KURT-Ferdinand-Wolfgang-von-Pantz/6000000000100859283",piz,male,+,
42514,Gudrun Willenbockel,Gudrun Willenbockel (1960-),1960,,Paramentenkünstlerin in Magdeburg,piz,female,+,
207887,Ostdeutsche Spritfabrik,Ostdeutsche Spritfabrik,,,"Um 1900 Hersteller von Spirituosen in Berlin-Mitte (früher Burg Straße 1e).

Im Bundesarchiv sind unter der Signatur BArch R 907/9881 Geschäftsberichte und der Gesellschaftsvertrag zu finden.",kif,,+,
115852,Lina Magnus (Kreiskrankenhaus Wolmirstedt),Lina Magnus (Kreiskrankenhaus Wolmirstedt),,,"Leiterin der Küche im Kreiskrankenhaus Wolmirstedt
Anfang 20. Jh.",piz,female,+,
120182,"Carpantiers, Adrien",Adrien Carpantiers (1739-1778),1739,1778,"""Also known as Adrien Carpantiers, primary name: Carpantiers, Adrien, other name: Carpantiers, Adriaen 
Details: individual; painter/draughtsman; British; Male 
Life dates: 1739 fl.-1778 
Biography: Portrait painter. Possibly born in Flanders, lived in England from 1839, in London from 1760; friend of Roubiliac and Zuccarelli."" - https://www.britishmuseum.org/collection/term/BIOG200275, 22.06.2020",piz,male,+,
23424,Otto Hommel (Mühlenbesitzer),Otto Hommel (Mühlenbesitzer),,,Um 1912 Besitzer einer Mahlmühle in Mühlwand,piz,,+,
169305,Elisabeth Sohre,Elisabeth Sohre,,,"Gattin des Oswald Sohre, Mitinhaber der ""Lederfabrik Heinrich Berger & Co."" in Freital bei Dresden.",piz,female,+,
266020,Johann Gottlob Hellwig,Johann Gottlob Hellwig (1689-1757),1689,1757,"Pfarrer in Großschönau 1729-1757
Namensvariante: Helwig
* 03. Juni 1689 in Zittau - † 16. November 1757
Pfarrstellen
1721 Pfarrer in Wittgendorf
1729 1. Stelle (Pfarrer) in Großschönau
Hellwig, Karl Gotthelf (Pfarrer)",piz,male,+,
209398,Becker-Druck (Ober-Ramstadt),Becker-Druck (Ober-Ramstadt),,,Druckerei in Ober-Ramstadt,kif,,+,
13146,Clavigo (Figur in Goethes Clavigo),Clavigo (Figur in Goethes Clavigo),,,Figur in Goethes Clavigo.,pxl,,+,
19592,Martha Roselieb,Martha Roselieb,,,1946 im Gebiet des späteren Bezirks Magdeburg ansässig,piz,female,+,
154195,Heißmangelbetrieb Scholz (Niederndodeleben),Heißmangelbetrieb Scholz (Niederndodeleben),,,"Heißmangelbetrieb Scholz (Niederndodeleben)

Nachweis für 1970",kif,,+,
2482,Johann Georg Müller (Drucker),Johann Georg Müller (Drucker) (-1805),,1805,Drucker und Verleger in Schmalkalden,piz,male,+,
11264,Hermann M. Heller,Hermann M. Heller (1866-),1866,,"Maler und Zeichner, 1866 in Wien geboren",piz,male,+,
22533,Leipziger Kunstdruckerei N. Leff,Leipziger Kunstdruckerei N. Leff,,,"Druckerei in Leipzig, belegt 1. H. 20. Jh.",kif,,+,
21400,Lehmann (Familie in Templin),Lehmann (Familie in Templin),,,"Templiner Familie, 2. H. 19./1. H. 20. Jh.",pif,,+,
93017,Preblauer Heil und Mineralwasser Gmbh.,Preblauer Heil und Mineralwasser Gmbh.,,,"Unternehmen in Kärnten, Österreich.",kif,,+,
210950,Christoph Seeberger,Christoph Seeberger (1811-1881),1811,1881,Kaufmann in Ulm. Seeberger betrieb seit dem 6. Oktober 1844 die von Christoph Erhard Bürglen gegründete Kolonialwarenhandlung in der Pfluggasse in Ulm. Damit legte er den Grundstein für die heutige Seeberger GmbH.,piz,male,+,
336658,Ed. Hölzermann (Verlag),Ed. Hölzermann (Verlag),,,Ansichtskartenverlag in Köln um 1905,kif,,+,
74678,Karl Martens (Holzwickede),Karl Martens (Holzwickede),,,"Künstler, nachgewiesen für die Zeit 1952 und um die Region Holzwickede.",piz,male,+,
274353,Lienhart Pantzer,Lienhart Pantzer (-1617),,1617,"Deutscher Maler. Geboren um 1590/1591 in Nürnberg, tätig in Würzburg. Porträt- und Historienmaler, Schuler des Martin Beheim.",piz,male,+,
213773,Knackstedt & Näther Lichtdruckerei,Knackstedt & Näther Lichtdruckerei,,,Lichtdruckerei in Hamburg (um 1900),kif,,+,
217446,Adolf Sliwinski,Adolf Sliwinski,,,"Adolf Sliwinski war ein deutscher Verleger und leitete den Felix Bloch Verlag in Berlin
(Quelle: https://de.wikipedia.org/wiki/Felix_Bloch_Erben, 20.2.2023)",piz,male,+,https://d-nb.info/gnd/11742725X
274142,Annaburger Nutzfahrzeug GmbH,Annaburger Nutzfahrzeug GmbH,,,Hersteller von Spezialanhängern für die Landwirtschaft (nachgewiesen 2022),kif,,+,
146658,"Buchdruckwerkstätte Tölle und Co., Detmold","Buchdruckwerkstätte Tölle und Co., Detmold",,,Druckerei in Detmold.,kif,,+,
313300,Münchner Buchgewerbehaus M. Müller & Sohn KG,Münchner Buchgewerbehaus M. Müller & Sohn KG,,,Nachgewiesen in München 1936,kif,,+,
68548,Fotoatelier Mendelsohn,Fotoatelier Mendelsohn,,,"Fotoatelier in
- Posen, Wilhelmsstrasse 10 (belegt für 1872)

Das Adressbuch der Stadt Posen für das Jahr 1872 gibt auf S. 35, in der Sektion ""Photographen"" an: ""Mendelsohn, Wilhelmstr. 10"" - https://ia800902.us.archive.org/0/items/Posen/1872%20Adre%C3%9Fbuch%20der%20Stadt%20Posen.pdf, 03.05.2019",kif,,+,
267821,Freier Verlag Berlin,Freier Verlag Berlin,,,"Freier Verlag, Verlag um 1900 in Berlin, stellte u.a. Panorama-Karten her (""Scherner Panoramen"")",kif,,+,
150027,Wilfried Lübeck,Wilfried Lübeck (1943-),1943,,Historiker aus Groß Ammensleben,piz,male,+,https://d-nb.info/gnd/139476164
282746,Annekathrin Näser,Annekathrin Näser,,,Lebte in den 1980er Jahren in Crimmitschau.,piz,female,+,
274788,J. S. Mulder,J. S. Mulder,,,Schiffsportrait-Maler des ausgehenden 19. Jahrhunderts.,piz,,,
329592,F. Wöhrmann (Ansichtskartenverlag),F. Wöhrmann (Ansichtskartenverlag),,,Ansichtskartenverlag in Celle,kif,,,
344799,Ulrich Malchau,Ulrich Malchau (1944-),1944,,deutscher Mediziner,piz,male,+,https://d-nb.info/gnd/1145821936
30123,Wilhelm Samuel Weigelt,Wilhelm Samuel Weigelt (1816-1897),1816,1897,"Im Januar 1842 übernahm Wilhelm Samuel Weigelt bis ins Jahr 1865 die Verantwortung für die Kunstgussabteilung. Weigelt, am 29. Juli 1816 in Stargard (Pommern) geboren, in Koblenz aufgewachsen, 1834 Lehrling bei Heinrich Zumpft in der Sayner Hütte, weiter ausgebildet bei den Bildhauern Imhoff in Köln und Scholl in Mainz, besuchte ab Oktober 1838 die Akademie der Künste in München. 1841 bewarb er sich mit zwei von ihm entworfenen Wachsreliefs bei den Behörden in Berlin auf die Stelle des Chefmodelleurs der Sayner Hütte, die er am 1. Januar 1842 auch antritt. Bei den Wachsreliefs handelt es sich einmal um die Darstellung von Schloss Stolzenfels sowie um die in den Jahren 1831-1839 erbaute Pfarrkirche in der Au bei München (heute: Mariahilfplatz, im Stadtteil Au, in München). Er schuf in den folgenden Jahren die Modelle zu den Sayner Neujahrsplaketten und entwarf im Auftrag des Fürsten Ludwig Adolph Friedrich zu Sayn-Wittgenstein-Sayn im Jahre 1859 für das Grabmal des Grafen Heinrich III., nach dem Vorbild der Laacher Tumba des Pfalzgrafen Heinrich, eine Sandsteintumba im neugotischen Stil mit kleinem gusseisernen Baldachin. Während der Tätigkeit Weigelts auf der Sayner Hütte wendet man sich bereits schwerpunktmäßig dem Guss von Grabmälern, Gittern, Wendeltreppen und Öfen zu. So soll Weigelt u. a. die Modelle für die Wendeltreppe in der Kapelle von Schloss Stolzenfels und an den Gussarbeiten für Schloss Sayn (Fenstergewände, Brunnen, Treppen, Geländer) maßgeblich beteiligt gewesen sein. Nach dem Verkauf der Hüttenanlage an den Geheimen Kommerzienrat Alfred Krupp, wird Weigelt am 1. Juli 1865, als Nachfolger des Friedrich Wilhelm Ludwig Beyerhaus, an die Gießerei in Gleiwitz (Oberschlesien) versetzt, wo er als Modelleur tätig ist. Da die Kunstgussabteilung in Gleiwitz immer weniger zu tun hat, muß Weigelt sich auf die Fertigung von Modellen für den Bau- und Maschinenguss umstellen. 1872 wird Weigelt entlassen und die seit 1798 eingerichtete Kunstgussabteilung der Gleiwitzer Hütte aufgelöst. 1874 zieht er mit seiner Familie nach Lüneburg, wo er am 16. März 1897 stirbt.",piz,male,+,
156908,Wolfgang Bouvié,Wolfgang Bouvié,,,Bildhauer in Berlin.,piz,male,+,
311439,August Kahle,August Kahle (1869-1959),1869,1959,"Landschafts- und Genremaler, stammte aus Brandenburg an der Havel, Sohn eines verarmten Tuchfabrikanten. Schüler der Berliner Akademie, in Berlin ansässig. 1896 Eheschließung, kinderlos. 1902 Mitglied des Vereins Berliner Künstler, Lehrer an der Zeichen- und Handwerkerschule in Berlin-Charlottenburg. Zwischen 1895 und 1925 häufig auf der Berliner Kunstausstellung vertreten, 1907 auf der Kunstausstellung München. Flächig aufgefasste Landschaftsgemälde meist freier Erfindung im norddeutschen Charakter mit Heideflächen, markanten Baumstämmen und Seen – von Eugen Bracht beeinflusst. Kaum künstlerische Entwicklung. Teilweise signierend. Ein Gemäldekonvolut (einige Landschaften, ein Stillleben, Selbstporträt und Porträt der Ehefrau als Gegenstücke) in Privatbesitz, verstreut im regionalen Kunsthandel. [kl-bb]",piz,male,+,
153673,Walter Schmengler,Walter Schmengler (1889-),1889,,"Geboren am 01.09.1889 in Schleibnitz, Kreis Wanzleben.
Beruf: Bäckermeister
Inhaber einer Bäckerei in Groß Rodensleben.",piz,male,+,
87456,Hotel Restaurant Mirabell (Salzburg),Hotel Restaurant Mirabell (Salzburg),,,"Restaurant in Auerspergstrasse 4, Salzburg, Salzburg 5020",kif,,+,
18271,Wolfgang Robert Schwarz (Firma),Wolfgang Robert Schwarz (Firma),,,"Unternehmen in Berlin, st. 1926",kif,,+,
184632,Alfred Hackländer,Alfred Hackländer (1907-1968),1907,1968,"Das Malen begann Alfred Hackländer mit 12 Jahren, er erlernte das Malerhandwerk, machte seinen Meister 1937. Privatunterricht im Zeichnen bekam der talentierte Solinger von Professor Paul Wönne (1880 bis 1952), Lehrer an der Fachschule für die Stahlwarenindustrie. Seit den 30er Jahren entstanden dem Realismus, später auch dem Postimpressionismus verpflichtete Zeichnungen, Aquarelle, Pastell-Bilder und handwerklich perfekte Ölgemälde. Sie zeigen idyllische Landschaften, Stadt- und Wintermotive, szenische Straßenbilder aus Solingen, daneben aber auch Blumenstücke und Porträts.",piz,male,+,
195300,Friedrich Metz Verlag,Friedrich Metz Verlag,,,Verlag in Darmstadt. Nachgewiesen für Zeit um 1834.,kif,,+,
291380,Stadt Köln,Stadt Köln,,,"""Köln (kölsch Kölleⓘ/?) ist eine kreisfreie Stadt im Land Nordrhein-Westfalen mit rund 1 Million Einwohnern. Sie ist die bevölkerungsreichste Gemeinde des Bundeslandes und die viertgrößte Deutschlands.

Die Stadt am Rhein gehört zum Regierungsbezirk Köln, dessen Verwaltungsbehörde hier ihren Sitz hat. Die Region Köln/Bonn ist das Zentrum des Ballungsraums zwischen Kölner Bucht und Oberbergischem Land mit rund vier Millionen Einwohnern. Zudem ist Köln das rheinische Bevölkerungszentrum der Metropolregion Rheinland mit 8,7 Millionen Einwohnern und Teil der Metropolregion Rhein-Ruhr mit 10,2 Millionen Einwohnern."" - (Wikipedia (de) 23.02.2025)",kio,,+,
330581,Gottlob Friedrich Wilhelm von Hardenberg,Gottlob Friedrich Wilhelm von Hardenberg (1728-1800),1728,1800,Statthalter und Landkomtur des Deutschen Ordens der Ballei Sachsen in Lucklum. Älterer Bruder von Heinrich Ulrich Erasmus und Onkel von Friedrich von Hardenberg.,piz,male,+,
129042,Nachfolger des Bartolomeo Passarotti,Nachfolger des Bartolomeo Passarotti,,,"Der Kreis derer, die Bartolomeo Passarottis Werk weiterführten.",siu,,+,
140826,Sabine Trebinjac,Sabine Trebinjac,,,Nachgewiesen 1988/89,piz,female,,
23817,Klostermühle (Jordan),Klostermühle (Jordan),,,Historische Wassermühle in Jordan im damaligen Kreis Züllichau-Schwiebus in der Provinz Brandenburg,kif,,+,
15571,Franz Coppenrath (Verlag),Franz Coppenrath (Verlag),,,Verlag in Münster (Westfalen),kif,,+,
280678,Harry Kunz,Harry Kunz (1911-),1911,,Riesaer Künstler (nachgewiesen 1951),piz,male,+,
349189,Jean Baptiste Massard,Jean Baptiste Massard (1740-1822),1740,1822,französischer Kupferstecher,piz,male,+,
116296,Tobias Kannengießer,Tobias Kannengießer (1662-),1662,,Prenzlauer Zinngießer,piz,,+,
344863,A. Geisel,A. Geisel,,,"Schriftsteller, Wirken belegt um 1915 in Wagenschwend",piz,,,https://d-nb.info/gnd/114975320X
56287,Ruth-Maria Olivar,Ruth-Maria Olivar,,,Malerin in Berlin-Lichterfelde.,piz,female,+,
3759,Schieferdecker (Firma),Schieferdecker (Firma),,,"Zwischen 1881 und 1916 im Gebäude am Markt 5 (auch 5a, später 5b) in Bitterfeld mit unterschiedlichem Gewerbe und in unterschiedlichen Besitz. U. a. Spielwarenhandel, Galanteriehandel, Delikatesswaren, Weinhandlung, Kolonialwaren, Vorkostgeschäft.",kif,,+,
165906,Claudius Sekundos (Erythrai),Claudius Sekundos (Erythrai),,,"""Cl(audius) Sekundos
Stratege in Erythrai/Ionien unter Antoninus Pius.
Erscheint teilweise auch ohne Vorname.
Lit.: W. Leschhorn, Lexikon der Aufschriften auf griechischen Münzen II (2009) 801."" - https://ikmk.smb.museum/ndp/person/11465, 22.11.2021",piz,,+,
25256,Turk & Bolte,Turk & Bolte,,,Die Firma Turk & Bolte aus Iserlohn war auf die Fertigung häuslicher Gebrauchsgegenstände spezialisiert. Sie wurde 1987 vom Sanitärhersteller Keuco übernommen.,kif,,+,
186413,Robert Seydel & Söhne,Robert Seydel & Söhne,,,Atelier für Musterzeichnen in Chemnitz.,kif,,+,
21577,A. Hauss (Architekt),A. Hauss (Architekt),,,"Berliner Diplom-Ing. / Architekt (nachgewiesen 1988)
Hauss und Rubbel Architekten",piz,male,+,
203529,Gregor Brommer,Gregor Brommer (1901-1984),1901,1984,"Ehemaliger Gemeinderechner von Kappelwindeck, später bei der Stadtkasse Bühl angestellt, mit Elsa Monika Stisi (03.06.1907 in Wyhlen - Hochrhein, wohnhaft in Sinsheim - Elsenz). Hochzeit am 10.04.1929 in Kappelwindeck, katholisch getraut in St. Maria Kappelwindeck, Wohnung Klotzberbgstraße 1 (altes Rathaus) Kappelwindeck.",piz,male,+,
