186196,Johannes Fettback,Johannes Fettback (1862-),1862,,"geboren 22. Mai 1862 Ziegenrück, Studium in Halle/Saale bei Cornelius, Doebner, Haym, Knoblauch Oberbeck Volhard und Berlin bei Consentius Hertzer, Hirschwald, Hörmann, Liebermann, Paalzow Sell, Vogel, H. Weber, Weeren",piz,male,+,
228269,Hugo Leidel,Hugo Leidel (1854-1911),1854,1911,Vergolder und Modelleur in Berlin,piz,male,+,
334932,August Kolleffel,August Kolleffel (1719-1772),1719,1772,Klingenschmied aus Ravensburg.,piz,male,+,
34558,Leuconide-Metallwarenfabrik & -handlung J. P. Kayser Sohn,Leuconide-Metallwarenfabrik & -handlung J. P. Kayser Sohn,,,Metallverarbeitendes Unternehmen in Krefeld (Kaiser-Zinn),kif,,+,http://d-nb.info/gnd/2071729-5
142008,Johann Tobias Baur,Johann Tobias Baur,,,Silberschmied des 18. Jahrhunderts im Elsaß,piz,male,+,
312749,"Hermann Kleemann (Maler, Bad Sachsa)","Hermann Kleemann (Maler, Bad Sachsa) (1887-1957)",1887,1957,"geb. 24.09.1887 Nordhausen, gest. 12.07.1957. Bad Sachsa, Am Kurpark 8, Maler von Jagd- und Tierbildern.",piz,male,+,
184414,Ernst Peter Ruhrig,Ernst Peter Ruhrig (1877-),1877,,"Deutscher Maler, wahrscheinlich Jahrgang 1877. Mehr nicht bekannt.",piz,male,+,
231988,Haug & Cie. (Verlag),Haug & Cie. (Verlag),,,Verlag und Buchhandlung von Karl Friedrich Haug in Bad Saulgau,kif,,+,
1873,Manufaktur Gerhard Wolbeer,Manufaktur Gerhard Wolbeer,,,Berliner Fayence-Manufaktur,kif,,+,
2736,David Heinrich Teichmann,David Heinrich Teichmann,,,"Zinngießer in Pößneck, Marke: ""DMB"", 19. Jh.",piz,male,+,
18561,Ernst C. Behrens (Firma),Ernst C. Behrens (Firma),,,Unternehmen in Alfeld (Leine),kif,,+,http://d-nb.info/gnd/2027279-0
75228,Vincenzo Ravellino,Vincenzo Ravellino (1896-),1896,,"War am 25.03.1918 im Kriegsgefangenenlager Limburg an der Lahn, wo Sprachaufnahmen in neapolitanischer Sprache erfolgten.",piz,male,+,
283041,Trude Schneider (Schauspielerin),Trude Schneider (Schauspielerin),,,Schauspielerin,piz,female,+,
183748,Amalie de Grahl,Amalie de Grahl (1844-1881),1844,1881,"Geb. Lamberger, katholisch, aus Lemberg, Ehefrau des Otto de Grahl (1833-1906), preußischen Offiziers, Hofrats a.D., dann Redakteurs in Berlin; Mutter der Malerin Hannah schreiber de Grahl (1864-1930)
[Quelle: Hendrikje Warmt: ""So nah dem Unberührten am Schwielowsee"". Hannah Schreiber de Grahl und Karl Hagemeister. Ausstellungskatalog. Michendorf 2018, S. 23; Landesarchiv Berlin, Standesamt Berlin III, Sterberegister, Reg.-Nr. 1187/1881]",piz,female,+,
328348,Looksmart (Miniaturmodelle),Looksmart (Miniaturmodelle),,,"Der italienische Miniaturmodellhersteller spezialisiert sich auf die Herstellung von hochwertigen Kunstharz Fahrzeugminiaturen in den Maßstäben 01:43 und 01:64.
Nachgewiesen 2009 in Italien und 2010-2026 in China.",kif,,+,
710,Wolfgang Wanckel,Wolfgang Wanckel (1879-1964),1879,1964,"Reeder, Unternehmer, Heimatforscher, Museologe (Schönebecker Museumsleiter)",piz,male,+,https://d-nb.info/gnd/1161956719
220272,Constantia Gorove,Constantia Gorove (1816-1885),1816,1885,"Tochter des László Gorove de Gattája und der Mária Magdolna Rácz, gestorben am 03.12.1885 in Budapest.",piz,female,+,
278510,Ingo Linz,Ingo Linz,,,Maler in Kollig (nachgewiesen 2023),piz,male,+,
282760,Emil Morgenstern KG,Emil Morgenstern KG,,,"Konfektionsunternehmen in Crimmitschau (nachgewiesen 1960), ab 1972 VEB Hausbekleidung Crimmitschau, ab 1981 VEB Wäscheunion",kif,,+,
349333,Thomas März (Fußballspieler),Thomas März (Fußballspieler) (1966-),1966,,deutscher Fußballspieler,piz,male,+,
341842,Emanuel Listnau,Emanuel Listnau,,,"Deutscher Maler, Schneider und Schriftkünstler. Geboren um 1740, gestorben um 1780. Tätig in Danzig, Königsberg und Berlin. Porträtmaler, Quodlibetzeichner und Schreibkünstler.",piz,male,+,
18118,B. Birkel Söhne GmbH,B. Birkel Söhne GmbH,,,"""Die Birkel Teigwaren GmbH war der größte Nudelhersteller in Deutschland ... 1874 gründete Balthasar Stephan Birkel einen Mühlen- und Produkthandel in Schorndorf. 1896 erfolgte dort die Grundsteinlegung zur ersten Nudelfabrik. Die ersten Nudeln wurden 1902 unter dem Markennamen Victoria auf den Markt gebracht. Ab 1906 firmierte das Unternehmen unter Schwaben-Nudel-Werke B. Birkel Söhne."" (wikipedia 18.12.2014)",kif,,+,http://d-nb.info/gnd/2102282-3
113313,Andreas Maier (Uhrenbemaler),Andreas Maier (Uhrenbemaler),,,Bemalte Lackschilduhren. Nachgewiesen für Zeit um 1880.,piz,male,+,
4596,Magistrat der Stadt Aschersleben,Magistrat der Stadt Aschersleben,,,Stadtverwaltung von Aschersleben,kio,,+,
24250,Paul Jaworski (Mühlenbesitzer),Paul Jaworski (Mühlenbesitzer),,,1910 Bauherr einer motorbetriebenen Mahlmühle in Freundsthal,piz,male,+,
265916,Elisabeth von Carnap,Elisabeth von Carnap (1872-1950),1872,1950,"Elisabeth Freifrau von Carnap, geb. von Amelunxen, geb. 19. 11. 1872 Hamburg, gest. 7. 12. 1950 Bad Godesberg, ab 1901 verheiratet mit Julius Freiherrn von Carnap (1868-1955), Bürgermeister von Mersch bei Jülich.
Quelle: Genealogisches Handbuch des Adels, Freiherrliche Häuser XVI 1992, S. 57.",piz,female,+,
142876,Pom. Septorianos,Pom. Septorianos,,,"""Strategos des Koinon von Lesbos unter Commodus bzw. zwischen 177 und 192 n. Chr.

Lit.: W. Leschhorn. Lexikon der Aufschriften auf griechischen Münzen II (2009) 803. "" - https://ikmk.smb.museum/ndp/person/11396",piz,,+,
31479,Paul Polko,Paul Polko (1855-1932),1855,1932,"Paul Polko (*26. März 1855 in Berlin - †26. September 1932) war Bitterfelder Bürger und Kaufmann. Er war Inhaber der Kaffeerösterei und Weinhandlung Polko in Bitterfeld. In der zweiten Hälfte des 19. Jahrhunderts war Polko in Südamerika als Händler tätig. Auch nachdem er sich in Bitterfeld niederließ, pflegte er Beziehung dorthin. U. a. übernahm er die Generalvertretung der „Hamburg-Amerkanischen-Paket-Aktien-Gesellschaft“ und vermittelte Reisen nach Südamerika. Zudem wirkte Polko als Honorarkonsul der Republik Kolumbien.",piz,male,+,
251648,Fotoatelier G. Greiszen,Fotoatelier G. Greiszen,,,"Fotoatelier in Berlin
1910: ""Greiszen, G., Frau, Photogr. Atelier, W8, Friedrichstr. 76 III. (Ecke Jägerstr.). Inh. Frau G. Greiszen u. Frl. Agathe Witzeck."" (Adressbuch Berlin 1910, S. I 831).
1915: ""Greiszen, G., Photogr. Atel., NO18, Gr. Frankfurter Str., 84 Erdg. Inh. Frau G. Greiszen u. Frl. Agathe Witzeck."" Außerdem unter ""Greiszen, G., Frau, Photographin, NO18, Gr. Frankfurter Str. 50, 51 III., s. G. Greiszen."" (Adressbuch Berlin 1915, S. I 926).",kif,,+,
23399,F. Phillippi (Mühlenbesizter),F. Phillippi (Mühlenbesizter),,,"Mühlenbesitzer in Rüdesheim, nachgewiesen für Zeit um 1911",piz,,+,
328379,Martin Ritzau,Martin Ritzau,,,Fotografierte u.a. Eisenbahnen (nachgewiesen 1994 in Pritzwalk).,piz,male,,
267654,Friedhelm Schelter,Friedhelm Schelter (1969-),1969,,Bildhauer in Königswalde/Deutschland,piz,male,+,
270,Lorenz Ortmann,Lorenz Ortmann,,,Nachgewiesen in Braunsbedra 1911,piz,male,+,
3439,Bertelsmann & Niemann,Bertelsmann & Niemann,,,"(Plüsch-)weberei aus Bielefeld-Stieghorst, gegr. 1857, Schließung der Produktion in Bielefeld 1995 und Verlagerung der Produktion zum Tochterunternehmen ""Sächsische Textilmanufaktur""",kif,,+,
208415,Landwirtschaftskammer Rheinland,Landwirtschaftskammer Rheinland,,,"Sitz in Bonn; aktive Zeit: 1946 - 2003
Vorgänger-Institution: Landesbauernschaft Rheinland
Nachfolge-Institution: Landwirtschaftskammer Nordrhein-Westfalen",kio,,+,https://d-nb.info/gnd/2018073-1
270543,Johann Ludwig von Glauburg,Johann Ludwig von Glauburg (1580-1631),1580,1631,Patrizier in Frankfurt am Main,piz,male,+,
246832,Reichszeugmeisterei der NSDAP,Reichszeugmeisterei der NSDAP,,,Dienststelle der NSDAP,kiz,,+,
270823,Klaus von Bredow (Major),Klaus von Bredow (Major) (1873-1954),1873,1954,"preußischer Offizier, geb. 29. 10. 1873 Trier, gest. 15. 1. 1954 Ricklingen bei Wunstorf
1911 nachgewiesen als Königlich preußischer Hauptmann und Batteriechef im Feldartillerie-Regiment Nr. 18 in Frankfurt (Oder), zuletzt Major a.D.",piz,male,+,
334959,Fotoatelier Jul. E. Peuker,Fotoatelier Jul. E. Peuker,,,"Fotoatelier in
- Freiwaldau und Zuckmantel",kif,,,
74211,Stuttgarter Luftbild Elsäßer GmbH,Stuttgarter Luftbild Elsäßer GmbH,,,Hersteller professioneller Luftbilder,kif,,+,
276926,Franz Christof,Franz Christof,,,"Sprecher bei der NOlympia-Abschlußveranstaltung ""Olympiawahn und Leistungsterror"" vom 16.09.1993 in der TU Berlin",piz,male,+,
280625,Brandt & Hofmann,Brandt & Hofmann,,,Schweizer Uhrenhersteller vor 1918,kif,,+,
19318,VEB Kreisbetrieb für Landtechnik Bischofswerda,VEB Kreisbetrieb für Landtechnik Bischofswerda,,,"Die Kreisbetriebe für Landtechnik (KfL) wurden in der DDR Mitte der 1960er Jahre aus den MTS (Maschinen-Traktoren-Stationen) gebildet, welche wiederum aus den MAS (Maschinen-Ausleihstationen) hervorgegeangen waren.",kif,,+,
157475,Franziskus Schmale,Franziskus Schmale,,,Nadelfabrikant aus Iserlohn-Calle.,piz,,+,
70537,Stiftung Fürst-Pückler-Museum Park und Schloss Branitz,Stiftung Fürst-Pückler-Museum Park und Schloss Branitz,,,Museum in Cottbus-Branitz,kif,,+,
230325,"Carl Thurmann, Rheinsberg","Carl Thurmann, Rheinsberg",,,"Verlag, Buchhandlung und Druckerei in Rheinsberg, E. 19./1. H. 20. Jh. (Carl Thurmann gründete 1894 die Rheinsberger Zeitung, die er herausgab/verlegte, druckte und als Schriftleiter betreute).",kif,,+,
172347,Fotoatelier Paul Miethke,Fotoatelier Paul Miethke,,,"Fotoatelier in
- Cottbus-Sandow, Sandower Hauptstraße 6 """"Photograph und Bildereinahmung"", auch Ansichtskartenverlag, ca. 1920-1935)",kif,,+,
120845,Matthys van Marebeek,Matthys van Marebeek (1659-),1659,,"""Niederländ. Schabkünstler und Verleger"" - gnd, 13.10.2022

(1659/60 Amsterdam - nach 1699), holländischer Schabkünstler, Verleger.",piz,male,+,https://d-nb.info/gnd/124012760
308139,Betensted & Winter (Breslau),Betensted & Winter (Breslau),,,Druckerei in Breslau (nachgewiesen 1920),kif,,+,
309859,Karl Geiger,Karl Geiger,,,"Goldschmied in Schwäbisch Gmünd, 1. H. 20. Jh.",piz,male,,
278479,Nordesign GbR,Nordesign GbR,,,"Theresa & Ferdinand Schulz, nordesign GbR, Rottenburg, 2021 gegr. Familienunternehmen für Küchendesign mit nachhaltigen Produkten und zeitlosem Design",kif,,+,
189991,Georg Philipp von Schauenstein,Georg Philipp von Schauenstein,,,"Reichsfreiherr, regierte Schauenstein von 1671-1695, auch Freiherr zu Ehrenfels, Herr von Haldenstein. Dokumente zu ihm liegen im Staatsarchiv Graubünden in Chur.",pik,male,+,
152996,Schneiderei Marthe Witzorke (Wolmirstedt),Schneiderei Marthe Witzorke (Wolmirstedt),,,"Schneiderei Marthe Witzorke (Wolmirstedt)
Inhaberin: Schneidermeisterin Marthe Witzorke.

1942 Lehrling Gisela Betram (geboren am 08.07.1927 in Wolmirstedt, geseztlicher Vertreter (Vater): Ernst Betram aus Elbeu)",kif,,+,
31652,Dammann (Technischer Zeicher),Dammann (Technischer Zeicher),,,"Erstellte Technische Zeichnungen für die Mansfelder Genossenschaft, nachgewiesen für um 1805",piz,,+,
144945,Clemens Wagner Braunschweig,Clemens Wagner Braunschweig,,,Stellte Uniformmützen her.,kif,,+,
334448,J. Bauer (Druckerei und Verlag),J. Bauer (Druckerei und Verlag),,,"Die Familie Bauer gab ab 1831 das Wochenblatt für den Kreis Recklinghausen heraus, woraus sich die Recklinghäuser Zeitung entwickelte. Später wurde der Familienbetrieb zum Medienhaus Bauer GmbH & Co. KG.",kif,,+,https://d-nb.info/gnd/1086239342
53203,Unipart Verlag GmbH Stuttgart,Unipart Verlag GmbH Stuttgart,,,Verlag in Stuttgart,kif,,+,
30264,Franz Torinig,Franz Torinig,,,Obermeister der Schneider-Innung in Luckau (Anfang 19. Jh.),piz,male,+,
165149,Ferdinand Wilhelm von Heuß,Ferdinand Wilhelm von Heuß (1848-1924),1848,1924,"Doktor der Medizin, Königlich Bayerischer Generalarzt der Landwehr, Maler, verheiratet mit Hedwig Rosentreter (1852-1889)",piz,male,+,
194321,"Verlagsgemeinschaft Blumenschein-Dascher-Steinmetz, Reichelsheim","Verlagsgemeinschaft Blumenschein-Dascher-Steinmetz, Reichelsheim",,,Verlag in Reichelsheim,piz,,+,
267294,Sarah Nonnenmacher,Sarah Nonnenmacher,,,Nähte 2018 Mütze für Mainzer Museum.,piz,female,,
229207,Rudi Hahn,Rudi Hahn,,,Rudi Hahn war in der DDR-Zeit lange Zeit Mitarbeiter im Betonwerk Rüdersdorf und hat während dieser Tätigkeit dort viele Fotografien aufgenommen.,piz,male,+,
22545,Josef Fetscher (der Ältere),Josef Fetscher (der Ältere),,,"Münchner Spielkartenmacher, um 1800",piz,male,,
322852,Orientalen,Orientalen,,,"""die Bevölkerung des Orients"" (d.h. Asiens, in älterer europäischer Stereotype)
https://de.wikipedia.org/wiki/Orientalen, 17.05.2025",siu,,+,
325985,Kathrin Heide,Kathrin Heide,,,"Dipl.-Restauratorin in Bernried (Niederbayern), nachgewiesen 2023/25",piz,female,+,
262988,Hessischer Jugendring,Hessischer Jugendring,,,"Arbeitsgemeinschaft hessischer Jugendverbände mit Sitz in Wiesbaden.
Im Hessischen Jugendring haben sich 31 landesweit aktive Jugendorganisationen zu einer Arbeitsgemeinschaft zusammengeschlossen.
(Stand 2014)",kiz,,+,
79988,Franz Hönekopp KG,Franz Hönekopp KG,,,Lebensmittelvertriebsunternehmen in Neuss.,kif,,+,
17392,Robert Duldhardt,Robert Duldhardt (1900-),1900,,"Vermutlich geboren 1899/1900.
Sohn von Albert und Anna Duldhardt.
Bruder Karl Duldhardt.",piz,male,+,
64634,Johann Mathias Willebrand,Johann Mathias Willebrand (1658-1726),1658,1726,"""Augsburger Uhrmacher und Mechaniker
Johann Mathias Willebrand wurde um 1658 geboren. 1682 ging er nach Augsburg und absolvierte bei seinem Stiefbruder Johann Martin eine Lehre und blieb zunächst in dessen Werkstatt. 1703 fertigte er sein Meisterstück und eröffnete ein eigenes Geschäft. Er fertigte außer Räderuhren auch hochwertige Sonnenuhren, astronomische Instrumente, Schrittzähler und andere Instrumente. ... Johann Mathias Willebrand verstarb 1726."" - https://watch-wiki.org/index.php?title=Willebrand,_Johann_Mathias, 07.07.2019",piz,male,+,
220643,Alexander von Bernus,Alexander von Bernus (1873-1943),1873,1943,"Vorsitzender des Verwaltungsausschusses des Freien Deutschen Hochstifts. Er organisierte die ""Deutsche Volksspende für das Goethe-Haus"" 1932",piz,male,+,
63105,Bethke (Pfarrer in Zempelburg),Bethke (Pfarrer in Zempelburg),,,"Pfarrer der evangelischen Gemeinde in Zempelburg, heute Sępólno Krajeńskie (Polen) im Jahr 1869.",piz,,+,
10330,Gebrüder Weyersberg,Gebrüder Weyersberg,,,"""1787 gründeten Peter und Wilhelm Weyersberg die Firma, deren Ursprünge aber sogar bis in die zweite Hälfte des 16. Jahrhunderts zurückgehen. Eine Zeit lang war Gebr. Weyersberg Solingens größter Blankwaffen-Hersteller. Ab 1859 produzierte man an der Hochstraße; 1883 war (nach der Fusion der Produktionsabteilung mit der von W. R. Kirschbaum) das erste Geschäftsjahr von Weyersberg, Kirschbaum und Cie. Das verbliebene WKC-Gebäude ist heute Teil des Rathauses. Segmente der Produktion an der Forststraße wurden 1963 nach Lateinamerika verlagert, die Schließung folgte 1997."" Solinger Tageblatt, 24.12.2011 (http://www.solinger-tageblatt.de/Home/Solingen/GEBR-WEYERSBERG-PRODUZENT-SEIT-1787-cf741476-7292-4543-9c34-f0357f26c4f3-ds)",kif,,+,
281815,Kulturhaus der Stadt Glauchau,Kulturhaus der Stadt Glauchau,,,Kultureinrichtung der Stadt Glauchau zu Zeiten der DDR,kio,,+,
332326,Marie Karoline Dorothea Zschille,Marie Karoline Dorothea Zschille (1860-1949),1860,1949,"Geboren in Großenhain als Tochter von Fedor und Therese Zschille, geb. von Einsiedel, 1892 Heirat mit Arno von Oheimb",piz,female,+,
67139,Otto von Schweingel,Otto von Schweingel (1830-1905),1830,1905,"""Otto von Schweingel
18.6.1830 Schweta bei Mügeln - 2.1.1905 Dresden
beruflicher Titel, Amtsbezeichung, Dienstgrad: Exzellenz
beruflicher Titel, Amtsbezeichung, Dienstgrad: General der Artillerie
- 1846-1850 Studium an der Technischen Bildungsanstalt Dresden
- 1854 Artillerie-Leutnant und Adjutant
- 1876 erbliche Nobilitierung
- 1893 General der Artillerie
- Grab auf dem Alten (Inneren) Neustädter Friedhof in Dresden-Neustadt"" - http://sammlungsdatenbank-museen-dresden.de/de/entitySearch?artId=68607, 20.03.2019",piz,male,+,
201230,Raics és Fabricius,Raics és Fabricius,,,Unternehmen in Budapest,kif,,+,
231968,VEB Getränkekombinat Karl-Marx-Stadt,VEB Getränkekombinat Karl-Marx-Stadt,,,Brauereibetrieb im Bezirk Karl-Marx-Stadt während der DDR-Zeit,kif,,+,
204994,Verlag Richard Neumeister,Verlag Richard Neumeister,,,In Leipzig ansässiger Verlag mit Schwerpunkt auf den Themen Landwirtschaft und Technik,kif,,+,
39961,Horst Giese (Designer),Horst Giese (Designer) (1931-1987),1931,1987,Erstellte Design für Fernsehgeräte in der DDR,piz,male,+,
241728,Reichsbund der Deutschen Beamten,Reichsbund der Deutschen Beamten,,,"""Der Reichsbund der Deutschen Beamten (RDB) war die Gewerkschaft für deutsche Beamte im Deutschen Reich von 1933 bis 1945."" - (de.wikipedia.org 31.12.2023)",kiz,,+,
260367,Josef Janko,Josef Janko (1893-1975),1893,1975,Maler in Winterbach,piz,male,+,
341028,Max Lausmann,Max Lausmann (1904-1994),1904,1994,Musikinstrumentenhersteller in Klingenthal in Sachsen,piz,male,+,
53709,Marta Lion-Clausius,Marta Lion-Clausius,,,Kinderbuchautorin. Eigentlich Marta Fredi.,piz,male,+,
54495,Gustav Merz,Gustav Merz,,,"Keramiker in Schwaben, tätig um 1935.",piz,male,+,
313321,KKP Werbetechnik,KKP Werbetechnik,,,"Firma in Berlin-Friedrichshain, nachgewiesen 2000er-Jahre",kif,,+,
2959,Johann Nicklaus Auller,Johann Nicklaus Auller (1789-),1789,,Ackersmann zu Wahlbach. Er hat am 8. April im Alter von 26 Jahren Maria Catharina Müller aus Holzbach geheiratet.,piz,male,+,
70436,Typo-Druck Horn & Kohler-Beauvoir GmbH,Typo-Druck Horn & Kohler-Beauvoir GmbH,,,"Verlag / Redaktion / Druck
TYPO DRUCK
Horn und Kohler-Beauvoir GmbH
117er Ehrenhof 5
55118 Mainz, 29.09.2019",kif,,+,
255144,Papierflieger Offsetdruck GmbH,Papierflieger Offsetdruck GmbH,,,Druckerei in Clausthal-Zellerfeld (nachgewiesen 2006),kif,,+,
313310,Emilie Schmidt (Malerin),Emilie Schmidt (Malerin) (1914-),1914,,"Malerin, konnte besonders gut Bilder kopieren oder vergrößern, lebte 1938 in Temeschwar",piz,female,+,
33010,Manfred Müller (Ingenieur),Manfred Müller (Ingenieur) (1896-),1896,,"Manfred Müller wurde am 6. September 1896 in Stuttgart geboren und war Ingenieur. - Landesmuseum Württemberg, 30.08.2017",piz,male,+,
71942,Wernigeröde Geschichts- und Heimatverein e.V.,Wernigeröde Geschichts- und Heimatverein e.V.,,,"Der Wernigeröder Geschichts- und Heimatverein e.V. besteht seit 2005 und ist aus dem 1991 gegründeten Heimat- und Geschichtsverein Wernigerode e.V. hervorgegangen.

Der Verein versteht sich als Förderverein des Harzmuseums, ist aber darüber hinaus tätig in den Arbeitsgruppen Industriegeschichte, Städtepartnerschaften, Stadtführergilde, Förderkreis Mahn- und Gedenkstätte Veckenstedter Weg und Traditionelles Handwerk.

Was der Verein bewirkt, lässt sich am Besten anhand von Beispielen seiner realisierten Projekte demonstrieren, für die er Unterstützung von Geldgebern erhalten hat, wie z. B. der Stadt Wernigerode, der Stadtwerkestiftung oder der Sparkassenstiftung der Kreissparkasse Wernigerode.
(https://www.wernigerode.de/Stadtleben/Kultur/Museen-Galerien/Harzmuseum/Geschichts-und-Heimatverein)",kiz,,+,
206154,Stadtverwaltung Teltow,Stadtverwaltung Teltow,,,"Verwaltung der Stadt Teltow in Potsdam Mittelmark, Brandenburg",kio,,+,
25469,Fotoatelier M. Sweers,Fotoatelier M. Sweers,,,"Fotoatelier in
- Minden, Bäckerstraße 25, belegt 1870er Jahre bis ca. 1900",piz,,+,
273400,Emma Frühling,Emma Frühling,,,"Ehefrau des Wernigeroder Baumeisters Carl Frühling (1839-1912). Geborene Schott, Tochter des Ilsenburger Hüttenmeisters Eduard Schott. Lebte 1912 in Braunschweig.",piz,female,+,
59997,Andrea Janssen (Stempelschneiderin),Andrea Janssen (Stempelschneiderin),,,"Stempelschneiderin, aktiv 2010.",piz,female,+,
258606,Trans World Charter Ltd,Trans World Charter Ltd,,,"Die Trans World Charter Ltd. war eine britischen Fluggesellschaft, die von 1948 bis 1951 auf dem englischen Flugplatz Bovingdon beheimatet war und über mehrere Vickers Viking Flugzeuge verfügte.",kif,,+,
266875,Franz Storch,Franz Storch (1853-),1853,,"Techniker in Berlin
geb. 28. 1. 1853 Brandenburg/Havel
1900–1909 Mitglied des in Berlin ansässigen Touristenklubs für die Mark Brandenburg (1935 umbenannt in Landesgeschichtliche Vereinigung für die Mark Brandenburg)",piz,male,+,
12743,Georg Kandler,Georg Kandler,,,Aktiv in Leipzig um 1700. Erstellte Zinnteller mit sächsischem Wappen.,piz,male,+,
184075,Moschas Xanthou,Moschas Xanthou,,,"""Moschas Xanthou
Moschas tou Xanthou. Mochas, Sohn des Xanthos.
Magistrat in Antiocheia/Karien um 150 v. Chr.
Lit.: W. Leschhorn, Lexikon der Aufschriften auf griechischen Münzen II (2009) 696."" - https://ikmk.smb.museum/ndp/person/12250, 11.01.2026",piz,,+,
200941,"Pension ""Lorscheid"" (Bad Bodendorf)","Pension ""Lorscheid"" (Bad Bodendorf)",,,Beherbergungsbetrieb in Bad Bodendorf.,kif,,+,
69610,Julius Schaarschuh,Julius Schaarschuh,,,Architekt in Berlin.,piz,male,+,
25545,Fotoatelier Hofphotograph Kolby,Fotoatelier Hofphotograph Kolby,,,"Fotoatelier in
- Zwickau, Äußere Plauensche Straße 17",kif,,+,
271141,Wally Lesser,Wally Lesser (1888-1941),1888,1941,"Geschäftsinhaberin in Brandenburg an der Havel und Bad Harzburg

Wally Margarethe Lesser, geborene Honig, 1888 in Gnesen geboren, 1908 in Posen mit Max Lesser verheiratet, drei Söhne.
Ungefähr 1922 zog die Familie nach Brandenburg an der Havel, Max Lesser gründet eine Fabrik für Landmaschinen, Scheidung 1928. Wally wird selbst Geschäftsfrau, führt eine Gärtnerei und eine Pension in Bad Harzburg, neue Wohnadresse Domlinden 5 in Brandenburg.
Nachdem alle drei Söhne 1936 und 1939 nach Australien, in die USA und nach Palästina als Flucht vor den Nazis emigriert waren, konnte endlich auch Wally 1940 erfolgreich nach Shanghai entkommen, wo sie 1941 an den Folgen einer Blutvergiftung starb.
Die hier in der Sammlung gezeigten Gegenstände hatte sie in der Brandenburger Wohnung zurückgelassen.",piz,female,+,
18803,Verlagsdruckerei Brückert-Vogelweith,Verlagsdruckerei Brückert-Vogelweith,,,"Lithografische Anstalt und Verlagsdruckerei in Guebwiller/Elsass., belegt 1. H. 19. Jh.",kif,,+,
31646,Falcke (Technischer Zeichner),Falcke (Technischer Zeichner),,,Tätig für die Mansfeld AG Eisleben.,piz,,+,
258769,Carl Seifert,Carl Seifert (1806-1878),1806,1878,"Maurermeister in Neuruppin, geboren in Gransee",piz,male,+,
346137,Johann Christoph Berner,Johann Christoph Berner (1724-1793),1724,1793,Zinngießermeister in Göppingen,piz,male,+,
337195,Louis Engelke,Louis Engelke (1862-1937),1862,1937,"Franz Louis Engelke, Buchdruckereibesitzer in Berlin, Dichter, verfasste u.a. Reime, Lieder und Gedichte in ostpreußischer Mundart, gelernter Schriftsetzer, geb. 1. 10. 1862 Kaukehmen, Kr. Niederung, Ostpreußen, gest. 17. 10. 1937 Berlin-Köpenick",piz,male,+,
274253,Joerg Lipskoch,Joerg Lipskoch,,,"Fotograf in Halle (Saale)
www.lipskoch.com
www.menschen-des-21-jahrhunderts.de",piz,male,,
269908,Hermine Fuchs-Oesterle,Hermine Fuchs-Oesterle,,,"Buchautorin: 
Dienst am Krankenbett 1961 und 1964
Gesundheit ist dein höchstes Gut. 1943 und 1957
Gesundheitskunde, Gesundheitsschutz 1976",piz,female,+,https://d-nb.info/gnd/1157398162
146538,Emil Oskarovič Wolfenhagen,Emil Oskarovič Wolfenhagen,,,Taucht in russischen Militärakten auf,piz,male,+,
114924,Christiane Renate Uhlemann,Christiane Renate Uhlemann (1835-),1835,,"""Christiane Renate Uhlemann
- 4.9.1835 Dresden
Finanzkanzlistenwitwe
- Dresdner Finanzkanzlistenwitwe und Mäzenatin [?]
- vormalig verheiratet mit einem Herrn Löser, verwitwet
- Heirat mit dem Finanzkanzlisten Uhlemann; verwitwet
- Mutter des Bildhauers Otto Franz Uhlemann; gefördert von dem Professor der Dresdner Kunstakademie Friedrich Rentsch
(Quellen: Untersetzkarton; ABD 1831, 1835)"" - Stadtmuseum Dresden, 09.03.2020",piz,female,+,
8125,Kirsten Bucher,Kirsten Bucher,,,Fotografin in Frankfurt am Main,piz,,+,
173980,Gustav Succow,Gustav Succow,,,"""Professor; Berlin (Wirkungsort)"" - gnd, 14.09.2025",piz,male,,https://d-nb.info/gnd/11736522X
153180,Transformatorenwerk Oberschöneweide (TRO),Transformatorenwerk Oberschöneweide (TRO),,,"Das Transformatorenwerk Oberschöneweide wurde 1921 von AEG in Berlin-Oberschöneweide gegründet. nach dem 2. Weltkrieg wurde es zunächst SAG, 1948 enteignet und 1949 volkseigener Begriff, ab 1950 VEB Transformatorenwerk ""Karl Liebknecht"". 1990 Umwandlung in eine GmbH, 1991 von der AEG zurückerworben, 1996 geschlossen.",kif,,+,http://d-nb.info/gnd/1074361504
19528,Steingeschirr-Fabrik Rotenfels,Steingeschirr-Fabrik Rotenfels,,,"Produzierte zwischen 1801 und 1816.

Eva Blanc, ""Die Reichsgräflich von Hochbergische Steingeschirr-Fabrik in Rotenfels / Baden (1801−1816)"", Neulussheim 2016 (https://www.academia.edu/23871899/Die_Reichsgr%C3%A4flich_von_Hochbergische_Steingeschirr-Fabrik_in_Rotenfels_Baden_1801_1816, 27.08.2017)",kif,,+,
200776,Felix Franke,Felix Franke (1860-1937),1860,1937,"Prof. Dr. Felix Hermann Franke (* 18.1.1860 Großdalzig bei Leipzig, † 10.3.1937 Braunschweig) war ein Mediziner. Unter anderem als Chefarzt beschäftigt am Diakonissenhaus Marienstift. Quelle: de Gruyter",piz,,+,https://d-nb.info/gnd/1080507086
77735,Ganz David Brown GmbH,Ganz David Brown GmbH,,,Getriebehersteller in Wuppertal,kif,,+,
66100,Lorenz Hämmerle (Uhrmacher),Lorenz Hämmerle (Uhrmacher),,,"Uhrmacher aus Neustadt (Schwarzwald), lebte um 1800",piz,,+,
45090,Peter Schumacher (Pastor),Peter Schumacher (Pastor) (1878-1957),1878,1957,"Peter Schumacher (1.1878 - 25.8.1957), Sammler von Ethnografika. War Pastor und als Missionar der ""Weißen Väter"" in Zentralafrika (Kivu und Ruanda).

Nachruf: 
In Memoriam P. Peter Schumacher, 1878-1957
Paul Schebesta
Anthropos
Bd. 53, H. 1./2. (1958), pp. 233-236",piz,male,+,http://d-nb.info/gnd/1035129779
115938,Georg Heinrich Jacoby,Georg Heinrich Jacoby (1810-1862),1810,1862,"Hofbuchdrucker in Darmstadt.

""... Georg Heinrich Jacoby, ein Sohn der verstorbenen Schneidermeister Heiß Wittwe, hat die Buchdruckerei erlernt und betrieb dieselbe zuletzt in seinem vor 4 Jahren vor dem Mainthor dahier an der Frankfurter Straße neuerbauten Hause. Zugleich war er der Herausgeber eines Lokalblattes, des 'Hessischen Anzeigers.' ..."" - ""Schwurgerichtsverhandlung in Anklagesachen gegen Georg Heinrich Jacobÿ, Hofbuchdrucker zu Darmstadt, wegen Vergiftung seiner Ehefrau: Nach stenographischen Aufzeichnungen zusammengestellt von mehreren Juristen. Mit dem Porträt des Angeklagten in Stahlstich"", Darmstadt 1862, S. 1 (https://www.digitale-sammlungen.de/de/view/bsb10395460?page=12,13), 26.04.2024",piz,male,+,https://d-nb.info/gnd/1327624958
116836,Alles & Co.,Alles & Co.,,,"Alles & Co. ist ein in Bad Dürkheim ansässiges Unternehmen, welches Ansichtskarten und Souvenirs vertreibt.",kif,,+,
52680,Johann Georg Klinger (Verlag),Johann Georg Klinger (Verlag),,,"Johann Georg Klinger(1764-ca.1809) war Verleger in Nürnberg. 1809 übernahm seine Witwe Katharina Walburga die Geschäfte. 1831 wurden sie von Johann Paul Dreykorn übernommmen, wobei der Name 'J. G. Klingersche Kunsthandlung' beibehalten wurde. Das Geschäft wurde ca. 1860 eingestellt.",kif,,+,
146415,Standesamt Hamburg,Standesamt Hamburg,,,Behörde für Beurkundung von Personenstandsfällen in Hamburg,kio,,,
75359,Kaba Djakite,Kaba Djakite,,,"Kaba Djakite, geboren um 1883 in Kankan, war ein guineischer Landarbeiter, der während des Ersten Weltkriegs im Kriegsgefangenenlager Wünsdorf interniert war.",piz,male,+,
12640,Christian Heinrich Zeising,Christian Heinrich Zeising,,,Um 1800 Schüler der Leipziger Nicolaischule,piz,male,+,
118097,Gertrud Schönborn,Gertrud Schönborn,,,"Gertrud Schönborn war die Tochter von Karl Wilhelm Schönborn und Rose Schönborn (geb. Küstner) (wikipedia ""Karl Schönborn"", 28.04.2020)",piz,female,+,
16982,Königliche Geheime Ober-Hofbuchdruckerei R. v. Decker,Königliche Geheime Ober-Hofbuchdruckerei R. v. Decker,,,Druckerei und Verlag; Rudolf Ludwig (von) Decker (1804-1877) war ein Enkel des Gründers der Geheimen Hofbuchdruckerei des preußischen Königshauses und führte diese fort.,kif,,+,http://d-nb.info/gnd/252642-6
73450,VEB Wallendorfer Porzellanmanufaktur,VEB Wallendorfer Porzellanmanufaktur,,,Ein Volkseigener Betrieb in Thüringen.,kif,,+,
56279,Josef Breuer,Josef Breuer (1904-1973),1904,1973,Maler,piz,male,+,
196153,Fotoatelier Jos. Adams,Fotoatelier Jos. Adams,,,"Fotoatelier in
- Simmern 
- Traben-Trarbach",kif,,+,
43233,Panzer Fahrrad-Fabrik Hermann Prenzlau,Panzer Fahrrad-Fabrik Hermann Prenzlau,,,"Herrsteller von Fahrrädern der Marke ""Panzer"", Sitz in Hamburg, um 1900",kif,,+,
22495,"""Apartus"" Schuhfabrik Otto Blechschmidt Weißenfels","""Apartus"" Schuhfabrik Otto Blechschmidt Weißenfels",,,"Schuhfabrik in Weißenfels, belegt 1. H. 20. Jh.",kif,,+,
132269,David Becker von der Ehr,David Becker von der Ehr,,,Oberstleutnant im 30jährigen Krieg. Unter Wallenstein als Statthalter in Halberstadt.,piz,male,+,
265344,Walther vom Brühl,Walther vom Brühl (1858-1921),1858,1921,"Walther Schulte vom Brühl (Pseudonym für Walther Schulte-Heuthaus, weiteres Pseudonym: Johann Hennrich; * 16. Januar 1858 in Gräfrath; † 4. Juni 1921 in Neckarsteinach) war ein deutscher Journalist, Schriftsteller und Maler.",piz,male,+,
34593,Großherzoglich sächsische Fachschule und Lehrwerkstatt für Glasinstrumentenmacher,Großherzoglich sächsische Fachschule und Lehrwerkstatt für Glasinstrumentenmacher,,,"""1890 begann eine, der Prüfanstalt angegliederte, Fachschulabteilung ihre Arbeit. Sieben Schüler lernten 1894 an der Lehranstalt, dieser Zeitpunkt gilt als Gründungsjahr der Ilmenauer Glasfachschule. Später wurde die Ausbildung auf Feinmechanik erweitert. 1898 zog die Schule in das neugebaute Eichamt in der Unterpörlitzer Straße um, als ""Großherzogliche Fachschule und Lehrwerkstatt für Glasinstrumentenmacher und Feinmechaniker"". Sie war ein Bestandteil der ""Großherzoglich-Sächsischen Präzisionstechnische Anstalten.""
1913 bis 1915 wurde für die Glasfachschule ein neues Haus gebaut. Die Ausbildung an der Ilmenauer Fachschule war einzigartig in der Welt und wurde in folgenden Jahren oft kopiert. Großen Anteil am Erfolg hatte Geheimrat, Regierungsrat, Professor A. Böttcher, der 28 Jahre die Schule und das Eichamt führte. 1938 wurde der Lehrbetrieb aus der Prüfstelle ausgegliedert und unter der Bezeichnung ""Thüringische Lehr- und Versuchsanstalt für Glasinstrumententechnik und Feinmechanik (Berufsfachschule und Fachschule)"" in enger Zusammenarbeit mit der ansässigen Glasindustrie bis 1946 weitergeführt."" - http://www.alt-ilmenau.de/Glasfachschule.htm, 18.11.2017",kiz,,+,
113760,MARS-Radio-Stereo,MARS-Radio-Stereo,,,"MARS-Radio-Stereo; Drescherstr. 53, D-7255 Rutesheim. Inhaber: Willi Maihofer
Gegründet wurde die Firma 1975 von Willi Maihofer. Bereits 11 Jahre später, 1986, wurde sie geschlossen.",kif,,+,
329469,Wilhelm Reiniger,Wilhelm Reiniger (1883-),1883,,"Dipl.-Ing. in Berlin, dann in Göttingen, geb. 1883 Berlin",piz,male,+,
24538,Pondorf (Unternehmen),Pondorf (Unternehmen),,,"Maschinenbauunternehmen, unklar, ob in Zusammenhang mit Sylbe & Pondorf in Schmölln",kif,,+,
180200,International Gas Detectors Ltd,International Gas Detectors Ltd,,,"1917 gegründetes Unternehmen. - https://www.internationalgasdetectors.com/about/, 03.06.2022",kif,,+,
53005,National-Verlag Michael Ederer München,National-Verlag Michael Ederer München,,,"Verlag in München, tätig 1. Hälfte 20. Jhd.",kif,,+,
328766,Otto Fuchs (Maler),Otto Fuchs (Maler) (1859-1938),1859,1938,"Maler, geboren in Königstein, gestorben in Meißen",piz,male,+,
66745,August Johannes Förster,August Johannes Förster (1859-1911),1859,1911,"""August Johannes Förster
11.9.1859 Eibenstock (Sachsen) - 18.3.1911 Dresden
beruflicher Titel, Amtsbezeichung, Dienstgrad: Kommerzienrat
beruflicher Titel, Amtsbezeichung, Dienstgrad: Generaldirektor
Beruf: Unternehmer
- 1868/1870 Gründung der Näh- und Schreibmaschinenfabrik ""Seidel & Naumann"" (1886 Aktiengesellschaft)"" - http://sammlungsdatenbank-museen-dresden.de/de/entitySearch?artId=50832, 29.03.2019",piz,male,+,
29072,Athanaion (Byzantion),Athanaion (Byzantion),,,"Magistrat in Byzantion im 3. Jh. v. Chr. in der Silber- und Bronzeprägung.

Lit.: E. Schönert-Geiss, Die Münzprägung von Byzantion I (1970) 65.",piz,,+,
263676,Margaret Erickson,Margaret Erickson,,,Margaret Erickson ist die Witwe des US Air Force Piloten Eugene S. Erickson. Nachgewiesen 2004.,piz,female,+,
206294,Rheinland-Pfalz. Ministerium der Justiz und für Verbraucherschutz,Rheinland-Pfalz. Ministerium der Justiz und für Verbraucherschutz,,,"Vorgänger-Institution bis 2011: Rheinland-Pfalz. Ministerium der Justiz
Vorgänger-Institution bis 2011: Rheinland-Pfalz. Ministerium für Umwelt, Forsten und Verbraucherschutz
nach 2016: Rheinland-Pfalz. Ministerium für Familie, Frauen, Jugend, Integration und Verbraucherschutz",kio,,+,https://d-nb.info/gnd/16159531-5
133342,"Wodhull, Catherine",Catherine Wodhull (1744-1808),1744,1808,"Ehefrau von Michael Wodhull (1740-1816). Geborene Ingram.

""Catherine Ingram (1744-1808), fourth daughter of the Rev. John Ingram of Wolford, Warwickshire, married Michael Woodhull (1740-1816), the eminent bibliophile, minor poet and translator of Euripides, in 1761. They had three children, all of whom predeceased their parents. Catherine was buried at Thenford, the Woodhull family seat in Northamptonshire. Michael Woodhull (or Wodhull) was a wealthy man, owning a town house in Berkeley Square. In about 1765 he built the manor house at Thenford to replace the existing Elizabethan mansion. He was for a short while a prisoner of Napoleon in Paris."" - https://www.tate.org.uk/art/artworks/zoffany-mrs-woodhull-t02217, 15.01.2021",piz,female,+,
114815,Franz Gustav Seeling,Franz Gustav Seeling (1846-1909),1846,1909,"""Franz Gustav Seeling
14.2.1846 - 23.10.1909
beruflicher Titel, Amtsbezeichung, Dienstgrad: Stadtrat
Beruf: Unternehmer
Beruf: Handschuhfabrikant
- 1872 erster Nachweis in Dresden als Handschuh- und Blumenfabrikant
- vor 1900 Aufgabe bzw. Verkauf des Unternehmens, als Privatier in Dresden
- 1900-1909 Dresdner Stadtrat"" - http://sammlungsdatenbank-museen-dresden.de/de/entitySearch?artId=68785, 26.12.2020",piz,male,+,
260042,Henri Guérand,Henri Guérand (1846-1897),1846,1897,"französischer Radierer, zwischen 1881 und 1897 für die ""Gazette des beaux-arts"" tätig",piz,male,+,
154550,"Stegmann, Franz (Musiker)",Franz Stegmann (Musiker),,,"Musiker und Songwriter.

Billie Ray Martin über Franz Stegmann: ""... After my first band in Berlin, 'Billie and the Deep', who were incredibly successful instantly but didn't last long, me and Franz Stegmann formed a duo called ""The Idiot Cards'. We wrote about fourty songs or so in a short space of time. It was the first time i realised i could write lyrics. I had not written many melodies at this point, as Franz gave me the melodies on a cassette with no words, just humming and gibberish. I turned them all into meaningful songs. Franz claimed that i could read his mind; that was how close the words were to what he had envisioned in his mind's eye. We grew incredibly close as a unit and Franz changed his name to Francis Lee Martin, in a kind of 'Carpenters' style attempt to be like brother and sister. ..."" - https://billieraymartin.bandcamp.com/album/four-ambient-tales, 27.12.2020",piz,male,+,
125305,Franz Thiele (Bäcker),Franz Thiele (Bäcker),,,Franz Thiele war in der 1. Hälfte des 20. Jahrhunderts Bäckermeister in Bitterfeld. Er war Inhaber der Bäckerei Thiele. Seit Mitte der 1920er Jahre war er Mitglied der Bitterfelder Schützengilde.,piz,male,+,
256306,Kletus Manthey,Kletus Manthey (1942-2017),1942,2017,Winzer in Bad Bodendorf,piz,male,+,
37045,Matthias Stromer (Maler),Matthias Stromer (Maler),,,Niederländischer Maler. Schaffenszeit: 1601-1650,piz,male,+,
24159,Otto Lüdtke (Mühlenbesitzer),Otto Lüdtke (Mühlenbesitzer),,,1911 belegt als Mühlenbesitzer in Mensguth (heute: Dzwierzuty in Polen),piz,male,+,
56773,M. Mancilla (Fotograf),M. Mancilla (Fotograf),,,"Fotograf in Arequipa, Peru",piz,male,+,
31778,Gottesbelohnungshütte (Mansfelder Revier),Gottesbelohnungshütte (Mansfelder Revier),,,Verhüttungsbetrieb im Mansfelder Revier,kif,,+,
123263,Aurelia Alypiane (Byzantion),Aurelia Alypiane (Byzantion),,,"""Aurelia Alypiane
Aurelia Alypiane, Magistrat in Byzantion/Thrakien unter Maximinus Thrax.
Lit.: E. Schönert-Geiss, Die Münzprägung von Byzantion II (1972) 16; W. Leschhorn, Lexikon der Aufschriften auf griechischen Münzen II (2009) 384."" - https://ikmk.smb.museum/ndp/person/5104, 21.06.2020",piz,,+,
277842,Margit Bencze,Margit Bencze (1879-),1879,,ungarische Landschaftsmalerin,piz,,+,
24565,Kreisarbeitsgemeinschaft Amateurfilm Bernau,Kreisarbeitsgemeinschaft Amateurfilm Bernau,,,"Unter der Leitung von Armin H. Liersch profilierte sich das Amateurfilmzentrum Bernau - das beim VEB Plast‐ und Schichtpreßstoffwerk (SPW) Bernau angesiedelt war – in den 1970er Jahren dann zu den künstlerisch herausragenden Amateurfilmgruppen der DDR. Dazu trug auch die Mentorentätigkeit von DEFA-Regisseur Konrad Wolf bei, der 1945 als 19-jähriger für zwei Tage als Stadtkommandant von Bernau eingesetzt wurde und seit 1975 Ehrenbürger der Stadt war. In diesem Zusammenhang entstanden beim Amateurfilmzentrum die beiden Reportagen „Lokaltermin“ (1975) und „Konrad Wolf – Dafür will ich gebraucht werden“ (1983). Die 40-minütige Reportage aus dem Jahr 1983 gehört zu den wichtigsten Produktionen des Amateurfilmzentrums und lief laut Leiter Armin H. Liersch auch im 1. Programm des Fernsehens der DDR.

Die Räumlichkeiten des Studios befanden sich im Kreiskulturhaus in der heutigen Breitscheid Straße in Bernau, in dem die Amateure zwei Räume in der oberen Etage des Gebäude nutzten und sich nach eigenen Angaben einmal pro Woche trafen. 

Die Filme, alle auf 16mm Film gedreht, behandeln vorrangig lokale Themen wie z.B. die Stadthistorie von Bernau („Bürger, Häuser und Geschichten“ von 1978) oder die Übungen der Kampfgruppenhundertschaft Bernau („AKTION ,Waldfrieden‘“ von 1974). Für die Auswahl der Themen gab es nach eigenen Angaben „Richtlinien“, sodass heikle Themen vermieden wurden. Auch der Geldgeber/Träger, der VEB Plast‐ und Schichtpreßstoffwerk, prüfte die Themenvorschläge. 
Laut eigenen Angaben gab es keine Filmaufführungen außerhalb der offiziellen Wettstreite. Treffen und Kontakte zu anderen Amateurfilmern gab es auch wenige. 

Neben Armin H. Liersch gehörte auch Lilo Vorwerk zur Leitung des Amateurfilmzentrums. Weitere Mitglieder waren u.a. der Fotograf und Kameramann Herbert Kaulisch, der Arzt Udo Grzemba (Kameramann beim Amateurfilmzentrum, später Kameraassistent beim DFF und freiberuflicher Kameramann bei Barnim TV) sowie dessen Ehefrau Marina Grzemba (u.a. für den Tonbereich zuständig). Marina Grzemba übergab nach dem Tod ihres Mannes des Filmbestand des Amateurfilmzentrums an das Filmmuseum.",kiz,,+,
122538,Bildgießerei Richard Barth (Berlin),Bildgießerei Richard Barth (Berlin),,,"""Gegründet 1929, bis 1970 in Berlin ansässig (Prühßstrasse 37 in Mariendorf, dann ab 1959 im Tempelhofer Weg in Britz).
Zuvor Firma Heinze und Co. (1912), dann Bildgießerei Heinze & Barth (1929).
Dann Umzug nach Rintel (siehe dort).
Lit.: W. Steguweit (Hrsg.), Kunst und Technik der Medaille und Münze. Das Beispiel Berlin. Die Kunstmedaille in Deutschland 7 (1997) 301 f."" - https://ikmk.smb.museum/ndp/koerperschaft/5008, 29.01.2023",kif,,+,
332065,Johannes-Rebmann-Stiftung,Johannes-Rebmann-Stiftung,,,"Gerlinger Bürger initiierten die Johannes-Rebmann-Stiftung mit der Absicht, das Geburtshaus des Gerlinger Missionars Johannes Rebmann zu erwerben und zu renovieren. Die Gründungsversammlung fand am 12. Juli 2002 statt.",kiz,,+,
64954,Zeha Schuhfabrik Hohenleuben,Zeha Schuhfabrik Hohenleuben,,,"Ursprünglich im Jahr 1897 von Carl Häßner im thüringischen Weida gegründete Schuhfabrik. 1955/56 folgte die Spezialisierung auf Sportschuhe. Fußballstiefel, Trainingsschuhe und Schuhwerk für die Leichtathletik wurden in über 30 Länder exportiert. Die ersten Fußballstiefel mit Nockensohlen und schraubbaren Stollen und der leichteste Rennschuh der Welt wurden hier entwickelt. Markenzeichen der Schuhe waren zwei Doppelstreifen, die in einem Winkel zueinander angeordnet waren. Im Jahr 1960 wurde die Firma offizieller Ausstatter der DDR Olympiamannschaft, 1962 auch für die Nationalmannschaft der UdSSR in Chile. Die CSSR folgte 1964. Auf der Leipziger Messe 1965 wurde Zeha mit einer Goldmedaille für außergewöhnliche Leistungen im Sportschuhbereich prämiert. 1972 wurde Häßners Firma Volkseigentum und wurde zu ""VEB Spezialsportschuh Hohenleuben"" umbenannt. Nach 1990 wurde VEB in die Zeha Schuhfabrik Hohenleuben GmbH überführt. Diese stellte 1993 die Produktion ein.",kif,,+,
80121,C. Duisberg magyarországi fiókja,C. Duisberg magyarországi fiókja,,,Ungarische Tochterunternehmen der Carl Duisberg AG.,kif,,+,
310957,Hansjörg Bißwurm,Hansjörg Bißwurm (1948-),1948,,"Geboren 1948 in Zell i.W. in Baden-Württemberg, Schule und Studium in Lörrach.
Lebt und arbeitet in Wehr / Südschwarzwald. 1972 – 1982 Radierungen, danach Malerei, Zeichnungen, Mischtechniken, Fotografien, Collagen. 

1972 bis 2012 Lehrer an einer Hauptschule, von 2012 bis 2022 Dozent an der VHS Wehr (Malkreis Öflingen). 
Seit 1977 Mitglied der Künstlergruppe Freie Gruppe Hochrhein.
Gruppen- und wenige Einzelausstellungen.",piz,male,+,
34185,P. Beese (Küchengeräte),P. Beese (Küchengeräte),,,Hersteller von Küchengeräten in Leipzig,kif,,+,
232070,"Möbelfabrik Gebrüder Rohrer GmbH, Kirchheim unter Teck","Möbelfabrik Gebrüder Rohrer GmbH, Kirchheim unter Teck",,,Hersteller von Möbeln,kif,,+,
30098,Wilhelm Mehnert (Müllerschüler),Wilhelm Mehnert (Müllerschüler),,,1902/03 Studierender an der Deutschen Müllerschule Dippoldiswalde,piz,male,+,
1461,"TEKADE Süddeutsche Telefon-, Apparate-, Kabel- und Drahtwerke","TEKADE Süddeutsche Telefon-, Apparate-, Kabel- und Drahtwerke",,,1912 gegründete Firma mit Sitz in Nürnberg,kif,,+,http://d-nb.info/gnd/129819-7
328015,Traklin Ltd.,Traklin Ltd.,,,Verlag mit Sitz in Tel Aviv (Israel) (nachgewiesen 1978),kif,,+,
60529,Poseidippos (Maroneia),Poseidippos (Maroneia),,,"""Magistrat in Maroneia um 437 bis 435 v. Chr.
Lit.: E. Schönert-Geiss, Die Münzprägung von Maroneia (1987) 18; W. Leschhorn, Lexikon der Aufschriften auf griechischen Münzen II (2009) 771."" - https://ikmk.smb.museum/object?id=18243387, 25.02.2019",piz,,+,
52759,Jochim Schumacher,Jochim Schumacher,,,"Metallhandwerker, aktiv um 1650",piz,male,+,
147054,Deutsches Rotes Kreuz - Suchdienst,Deutsches Rotes Kreuz - Suchdienst,,,""" Der DRK-Suchdienst...

unterstützt Menschen, die durch bewaffnete Konflikte, Katastrophen, Flucht, Vertreibung oder Migration von ihren Nächsten getrennt wurden.
Er hilft, Angehörige zu suchen, sie wieder miteinander in Kontakt zu bringen und Familien zu vereinen. "" - https://www.drk-suchdienst.de/, 30.07.2023",kiz,,+,
293170,"Sozialdemokratische Partei Deutschlands (SPD), Ortsverein Ratzeburg","Sozialdemokratische Partei Deutschlands (SPD), Ortsverein Ratzeburg",,,SPD-Ortsverein in Ratzeburg,kiz,,+,
211832,Verlag Paul Pretzsch,Verlag Paul Pretzsch,,,"Verlag, Postkartenverlag, Buchbinderei in Freyburg (Unstrut)",kif,,+,
208273,Lemaine (Drucker),Lemaine (Drucker),,,Drucker in Paris. Nachgewiesen für 1870er Jahre.,piz,,+,https://d-nb.info/gnd/1044361476
31688,Karl Börnert (Bergschüler),Karl Börnert (Bergschüler),,,Besuchte die Bergschule in Eisleben.,piz,male,+,
73619,L. Memmius Galeria L. f.,L. Memmius Galeria L. f.,,,"""Römischer Münzmeister ca. 87 v. Chr. Bruder von C. Memmius L. f. Gal. Sohn von L. Memmius Gal."" - gnd, 13.07.2025",piz,,+,https://d-nb.info/gnd/1185218149
237475,SK Sturm Durisol,SK Sturm Durisol,,,"""Der Sportklub Sturm Graz (durch ein Sponsoring offiziell Sportklub Puntigamer Sturm Graz), kurz SK Sturm Graz oder einfach nur Sturm Graz, ist ein Fußballverein aus der steirischen Landeshauptstadt Graz. 
Der SK Sturm Graz war von 1969 bis 1979 unter dem Namen SK Sturm Durisol Graz bekannt, da das Baustoff-Unternehmen Durisol der Hauptsponsor des Vereins war und den Sponsornamen in den Vereinsnamen aufnahm.
Der Verein spielt in der erstklassigen österreichischen Bundesliga, die Amateurmannschaft in der 2. Liga, die Frauenmannschaft in der ÖFB Frauen-Bundesliga. Heimstätte des SK Sturm Graz ist seit 1997 die Merkur Arena im Bezirk Liebenau, die Amateure spielen im Trainingszentrum Messendorf. Die Vereinsfarben sind Schwarz-Weiß. Die Grazer Brauerei Puntigam ist seit 1996 Hauptsponsor des Klubs. Er gehört mit seinen 20.000 Mitgliedern zu den größeren Sportvereinen in Österreich.

Die statutenmäßige Gründung als Grazer Fußballclub „Sturm“ fand am 31. März 1912 um 10.00 Uhr im Hotel Goldene Birn statt, wobei die Gründungsmitglieder bereits seit 1. Mai 1909 den Spielbetrieb als lose Fußballmannschaft geführt hatten. Da ab Februar 1920 überdies unter anderem eine Leichtathletik- und Handballsektion geschaffen wurde, erfolgte im Jänner desselben Jahres die Umbenennung in Grazer Sportklub „Sturm“. Heute besteht nur mehr der ursprüngliche Fußballverein samt Amateurmannschaft und Jugend, der sich seit den 1950er-Jahren SK Sturm Graz nennt und meist nur mehr unter diesem Namen bekannt ist.

Größte Erfolge des Vereins sind der Gewinn der österreichischen Fußballmeisterschaft in den Saisonen 1997/98, 1998/99, 2010/11, 2023/24 und 2024/25. Internationale Bekanntheit erlangte der Klub vor allem durch die Teilnahmen an den Champions-League-Saisonen 1998/99, 1999/2000 und 2000/01, in der die zweite Gruppenphase erreicht werden konnte.

Der Profispielbetrieb ist in die SK Sturm Sportbetriebe GmbH ausgegliedert, deren einzige Gesellschafterin die SK Sturm sales & communication GmbH ist, die wiederum eine hundertprozentige Tochter der vereinseigenen SK Sturm Wirtschaftsbetriebe GmbH ist."" - (Wikipedia (de) 11.08.2025)",kiz,,+,
218722,Fotoatelier A. Traub,Fotoatelier A. Traub,,,"Fotoatelier in
- Durlach, Zehnstr. 7",kif,,+,
222660,Eduard Liebler (Metzger),Eduard Liebler (Metzger),,,Dipl. Kaufmann und Metzgermeister.,piz,male,+,
116623,Robert Schwarzbach (Fotograf),Robert Schwarzbach (Fotograf),,,Robert Schwarzbach war Ende des 19. und Anfang des 20. Jahrhunderts Fotografie und Inhaber des Fotogatelier Schwarzbach in Bitterfeld.,piz,male,+,
283070,Dolf Siebert,Dolf Siebert (1893-1969),1893,1969,"Maler und Fotograf, der vorwiegend im Rheinland tätig war.",piz,male,+,https://d-nb.info/gnd/172984467
126783,Johann Adam Gabler,Johann Adam Gabler (1833-1888),1833,1888,"Johann Adam Gabler (geboren: 25.3.1833, Ottowind, Sachsen; gestorben: 19.5.1888, Interlaken). Gabler kam als Wagnergeselle 1861 aus Sachsen in die Schweiz und wechselte zwei Jahre später in die Fotografie, Wanderfotograf im Emmental (1864 sowie 1866-1869) und im Berner Oberland. Um 1870 baute Gabler in Interlaken, wo damals der Tourismus seinen Aufschwung nahm, ein Haus mit einem Fotoatelier, wo er Foto-Panoramen, Landschaftsaufnahmen, Cartes-de-visite, Stereobilder, Atelier-Porträts folkloristischer Typen des Berner Oberlands als Sammelbilder für Touristen herstellte. Viele seiner rund 10 000 Aufnahmen haben den Charakter romantisierter Reiseandenken. Das Geschäft wurde 1888 von der Witwe Rosina Gabler und Sohn Arthur Gabler übernommen. (fotostiftung.ch)",piz,male,+,
311580,Barthelemy Denig,Barthelemy Denig,,,Gerichtsschreiber am Gerichts-Tribunal erster Instanz zu Speyer Anfang 19.Jh.,piz,male,+,
132897,Johan Philipp Aubry,Johan Philipp Aubry (1660-),1660,,Kupferstecher,piz,male,+,
308372,Ralf Stüwe,Ralf Stüwe (1957-),1957,,Ralf Stüwe ist ein Bremer Künstler.,piz,male,+,
40687,Telefunken Radiotécnica Ibérica S.A.,Telefunken Radiotécnica Ibérica S.A.,,,"Telefunken Radiotécnica Ibérica S.A. sita en Getafe, provincia de Madrid, Calle de Madrid, 101.",kif,,+,
7189,Bielefelder Spielkarten GmbH,Bielefelder Spielkarten GmbH,,,"""1950-1996, Sitz Leinfelden-Echterdingen, bis 1979 Bielefeld"" - gnd, 31.12.2017",piz,,+,http://d-nb.info/gnd/4528440-4
257981,W. H. Briesang,W. H. Briesang,,,"Künstler (nachweisbar als Federzeichner), 20. Jh.",piz,male,+,
129165,Giuseppe Perini,Giuseppe Perini (1743-1761),1743,1761,"Kupferstecher.

""Year died: 1761 fl. ... Worked for anatomist Leopoldo Marco Antonio Caldani & anatomist Floriano Caldani: Icones anat. celebriores (1801-14);"" - https://dsi.hi.uni-stuttgart.de/index.php?tablename=dsi&function=details&where_field=id&where_value=1357",piz,male,+,
9537,Otto Hartmann,Otto Hartmann (1923-1944),1923,1944,"Geboren am 17.11.1923
Obergefreiter in der deutschen Armee.
Gestorben am 25.07.1944 (gefallen an der Ostfront).

Bruder: Unteroffizier Helmut Hartmann, geb. 29.6.1922. / gef. 6.7.1943.
Vater: Walter Hartmann (1894-1939).",piz,male,+,
187816,Franz Apell (Goldschmied),Franz Apell (Goldschmied) (1850-),1850,,"""Apell, Franz (geboren 1850)
Goldschmied und Hofjuwelier in Erfurt. Münzsammler.
Lit.: Kunsthandbuch für Deutschland. 6. Auflage (1904) 143."" - https://ikmk.smb.museum/ndp/person/9561, 21.11.2021",piz,male,+,
342782,Stadt Ziegenrück,Stadt Ziegenrück,,,Die Stadt Ziegenrück als Gebietskörperschaft und ihre Verwaltung.,kio,,+,
340628,L. Eimbeck,L. Eimbeck,,,"Mosaikmalerin in Berlin, erw. 1858/59",piz,female,+,
174867,Dominicus Martin Franz Carl Brentano,Dominicus Martin Franz Carl Brentano (1769-1825),1769,1825,Doktor der Rechtswissenschaften,piz,male,+,
63777,Fritz Peter Hoppe,Fritz Peter Hoppe,,,"Oberst Fritz Peter Hoppe, stellvertretender Standortkommandant der Bundeswehr in Berlin.",piz,male,+,http://d-nb.info/gnd/112255663
152202,Hahn (Mechanikus),Hahn (Mechanikus),,,Konstruierte im Jahr 1843 in Ludwigsburg ein Wasserschöpfrad.,piz,male,+,
328051,Südraum-Verlag,Südraum-Verlag,,,"Südraum-Verlag, Borna, Abtsdorfer Str. 36 (nachgewiesen 2012)",kif,,+,
193758,Johann Georg Friedrich Matthäi,Johann Georg Friedrich Matthäi (-1830),,1830,Johann Georg Friedrich Matthäi war Jurist.,piz,male,+,
174230,Bertha Haller von Raitenbuch,Bertha Haller von Raitenbuch (1844-1907),1844,1907,"verstorben 06.03.1907 in Graz.
Vgl. Partezettel (Todesanzeige) im Österreichischen Staatsarchiv in Wien (https://www.archivinformationssystem.at/detail.aspx?ID=4176451)",piz,female,+,
