340762,Christian Benjamin Jeserich,Christian Benjamin Jeserich,,,Goldschmied in Kassel. Nachgewiesen 1778-1785,piz,male,+,
277307,Steingutfabrik Amberg,Steingutfabrik Amberg,,,Steingutfabrik (nachgewiesen 2. H. 19. Jh),kif,,+,
268476,Wilh. Fülle GmbH,Wilh. Fülle GmbH,,,"Kunstanstalt und Verlag in Barmen, nachgewiesen 1929/30 insbesondere für Ansichtskarten, illustrierte Prospekte sowie fortgrafische Aufnahmen für Gewerbe und Industrie",kif,,+,
191599,Franz Essink,Franz Essink (1801-1871),1801,1871,Franz Essink (* 25. April 1801 in Münster; † 31. Dezember 1871 ebenda) war als Bürger von Münster ein Original. Sein Beruf war Gelbgießer; er war Titelfigur eines plattdeutschen Romans von Franz Giese und Hermann Landois. (Quelle: wiki.muenster.org),piz,male,+,
135684,Matthäus Halm,Matthäus Halm,,,Kupferstecher. Nachgewiesen für Zeit um 1766.,piz,male,+,http://d-nb.info/gnd/1037043383
32595,Heugel & Cie,Heugel & Cie,,,"Musikverlag, gegründet 1839 in Paris (Éditions Heugel).",kif,,+,http://d-nb.info/gnd/1086213203
219214,SED-Bezirksleitung Magdeburg,SED-Bezirksleitung Magdeburg,,,Leitung der Sozialistischen Einheitspartei Deutschlands im Bezirk Magdeburg,kiz,,+,
270957,Fotoatelier E. Feldt,Fotoatelier E. Feldt,,,"Fotoatelier in Neuwedell, auch als Verlag für Ansichtskarten tätig (nachgewiesen durch Exemplar mit dem Aufdruck ""Verlag E. Feldt, Phot. Neuwedell 1905"")",kif,,+,
178104,Verlagsbuchhandlung George Westermann (Braunschweig),Verlagsbuchhandlung George Westermann (Braunschweig),,,"Unternehmen, welches von 1838-1916 in Braunschweig bestand.

""1837 besuchte Westermann England, angezogen von dessen Führungsposition im Bereich der Wirtschaft und Technik. Er besuchte Handelskontore, Häfen und Baumwollspinnereien sowie Bahnanlagen und änderte ob seiner Begeisterung für die englische Kultur seinen Vornamen in George.""; ab 1912/13 Gründung von Zweigstellen in Berlin und Hamburg - Wikipedia am 20.4.2010; unter Friedrich Westermann ab 1879 OHG, ab 1.7.1908 wurde Verlag Kommanditgesellschaft"" - gnd, 29.06.2022",kif,,+,https://d-nb.info/gnd/5089947-8
116897,Első Miskolczi Szikvízgyár,Első Miskolczi Szikvízgyár,,,"Első Miskolczi Szikvízgyár, Miskolc, Kálvin u. 2. ""A szódavíz (másként szikvíz, a köznyelvben szóda is) nyomás alatt lévő szénsavas ital. „Szikvíznek” csak olyan terméket szabad nevezni Magyarországon, amit szifonfejes palackba, vagy speciális fejjel ellátott (szifonfejes felvezető szárral) szikvizes ballonba (általában 25 literes ballonokba) töltenek. Szomjoltó ital, illetve fröccs-adalék. Magyarországon való gyártását Jedlik Ányos dolgozta ki, aki eljárását 1829-ben írta le „Mesterséges savanyúvizek” című tudományos értekezésében.2013-ban a szikvíz bekerült a Magyar Értéktárba (Hungarikum, Hagyományos különleges termék.A Codex Alimentarius Hungaricus az 1/2003/HKT számú termékleírásában részletezi a szikvíz, közkeletű nevén szódavíz fogalmát. Maga a szikvíz szó onnan ered, hogy szódavíz készítéséhez felhasznált szénsavat tévesen a sziksóval azonosították. Neve pontatlan, mert a szóda a nátrium-karbonát közismert neve.""(https://hu.wikipedia.org/wiki/Sz%C3%B3dav%C3%ADz, 2020.08.21.)",kif,,+,
282508,Thomas Weber,Thomas Weber (1761-1828),1761,1828,"deutscher Maler, Kupferstecher, Lithograph und Kunsthändler in Augsburg",piz,male,+,https://d-nb.info/gnd/129269883
25705,Fritz Unger,Fritz Unger (1885-1946),1885,1946,"Fotograf,
Geboren am 25.04.1885 in Forst (Lausitz), gestorben am 20.12.1946 in Cottbus.
Heirat mit Dora, geb. Schlaugh aus Neuhausen am 21.09.1918 in Forst (Lausitz).
Der Vater von Fritz Unger, Gustav Unger war ebenfalls Fotograf in Forst.
Fritz Unger : Photographenmeister, Theaterphotograph. Atelier in Forst/Lausitz.
1919 Geschäftseröffnung Cottbus Kaiser-Friedrich-Straße 26 Cottbus im früheren Fotoatelier
von August Spitzer, dessen Negativarchiv er übernahm. Unger hinterließ wertvolles
Bildmaterial aus der Stadt Cottbus der 20er und 30er Jahre, das heute im
Stadtarchiv aufbewahrt wird.
(Hans-Hermann Krönert, Personenlexikon, unveröffentlichtes Manuskript, Stadtarchiv Cottbus mit Ergänzungen.)",piz,male,+,
260254,Ferdinand Briel,Ferdinand Briel,,,"Schreiner in Frankfurt am Main, belegt 1875-1912
Vollständiger Name: Heinrich Ferdinand Briel.
Quelle: Frankfurter Adressbuch 1875-1912",piz,male,+,
54718,VEB Jugendmode Rostock,VEB Jugendmode Rostock,,,Textilunternehmen in Rostock,kif,,+,
66549,Thomas Zach (Musikinstrumentenbauer),Thomas Zach (Musikinstrumentenbauer) (1812-1892),1812,1892,Musikinstrumentenbauer in Wien.,piz,male,+,
274523,Wilhelm Schäfer (Maler),Wilhelm Schäfer (Maler) (1839-1906),1839,1906,"Deutscher Genre- und Aquarellmaler, Lithograf und Illustrator in Berlin. Fertigte um 1900 unter anderem Illustrationen für Ansichtskarten an.
Geb. 8. 3. 1839 Berlin, gest. 11. 3. 1906 Berlin",piz,male,+,
192058,Jacobine Henriette von Werthern-Beichlingen,Jacobine Henriette von Werthern-Beichlingen (1709-1784),1709,1784,"Jacobine Henriette von Werthern-Beichlingen, geb. von Flemming , heiratete 1724 in Dresden Georg II. Graf von Werthern-Bleichlingen. 
Ihre Tochter, Rahel Luise, heiratete 1741 den Urgroßvater Fürst Pücklers, Johann Alexander Graf von Callenberg. Sie ist somit die Ururgroßmutter des Fürsten mütterlicherseits.",piz,female,+,https://d-nb.info/gnd/1027387861
339501,Anna Besserer von Dahlfingen,Anna Besserer von Dahlfingen (1840-1906),1840,1906,"Tochter von Ludwig Besserer von Dahlfingen und Therese von Eichendorff, Enkelin des Dichters Joseph von Eichendorff",piz,female,+,
194945,"Verlag der praktische Schulmann, Keller & Nehmann","Verlag der praktische Schulmann, Keller & Nehmann",,,Verlag in Stuttgart.,kif,,+,
168465,Imprimerie F. Chardon aîné,Imprimerie F. Chardon aîné,,,"Druckerei bzw. Verlag des F. Chardon sen. in Paris, nachweisbar 1835 bis 1901",kif,,+,
7495,Rehork (Schiffskonstrukteur),Rehork (Schiffskonstrukteur),,,Hauptkonstrukteur im VEB Schiffswerft Berlin (nachgewiesen 1959-1961),piz,,+,
26014,Dietrich Schuppelius,Dietrich Schuppelius (1927-2013),1927,2013,Oberförster in der Oberförsterei-Buchheide in Templin,piz,male,+,
43325,Gerda Pohl (Templin),Gerda Pohl (Templin),,,Erstellte Scherenschnitte.,piz,female,+,
186491,Kommunalverband Frankenthal-Stadt,Kommunalverband Frankenthal-Stadt,,,Kommunalverband Frankenthal - Stadt,kio,,+,
74777,Bertrand Poljet,Bertrand Poljet (1891-),1891,,"Bertrand Poljet, geboren am 14.10.1891 in Schelle, war ein belgischer Musiker, der während des Ersten Weltkriegs im Kriegsgefangenenlager Wahn interniert war.",piz,male,+,
201230,Raics és Fabricius,Raics és Fabricius,,,Unternehmen in Budapest,kif,,+,
197842,Conrad Müller (Druckerei),Conrad Müller (Druckerei),,,Druckerei in Hamburg am Ende des 18. Jahrhunderts,kif,,+,
314391,Ruth Kessler,Ruth Kessler (-1985),,1985,"Leitende Erzieherin im Schulhort in Ummendorf, wohnhaft in Eilsleben.",piz,female,+,
11844,Leopold Voss (Verlag),Leopold Voss (Verlag),,,"Verlag in Leipzig, 19. Jh.",kif,,+,http://d-nb.info/gnd/1225882-9
32240,P. I. Schott (Zinngießer),P. I. Schott (Zinngießer),,,"Zinngießer, belegt 1. H. 18. Jh.",piz,male,+,
19687,Nachrichtenamt Haldensleben,Nachrichtenamt Haldensleben,,,"Nachgeordnete Behörde des Landkreises Haldensleben, belegt 1947",kio,,+,
64634,Johann Mathias Willebrand,Johann Mathias Willebrand (1658-1726),1658,1726,"""Augsburger Uhrmacher und Mechaniker
Johann Mathias Willebrand wurde um 1658 geboren. 1682 ging er nach Augsburg und absolvierte bei seinem Stiefbruder Johann Martin eine Lehre und blieb zunächst in dessen Werkstatt. 1703 fertigte er sein Meisterstück und eröffnete ein eigenes Geschäft. Er fertigte außer Räderuhren auch hochwertige Sonnenuhren, astronomische Instrumente, Schrittzähler und andere Instrumente. ... Johann Mathias Willebrand verstarb 1726."" - https://watch-wiki.org/index.php?title=Willebrand,_Johann_Mathias, 07.07.2019",piz,male,+,
52618,Foto Cramers Kunstanstalt KG,Foto Cramers Kunstanstalt KG,,,Hersteller von Postkarten,kif,,+,
3404,"Photographische Kunstanstalt ""Makart""","Photographische Kunstanstalt ""Makart""",,,"Die Berliner Kunstanstalt ""Makart"" existierte in den Jahren 1909-1910 in der Schönhauser Allee 6-7 mit dem Besitzer H. Kammer.",kif,,+,
132162,Carl Sulzer,Carl Sulzer (1631-1675),1631,1675,"""Also known as
 Carl Sulzer 
 primary name: Sulzer, Carl 
Details
 individual; legal; German; Male 
Life dates
 1631-1675 
Biography
 Lawyer in Augsburg."" - https://www.britishmuseum.org/collection/term/BIOG257070, 03.01.2021",piz,male,+,
328334,Planungsbüro Wicker,Planungsbüro Wicker,,,"Planungsbüro Wicker (Werner J. Wilhelm Wicker, 1935-2023)",kif,,,
65504,Verlag der Boltzeschen Buchhandlung,Verlag der Boltzeschen Buchhandlung,,,Verlag und Buchhandlung aus Gebweiler,kif,,+,
43317,Cornelius Rathscheidt,Cornelius Rathscheidt,,,"Autor des Buches ""Güldenes Hand-Büchlein der HH. Dreyen Königen"", 18. Jahrhundert",piz,male,+,
142931,K.K. Tuslukow (Kommandeur),K.K. Tuslukow (Kommandeur),,,Kommandeur einer Aufklärerkompanie der Roten Armee im zweiten Weltkrieg.,piz,male,+,
256558,Wentzel von Cleen,Wentzel von Cleen,,,"Ritter aus der Wetterau, erwähnt 1473",piz,male,+,
64134,Erna Brettschneider,Erna Brettschneider (1898-1982),1898,1982,"""Erna Brettschneider (geb. 1898, gest. 1982), Fotografin und Tocher des Fotografen Oscar Brettschneider, der 1901 das renommierte Porträtstudio Albert Meyer, Potsdamer Strasse 125 in Berlin übernommen hatte."" - http://www.smb-digital.de/eMuseumPlus?service=ExternalInterface&module=collection&objectId=1891963, 01.12.2018",piz,female,+,
53770,Franz-Josef Holler (GmbH),Franz-Josef Holler (GmbH),,,"Verlag in München, 1980er Jahre.",kif,,+,
197459,Theobald Blumberg (Kaffeehausbesitzer),Theobald Blumberg (Kaffeehausbesitzer),,,"Kaffehausbesitzer in Jüterbog, Theobald Blumberg, wohnhaft Markt Nr. 18 im Jahre 1937.",piz,male,+,
339599,Marie von Collignon,Marie von Collignon (1821-1909),1821,1909,"Genre-, Porträt- und Landschaftsmalerin in Berlin, erw. 1850–1860",piz,female,+,
278743,Hedwig Weiß (Sekretärin),Hedwig Weiß (Sekretärin) (1883-1967),1883,1967,"Sekretärin in Berlin, zuletzt wohnhaft in Berlin-Haselhorst, geboren 3. 5. 1883 Berlin(-Kreuzberg), gestorben 11. 10. 1967 Berlin-Spandau, unverheiratet, Tochter des Tapeziermeisters Josef Weiß und der Ida geb. Voges",piz,female,+,
186294,Becton Dickinson France SA,Becton Dickinson France SA,,,"Unternehmen, welches Geräte für die medizinische Diagnostik herstellt.",kif,,+,
208679,Johannes Scultetus (der Jüngere),Johannes Scultetus (der Jüngere) (-1663),,1663,"Johannes Scultetus der Jüngere war der Neffe des berühmten Arztes und Chirurgen Johann Schultes /Johannes Sculteteus (1595-1645). Scultetus nahm sich des Sohnes seines 1635 verstorbenen Bruders Martin an, der auf den Namen Johannes getauft war und ermöglichte ihm ein Medizinstudium in Straßburg und Padua. Scultetus der Jüngere wurde später herzoglich württembergischer Medicus und schließlich 1653 Stadtphysicus in Ulm.
Das Armamentarium Chirurgicum, Vermächtnis und Hauptwerk von Scultetus dem Älteren blieb nach dessen Tod unvollendet. Scultetus d. J. schloss die Arbeit daran ab und veröffentlichte das Werk 1653.",piz,male,+,
14134,Charles Bloud,Charles Bloud (-1680),,1680,"Uhrenmacher
http://www.beyars.com/de_bloud-charles.html
Nach http://collectionsonline.nmsi.ac.uk/detail.php?type=related&kv=30078&t=people aktiv von 1653 bis 1680
Nach
http://collections.rmg.co.uk/collections.html#!csearch;authority=agent-167306;browseBy=maker;makerFacetLetter=B
First mentioned in June 1646 as a ’faiseur d’instrumens’ in a list of ship-captains, pilots, navigation specialists and others experienced in sea affairs. He may have been in Paris before moving to Dieppe. In 1653 he made an unusually large magnetic azimuth dial for the King’s brother. He claimed to have invented this form of dial, and this particular example may have been his first. He published a description and explanation of the dial in 1668. He was no longer in Dieppe in 1699",piz,male,,
267718,Reichs-Kredit-Gesellschaft AG,Reichs-Kredit-Gesellschaft AG,,,"""Reichs-Kredit-Gesellschaft Aktiengesellschaft"" in Berlin, nachgewiesen 1943",kif,,,
329252,Eduard Bernard,Eduard Bernard,,,Ingenieur und Fabrikant in Berlin (nachgewiesen 1905/06),piz,male,,
211455,F. A. Kamper und Sohn (Druckerei ),F. A. Kamper und Sohn (Druckerei ),,,"Buch- und Steindruckerei in Neuss, nachgewiesen Mitte 19. Jahrhundert",kif,,+,
187642,Brenner Näther GmbH & Co. KG,Brenner Näther GmbH & Co. KG,,,Brenner Näther GmbH & Co. KG Ist in der Metallverarbeitung aktiv.,kif,,+,
137939,Uhrenfabrik C. Schuler KG,Uhrenfabrik C. Schuler KG,,,"""1922 gründete C. Schuler gemeinsam mit seinem Sohn Hugo in Schwenningen eine Uhrenfabrik. Es wurden Wecker, Fahrrad- und Motorraduhren sowie Einsatzwerke gefertigt. Die Präzisionspendeluhren von Schuler hatten ein Pendel, das in Wasserstoff schwang. Die Firma bestand bis 1963."" - https://watch-wiki.org/index.php?title=Uhrenfabrik_C._Schuler_KG, 24.07.2023",kif,,+,
332212,Gerhard Porath,Gerhard Porath (1930-2020),1930,2020,"Dr. med. vet. Gerhard Porath war ab 1954 Tierarzt im Oderbruch (Buschdorf), Gründungsmitglied der Tierärztekammer des Landes Brandenburg, daneben Heimatforscher und volkskundlicher Sammler, Gründungsmitglied der
Archäologischen Gesellschaft des Landes Brandenburg und ehrenamtlicher Bodendenkmalspfleger. Er hat dem Oderbruchmuseum Altranft eine umfangreiche Sammlung geschenkt.",piz,male,+,https://d-nb.info/gnd/1201446945
178095,Julia von Savigny,Julia von Savigny (1829-1905),1829,1905,"""Savigny, Julia von
*31.08.1829 +25.03.1905

Persönliche Beziehungen: Tochter von Anna von Hompesch-Bollheim (25.10.1802-06.06.1833) und Stolberg, Andreas von (1786-1863); Ehefrau von Savigny, Leo von (1820-1886); Mutter von Savigny, Franz von (1859-1917), Savigny, Clemens von (1870-1917)

Verweisungsformen: Stolberg, Julia zu

Stolberg-Stolberg, Maria Julia zu [Geburtsname]

03.08.1858 Eheschließung "" - http://vollfix.uni-muenster.de/hans/hans.pl?db=hans&t_show=x&wertreg=PER&wert=savigny%2C+julia+%5B1829-1905%5D&reccheck=,40269, 19.06.2021",piz,female,+,
68802,Heinrich Schmidt (Fotograf),Heinrich Schmidt (Fotograf),,,"Fotograf, aktiv in Bendorf um 1885-1900",piz,male,+,
74063,Druckerei Seibert,Druckerei Seibert,,,"Traditionsbetrieb aus Osthofen, jetzt mit Druckerei K. Wolf aus Ingelheim fusioniert zu Weissgrund Media",kif,,-,
31660,Heinrich August Franz Ehrenberg,Heinrich August Franz Ehrenberg,,,Nachgewiesen für 1. Hälfte 19. Jahrhundert. Zeichnete Pläne für Mansfelder Revier,piz,male,+,
20865,Osiandersche Kunststickerei-Anstalt,Osiandersche Kunststickerei-Anstalt,,,1858 in Ravensburg gegründet. Filialbetriebe in Dornbirn und Keevelar. Die Osiandersche Kunststickerei-Anstalt war einer der renomiertesten Fahnenhersteller in Deutschland.,kif,,+,
69550,Fotoatelier Hermann Kluge,Fotoatelier Hermann Kluge,,,"Fotoatelier in
- Unna",kif,,+,
11373,Carl Georg Küster,Carl Georg Küster (1718-1774),1718,1774,"Meister 1746
Wernigerode

W. Scheffler: GS Mittel- & Nordostdeutschland S. 551",piz,,+,
8592,Brüder Fuchs (Firma),Brüder Fuchs (Firma),,,"Firma in Berlin und Hannover. 
""Die Geschichte der Fabrik geht bis ins 19. Jahrhundert zurück: im Jahr 1898 errichtete der Geschäftsmann Louis Tidow ""auf der grünen Wiese"" in Hannover-Badenstedt eine Fabrik zur Produktion von Feuerwehrspritzen. Im Jahr 1919 kauften die Gebrüder Fuchs, die 1907 in Berlin das ADMI-Werk gegründet hatten, die Fabrik und nutzten sie bald als ihr Hauptwerk, da die Produktionsstätte in Berlin zu klein geworden war. Die ADMI-Werke Brüder Fuchs produzierten hier bis 1994""
Quelle: www.fuchswerke.de/Geschichte.html (abgerufen 17.11.12)",kif,,+,
171241,Anna Maria Catharina Forstmann,Anna Maria Catharina Forstmann (1767-1800),1767,1800,Anna Maria Catharina Forstmann wurde 1767 in Lohne geboren und starb 1800 in Soest,piz,female,,
113434,Königliche Eisenbahndirektion Hannover der Königlich Preußischen Staatseisenbahnen,Königliche Eisenbahndirektion Hannover der Königlich Preußischen Staatseisenbahnen,,,"In Preußen wurden die Verwaltungen der größeren staatlichen Bahnen zu selbständigen Direktionen umgebildet, die als „Königliche Eisenbahndirektionen“, kurz „KED“ und später als „Eisenbahndirektionen“ („ED“) der Preußischen Staatseisenbahnen bezeichnet wurden.
Die Königliche Eisenbahndirektion Hannover wurde 1880 gegründet.
(wikipedia: 15.07.2021)",kiz,,+,
218284,Andreas Doll,Andreas Doll (1870-1950),1870,1950,"Malermeister, Lehrer an der Gewerbeschule Karlsruhe, Steinsammler",piz,male,+,
191461,Josefine Marconi,Josefine Marconi,,,Josefine Marconi war Schauspielerin und wirkte von 1809 bis 1822 am Königlichen Hoftheater in Stuttgart.,piz,female,+,
310983,Johann Georg Caulitz,Johann Georg Caulitz,,,"Deutscher Maler. Nachgewiesen zur Zeit König Friedrichs I. in Preußen (1701-1713) in Brandenburg. Porträtmaler.

ThB. VI, 1912.",piz,male,+,
270847,Michal Grochowicz,Michal Grochowicz,,,2016 Fotograf in Walbrzych (Waldenburg in Schlesien),piz,male,,
258436,Thaddäus Sauter,Thaddäus Sauter (1675-1726),1675,1726,"Deutscher Maler. Bischöflicher Hofmaler in Augsburg, Porträtmaler.",piz,male,+,https://d-nb.info/gnd/129247219
256604,Fotoatelier Gebrüder Mohr,Fotoatelier Gebrüder Mohr,,,"Fotoatelier in
- Frankfurt am Main, Brönnerstraße 24",kif,,+,
235676,J. A. Klemm (Verlag),J. A. Klemm (Verlag),,,Als Verlag für Ansichtskarten in Schwiebus [Świebodzin] um 1900 nachgewiesen,kif,,+,
201439,Kulturbund Oschersleben (Bode),Kulturbund Oschersleben (Bode),,,Kulkturbund der Stadt Oscherleben (Bode),kiz,,+,
43104,Johann Christoph Pfeiffer (Hutmacher),Johann Christoph Pfeiffer (Hutmacher),,,Hutmachermeister und Bürger auf dem Neumarkt vor Halle. 1755 Verlobung mit Johanna Maria Dreyhaupt.,piz,male,+,
117256,Laurenz Fohleutner,Laurenz Fohleutner (1809-1882),1809,1882,Richter und Notar in Wien.,piz,male,+,
72722,Fotoatelier Johann Helgerth,Fotoatelier Johann Helgerth,,,"Fotoatelier in
- Kaiserslautern, An der Fackel-Rondelle (Fackelrondell)",kif,,+,
155104,Wolfgang Eickhoff,Wolfgang Eickhoff (1914-),1914,,"Maler, Schriftsetzer, Grafiker",piz,male,+,http://d-nb.info/gnd/1204493529
271352,Johann Gerhard Quincke,Johann Gerhard Quincke (1741-1818),1741,1818,"Iserlohner Kaufmann, Compagnon in Quincke & Lodewig; V: Clemens Quincke aus Altena, Kupferschläger, M: NN; verheiratet mit Anna Maria Eisabeth Plato (1738-1819)",piz,male,+,
70704,Joseph Azagury,Joseph Azagury,,,"Schuhdesigner mit Atelier in London, wo seit 2014 die Schuhe gefertigt werden",piz,male,+,
266100,Lammbräu Hilsenbeck,Lammbräu Hilsenbeck,,,Die Lammbräu Hilsenbeck in Gruibingen stellt auch 2024 noch ihre Biere her.,kif,,+,
258933,Carl Ludwig Franck,Carl Ludwig Franck,,,"Hypothekenbuchschreiber in Frankfurt am Main, belegt 1818-1827.
Abweichende Namensform: Frank (offenbar falsch; aber so im: Staats-Calender der Freien Stadt Frankfurt 1818, S. 19).
Weitere Quelle: https://d-nb.info/gnd/1288902719",piz,male,+,
457,Auguste Obst,Auguste Obst,,,"Gattin von Emil Obst, Rendant in Bitterfeld, Anf. 20. Jh.",piz,female,+,
21643,Christian Schäfer,Christian Schäfer,,,"1987 Mitautor des Leitfadens ""Mieter kaufen ihr Haus""",piz,male,+,
186708,Friedrich Karl Feigel,Friedrich Karl Feigel (1875-),1875,,"geb. 24.11.1875
Altenkirchen/Rheinpfalz
cand.mind. Oberlehrer am Realgymnasium in Duisburg, Dr.phil. Leipzig (1905), Dr.theol. Heidelberg (1913); Direktor des Oberlyzeums und der Studienanstalt in Duisburg (bis 1.4.1938).",piz,male,+,
128536,Frau Schrayvogel (Prag),Frau Schrayvogel (Prag),,,"Kaufmannsfrau aus Prag, wurde ca. 1716 von Jan Kupetzky porträtiert.",piz,,+,
206120,Acatos et Benteli Verlags AG,Acatos et Benteli Verlags AG,,,Verlag in der Schweiz. Herausgeber Tarotkarten Niki de Saint Phalle,kif,,+,
332724,"Deutscher Kolonialverein (Frankfurt, Main)","Deutscher Kolonialverein (Frankfurt, Main)",,,"Gegründet 1882, ab 1887 fortgeführt durch die Deutsche Kolonialgesellschaft (DKG)",kiz,,+,https://d-nb.info/gnd/18919-4
264033,Lindenberg Adolf könyvnyomdája,Lindenberg Adolf könyvnyomdája,,,Druckerei in Tóváros.,kif,,+,
25145,Fotoatelier Reinhold Pelke,Fotoatelier Reinhold Pelke,,,"Fotoatelier, belegt Ende 19./Anf. 20. Jh. in
- Wągrowiec (Wongrowitz)
- Rogoźno (Rogasen)
- Kościan (Kosten)
- Chodzież (Kolmar i. P.)
- Żnin (Znin)",kif,,+,
60864,Aristoteiches (Chios),Aristoteiches (Chios),,,"""Magistrat in Chios zwischen ca. 190 und 165 v. Chr.
Sein Name erscheint auf posthumen Münzen im Namen Alexanders des Großen.
Lit.: M. J. Price, The coinage in the name of Alexander the Great and Philip Arrhidaeus (1991) 304 Nr. 2407. 2409; W. Leschhorn, Lexikon der Aufschriften auf griechischen Münzen II (2009) 361."" - https://ikmk.smb.museum/object?id=18252515, 24.02.2019",piz,,+,
178323,Georg Carl von Franck,Georg Carl von Franck,,,"Pseudonym La Roche, tätig 1801-1834",piz,male,,https://d-nb.info/gnd/116694548
24138,Karl Krüger (Mühlenbesitzer),Karl Krüger (Mühlenbesitzer),,,Um 1909 Besitzer der Kullamühle bei Berendt in Schleswig-Holstein,piz,,+,
137269,Adam von Podewils,Adam von Podewils (1687-1731),1687,1731,preußischer Regierungsrat,piz,male,+,
207200,Frau von Brentano,Frau von Brentano (1740-),1740,,Schriftstellerisch tätige Dame aus Winterthur,piz,female,-,
150848,Gisbert Neuber,Gisbert Neuber (1946-),1946,,"Geboren 1946. Hersteller von Miniaturen in der Zündholzschachtel, Seiffen.",piz,male,+,
30158,Chemisches Laboratorium für Tonindustrie Seger und Cramer,Chemisches Laboratorium für Tonindustrie Seger und Cramer,,,"1891 unter diesem Namen in Berlin nachweisbar. ""Cramer"" steht für Eduard Cramer (1859/Bochum - 1931/Berlin).",kif,,+,
187151,Jakob Janovski,Jakob Janovski (1809-1885),1809,1885,"Privatier. Geboren am 18. Juni 1809 in Janovice nad Uhlavou Janowitz. gestorben am 30. April 1885 in Wien.
Sohn von Wolf Janowsky und Cara Ludmilla Janowsky.
Ehemann von Julie Janovski.

https://www.geni.com/people/Jakob-Janovski/6000000008532250546",piz,,+,
312433,Huib van Vught,Huib van Vught (1923-2008),1923,2008,Niederländischer Maler,piz,male,+,
117604,Elly Winter-Pieck,Elly Winter-Pieck (1898-1987),1898,1987,"Elly Winter.
Geboren am 1. November 1898.
Gestorben am 13. Mai 1987.
Vater: Wilhelm Pieck.

War seit Herbst 1944 in Gestapo-Haft verschollenen Widerstandskämpfer Theodor Winter verheiratet. 
Ab 1949 leitende Tätigkeiten im Büro des Präsidenten der DDR inne, ab 1961 im Institut für Marxismus-Leninismus beim Zentralkomitee der SED.

(vgl. Wikipedia, 21.04.2020, URL: https://de.wikipedia.org/wiki/Wilhelm_Pieck)",piz,female,+,
325955,Franz Dittel,Franz Dittel,,,"Franz Dittel spendete eine Fotografie des Deckengemäldes der zerstörten Mariahilf-Kirche in Zuckmantel. Das Foto schoss sein Onkel H. Reinelt, nachdem Leo Weidler das Deckengemälde aus den Ruinen des Wallfahrtsortes bergen konnte und nach Deutschland brachte.",piz,male,+,
149342,Friedrich August Bott,Friedrich August Bott (1796-1857),1796,1857,"Klempnermeister, Malerdillettant aus Brandenburg an der Havel, der ausschließlich mit Ansichten aus Brandenburg hervortrat. Ausbildung unbekannt. Stellte von 1832 bis 1846 auf der Berliner Akademie-Ausstellung aus. Zwei Gemälde sind bekannt, ein sorgfältig komponiertes und 1830 datiertes Frühwerk (Rochow-Museum Reckahn) und eine großformatige Ansicht vom Marienberg mit optischem Telegraphen, das eine erstaunliche Qualität zeigt (Stadtmuseum Brandenburg an der Havel). [kl-bb]",piz,male,+,
61929,Johann von Langa,Johann von Langa (1860-),1860,,"""Langa, Johann von (1860 Schwarzenbeck/Herzogtum Lauenburg - 1911?)

Graveur und Münzstempelschneider in Hamburg. Über die künstlerische Ausbildung und die näheren Lebensumstände von Langas ist fast nichts bekannt. 1889 kam er nach Hamburg, wo er seit 1890 als Graveur an der Münze beschäftigt war. Im Adressbuch der Stadt lässt er sich noch bis 1911 nachweisen.
Lit.: Forrer III 296; VII 531-532; M. Heidemann, Medaillenkunst in Deutschland von 1895 bis 1914. Die Kunstmedaille in Deutschland 8 (1998) 503-504."" - https://ikmk.smb.museum/object?id=18215700, 28.08.2018",piz,male,+,
143933,Friedrich Kersten (Autor),Friedrich Kersten (Autor),,,"Verfasser eines ""Landser-Heftes"", 2. H. 20. Jh.",piz,male,,
343082,Gemeinde Neustift-Innermanzing,Gemeinde Neustift-Innermanzing,,,Die Gemeinde Neustift Inner Manzing als Gebietskörperschaft und ihre Verwaltung.,kio,,+,
116099,Arnold Bergsträsser Verlag,Arnold Bergsträsser Verlag,,,Verlag in Darmstadt,kif,,+,http://d-nb.info/gnd/1072971100
142752,David Williams (Merthyr Tydfil),David Williams (Merthyr Tydfil),,,"In Merthyr Tydfil/Wales. Ausgabe von Marken 1811.

Lit.: P. und B. R. Withers, The Token Book. British Tokens of the 17th 18th and 19th centuries and their values (2010) 423 Glamorganshire Nr. 8. - https://ikmk.smb.museum/ndp/person/11033, den 14.10.2021",piz,male,+,
180243,Mohr & Speyer AG,Mohr & Speyer AG,,,Hersteller von Uniformteilen für die preußische Armee.,kif,,+,
221719,Anita Dr. Helbig & Co GmbH,Anita Dr. Helbig & Co GmbH,,,Bandagen- und Miederfabrik. Gegründet 1886 durch Ernst Max Helbig in Dresden,kif,,+,
129403,Euphrosyne von Alexandrien,Euphrosyne von Alexandrien (415-470),415,470,"""Tochter von Paphnutios, der später Mönch wurde; soll als ""Smaragdus"" fast vierzig Jahre lang in Männerkleidung in einem Mönchskloster in Alexandria gelebt haben, bis man erst kurz vor ihrem Tod ihr wahres Geschlecht erkannte; von Mortzfeld A 6182 verwechselt"" - gnd, 20.06.2021",pxl,female,+,https://d-nb.info/gnd/1019730676
33534,Liebig (Mühlenbesitzer),Liebig (Mühlenbesitzer),,,Mühlenbesitzer in Breitenhain bei Świdnica.,piz,,+,
324551,"Anton Straub (Weprowatz, 1901)","Anton Straub (Weprowatz, 1901) (1901-)",1901,,lebte in Weprowatz; war Schriftführer des Weprowatzer Fußballvereins,piz,male,+,
34104,Caspar Futter (Münzmeister),Caspar Futter (Münzmeister),,,"Münzmeister in Luzern 1597—1606
""Meister Kaspar Futter; vor 1592 in der Münze in Chur beschäftigt ; dann Münzmeister in Zug und imWallis ; floh nach Italien ; kam in Konkurs ; wurde Münzmeister des Grafen Agostino Spinola; 1601—1606 fabrizirte Futter in Luzern für 188,000 Gulden Münzen."" - Liebenau, Th. von, ""Die Münzenmeister von Luzern"", Bulletin de la Société suisse de Numismatique 9 (1890), Heft 1, S. 6",piz,male,+,
181585,Emma Heine,Emma Heine,,,"Nichte von Henriette Davidis

https://de.wikipedia.org/wiki/Henriette_Davidis",piz,female,+,
40203,Freytag (Assistenzarzt Kreiskrankenhaus Wolmirstedt),Freytag (Assistenzarzt Kreiskrankenhaus Wolmirstedt),,,"Dr. Freytag - Facharzt für Innere Medizin.

1935 Assistenzarzt im Wolmirstedter Krankenhaus /Nachweis für 1921, 1935).",piz,,+,
221326,Karl Ludwig Bickel,Karl Ludwig Bickel (1905-1988),1905,1988,"Genannt: Bickel-Schulheis, Joles; genannt: Troffac, André (Frankfurt a. M. 1905-1988 Ampermoching)",piz,male,+,https://d-nb.info/gnd/1023405237
156793,Geschwister Zillien,Geschwister Zillien,,,"Inhaber des Hotels ""Zum Goldenen Anker"" Koblenz",siu,,+,
341418,Hermann Axthelm,Hermann Axthelm (1844-1915),1844,1915,"Karl Hermann Axthelm, Schlächtermeister/Fleischermeister in Berlin-Britz, geb. 15. 12. 1844 Bibra (Kr. Eckartsberga), geb. 30. 10. 1915 Berlin-Britz (Chausseestr. 72), evang. (Sohn des Schlächtermeisters Christian A. in Bibra, und dessen Ehefrau Johanna geb. N.N.); verh. mit Henriette geb. Gaing, geb. Friedrichsbruch (Kr. Ruppin) 15. 11. 1851, gest. 16. 3. 1939 Berlin-Britz (Chausseestr. 72)",piz,male,+,
187314,M. Hahn (Kochbuchverlag),M. Hahn (Kochbuchverlag),,,"1912 gründete Mary Hahn den Kochbuchverlag Mary Hahn in Frankfurt am Main. 1915 zog der Verlag nach Wernigerode um, 1925 nach Neubabelsberg und 1928 nach Berlin-Steglitz. Der Verlag existierte bis 1944. Die Neugründung war 1952. 1987 stellte der Verlag die Tätigkeit ein.",kif,,+,
350348,H. Domsgen,H. Domsgen,,,Pächter der Wolchingsmühle bei Senftenberg (nachgewiesen 1912),piz,male,,
285490,Gerd Knobloch (Fotograf),Gerd Knobloch (Fotograf),,,"Fotograf, u.a. in Düsseldorf.",piz,male,+,
10514,"Borchers und Jürges Nachf., Berlin","Borchers und Jürges Nachf., Berlin",,,"Vertrieb u.a. von Sanitätsartikeln.
Eingetragen in Berlin-Charlottenburg",kif,,+,http://d-nb.info/gnd/3043329-0
324505,Nikolaus Teufel (Weprowatz),Nikolaus Teufel (Weprowatz) (1910-),1910,,lebte in Weprowatz,piz,male,+,
11713,Christoph Heinrich Toberer,Christoph Heinrich Toberer (1773-1817),1773,1817,"""Christoph Heinrich Toberer, geb. 29.8.1773 in Oberriexingen, Emaillemaler bei der Porzellanfabrik in Ludwigsburg, zog 1799 nach L’Ocle. 1811 trat er bei der Porzellanmanufaktur in Ludwigsburg ein und starb am 27.4.1817 daselbst"" - http://www.landesarchiv-bw.de/plink/?f=2-369348, 04.09.2017",piz,male,+,
184605,Kainz & Liebhart,Kainz & Liebhart,,,Verlag in Wien,kif,,+,
165423,PREBENA Wilfried Bornemann GmbH & Co. KG,PREBENA Wilfried Bornemann GmbH & Co. KG,,,Die PREBENA Wilfried Bornemann GmbH & Co. KG ist ein Maschinenbauunternehmen mit Sitz in Schotten,kif,,+,
147723,"Reichsorganisationsleiter der NSDAP (ROL), Hauptschulungsamt","Reichsorganisationsleiter der NSDAP (ROL), Hauptschulungsamt",,,"Dienststelle der NSDAP, die u.a. ""Schulungsbriefe"" herausgab",kiz,,+,https://d-nb.info/gnd/19571-6
267148,Carl Anton Blanchard,Carl Anton Blanchard (1768-1842),1768,1842,"Theater-, Historien-, Porträt- und Landschaftsmaler, Pastellmaler.
Geboren in Leipzig, Theatermaler in Breslau, ab 1809 Maler in Leipzig.",piz,male,+,
237554,Verlag Carl Friedr. Huber (Achern),Verlag Carl Friedr. Huber (Achern),,,"Verlag für Post- und Ansichtskarten in Achern, Baden.",kif,,+,
32220,Sebastian Petzold (Verleger),Sebastian Petzold (Verleger),,,Verleger in Amsterdam. Nachgewiesen für Zeit um 1700.,piz,male,+,
25293,Fotoatelier Robert Spreng,Fotoatelier Robert Spreng,,,"Fotoatelier in
- Basel, Clarastraße 54 (nächst Bad. Bahnhof)
- Olten, Römerstraße 187
- Säckingen
-Lörrach, Baslerstr. 42

belegt seit mind. 1887
Das Atelier in Basel wurde von 1913 bis 1967 von Robert Spreng jun. geführt.

Zur Person Robert Spreng siehe:
- Robert Spreng sen. (1850-1945) http://www.foto-ch.ch/?a=fotograph&id=23805&lang=de

- Robert Spreng jun. (1890-1969) 
http://www.foto-ch.ch/?a=fotograph&id=20861&lang=de
http://d-nb.info/gnd/123071453",kif,,+,
312381,Reiner Zerlin,Reiner Zerlin (1939-2022),1939,2022,Dr. Reiner Zerlin war viele Jahre als Jugendrichter am Amtsgericht Düsseldorf tätig und wohnte zuletzt in Brühl. Als langjähriges Mitglied des Fördervereins des Ikonen-Museums EIKON arbeitete er auch als anerkannter Sachverständiger für Ikonen. Gemeinsam mit seinem ebenfalls in Brühl lebenden Bruder Jochen sammelte er seit seinem achtzehnten Lebensjahr Ikonen. Bei den in jahrzehntelanger Tätigkeit entstandenen Sammlungen der beiden Brüder handelt es sich um die umfangreichsten und bedeutendsten Privatkollektionen dieser Art in Deutschland.,piz,male,+,
69690,Becker'sche Buchhandlung Gotha,Becker'sche Buchhandlung Gotha,,,Becker'sche Buchhandlung in Gotha. Druckerei. Nachgewiesen für 1851.,kif,,+,
20804,Wilhelm Thiermann (Maler),Wilhelm Thiermann (Maler),,,"Maler, belegt 1933",piz,male,,
282647,Gerda Breuer,Gerda Breuer (1934-),1934,,"Goldschmiedin, geboren am 21.03.1934.",piz,,+,https://d-nb.info/gnd/112892109X
17020,Johann Simon Stengel,Johann Simon Stengel (1803-1885),1803,1885,"Musikinstrumentenbauer in Bayreuth, 19. Jh.",piz,male,+,http://d-nb.info/gnd/130423521
325816,Anna Steinle,Anna Steinle (1891-),1891,,"Anna Steinle, geb. Nissler, war Schneidermeisterin. In den 1920er Jahren gründete sie eine eigene Schneiderei in Sindelfingen.",piz,female,+,
128236,Wolfgang Hoffmann,Wolfgang Hoffmann (1604-1668),1604,1668,"Drucker, Verleger in Frankfurt am Main.",piz,male,+,https://d-nb.info/gnd/129072931
26700,Johann Heinrich Löwe (Münzmeister),Johann Heinrich Löwe (Münzmeister) (-1759),,1759,"""Löwe, Johann Heinrich (um 1700-1759)
Münzmeister in Hamburg ab 1725.
Löwe verstarb 1759.
Signiert mit IHL."" - https://ikmk.smb.museum/ndp/person/1747, 24.07.2022",piz,male,+,https://d-nb.info/gnd/1185323244
165913,Titus Flavius Herodes Papion,Titus Flavius Herodes Papion,,,"""Titus Flavius Herodes Papion
Stratege in Hypaipa/Lydien unter Septimius Severus und Caracalla.
Lit.: W. Leschhorn, Lexikon der Aufschriften auf griechischen Münzen II (2009) 539."" - https://ikmk.smb.museum/ndp/person/3982, 02.09.2021",piz,male,+,
72844,H. Bindemann (Baumeister),H. Bindemann (Baumeister),,,"H. Bindemann, Regierungsbaumeister in Danzig 1889. Er gehörte zur Naturforschenden Gesellschaft in Danzig Ende des 19. und Anfang des 20. Jahrhunderts.",piz,male,+,
316506,Adam Burghardt,Adam Burghardt (-1623),,1623,"Deutscher Maler. Nachgewiesen 1603, Hofmaler in Brieg (Brzeg) und Liegnitz (Legnica). Historienmaler und wohl auch Porträtmaler.",piz,male,+,
230546,Urania-Fahrrad-Werke Cottbus,Urania-Fahrrad-Werke Cottbus,,,"Fahrradfabrik in Cottbus, nachweisbar mindestens 1905-1945",kif,,+,
63809,Dan Chapman,Dan Chapman,,,Staff Sergeant der U.S. Army in Berlin 1983,piz,male,+,
168802,Auguste Giraudon,Auguste Giraudon (-1912),,1912,"Auguste Giraudon (tätig 1877-1912) war Inhaber der Agency Giraudon, die von ihm 1877 in Paris begründet wurde. Von 1877 bis zum Jahre 1904 arbeitete die Agentur in der Rue Bonaparte 15, dann in der Rue des Beaux-Arts 9. Das photographische Oeuvre umfasste Topographie, Genreszenen sowie Aktstudien. Später spezialisierte sich Auguste Giraudon ausschließlich auf die Fotografie von Kunstwerken. Er fertigte Architekturaufnahmen und fotografierte Skulpturen sowie Kleinkunst.",piz,male,+,http://d-nb.info/gnd/1192709047
339023,Ignaz Pögl,Ignaz Pögl,,,"Tiroler Maler. Tätig um Mitte d. 18. Jh. in Innsbruck. Historien- und Porträtmaler. Schüler des Malers Paul Troger (1698-1762), Lehrer der Maler Martin Knoller (1725-1804) und Josef Strickner (1744-1826).",piz,male,+,
120633,Johan Christian Jacob Friedrich,Johan Christian Jacob Friedrich (1746-1813),1746,1813,"Kupferstecher in Dresden

""Johann Christian Jacob Friedrich (1746-1813), Dresdener Maler u. Kupferstecher, studiere dort bei Hutin u. Casanova. Insbesondere seine feine Blumenmalerei führte 1785 zur Ernennung 'Botanischen Hof- und Cabinetsmaler' durch Kurfürst Friedrich August III."" - https://www.the-saleroom.com/en-gb/auction-catalogues/historia-auktionhaus-berlin/catalogue-id-srhist10003/lot-9768f7aa-73ce-47ca-b1f3-a42e01252327, 12.07.2020",piz,male,+,
341646,Heike Toczek,Heike Toczek (1959-),1959,,Hohlglasmacherin / Diplomformgestalterin,piz,female,,
270428,Georg Mehrle,Georg Mehrle (1938-2023),1938,2023,"Georg Mehrle (geboren am 15. November 1938, gestorben am 07. November 2023) war Facharzt für Augenheilkunde und Lehrer an Krankenpflegeschulen. Des Weiteren war er Stadtrat.""(Quelle: gnd, 28.05.2024)",piz,male,+,https://d-nb.info/gnd/106137697
144959,Landesarbeitsamt Rheinland,Landesarbeitsamt Rheinland,,,"Behörde im Gebiet der ehemaligen preußischen Provinz Rheinland, 20. Jh.",kio,,+,
281295,Fritz von Stockmayer,Fritz von Stockmayer (1877-1940),1877,1940,deutscher Porzellanmaler,piz,male,+,https://d-nb.info/gnd/1012365913
113321,Franko Zech (Dohna),Franko Zech (Dohna),,,Fand gotische Mauerfragmente in Dohna.,piz,male,+,
54120,Töpferei Koch (Dransfeld),Töpferei Koch (Dransfeld),,,Töpferei in Dransfeld,kif,,+,
67126,Adolf Schumann (Generalmajor),Adolf Schumann (Generalmajor) (1822-1907),1822,1907,"""Adolf Schumann
21.11.1822 Dresden - 4.8.1907 Dresden
beruflicher Titel, Amtsbezeichung, Dienstgrad: Generalmajor
- 1860 Hauptmann und Adjutant der Regierung
- 1865 Hauptmann beim 14. Infanterie-Bataillon
- 1870 Oberstleutnant und Kommandeur des 3. Bataillons des Leibgrenadier-Regiments, zuletzt Generalmajor"" - http://sammlungsdatenbank-museen-dresden.de/de/entitySearch?artId=68466, 17.03.2019",piz,male,+,
115501,Eisengießerei Fürstlich Stolberg'sches Hüttenamt,Eisengießerei Fürstlich Stolberg'sches Hüttenamt,,,"Eisengießerei aus Ilsenburg am Harz, nachgewiesen für die Zeit um 1900.",kif,,+,
214431,Maria Kath. Fuchs,Maria Kath. Fuchs (1868-1944),1868,1944,Ehefrau von Gottfried Fuchs. Geborene Hofmann.,piz,female,+,
259259,Druckerei Thieme Meißen GmbH,Druckerei Thieme Meißen GmbH,,,Druckerei in Meißen (nachgewiesen 1996),kif,,+,
181743,Lukasgilde Antwerpen,Lukasgilde Antwerpen,,,Gilde der Maler von Antwerpen.,kiz,,+,
125312,Otto Trömel,Otto Trömel,,,Otto Trömel war Bäckermeister in Bitterfeld. Er war Mitglied der Bitterfelder Schützengilde.,piz,male,+,
8664,Theodor Gottlieb Schultz,Theodor Gottlieb Schultz,,,"Danziger Künstler / Handwerker, Ende 18. / Anfang 19. Jh.",piz,male,+,
341818,Gottfried Hinz,Gottfried Hinz (1877-1954),1877,1954,"(Volksschul-)Lehrer in Berlin-Neukölln, geboren am 7. August 1877 in Neumark (Kr. Preußisch Holland), gestorben am 20. August 1954 in Berlin-Britz, Vorstandsmitglied des Zweigvereins Berlin des Deutschen Naturkundevereins.",piz,male,+,
5714,Werkstatt Alexander Roslin,Werkstatt Alexander Roslin,,,Alexander Roslin lebte 1718-1793.,kif,,+,
133105,James Turner,James Turner (1657-),1657,,"""Also known as
 James Turner 
 primary name: Turner, James 
Details
 individual; British; Male 
Life dates
 1657- 
Biography
 Beggar and painters' model "" - https://www.britishmuseum.org/collection/term/BIOG165914, 31.05.2021",piz,male,+,
19987,Wilhelm Zöllmer,Wilhelm Zöllmer (1844-1909),1844,1909,"Gottlob Wilhelm Zöllmer (*30. Januar 1844 in Bitterfeld - †11. April 1909) war ein Bitterfelder Schornsteinfegermeister und zeitweise zuständig für den Kehrbezirk Düben und später Bitterfeld. Zöllmer war Teilnehmer & Kriegsveteran am Deutschen Krieg 1866, am Deutsch-Französischen Krieg 1870/71 und u. a. Mitglied im Verein ehemaliger Fußtruppen Bitterfeld.",piz,male,+,
184649,VEB Bussard-Chemie Radebeul,VEB Bussard-Chemie Radebeul,,,-Chemiebetrieb in Radebeul,kif,,+,
207903,"H. Richarz Dampf-Kornbrennerei, Siegburg","H. Richarz Dampf-Kornbrennerei, Siegburg",,,"Benedictiner-Bitter, Alter Schwede, Parfait d’amour, Abteilikör, mit solchen Spezialitäten aus seiner Dampfkorn-Brennerei im Haufeld wurde Heinrich Richarz (1872 bis 1938) zu einem der angesehensten Unternehmer Siegburgs.",kif,,+,
338479,Gustav von Eichendorff,Gustav von Eichendorff (1800-1803),1800,1803,Früh verstorbener Bruder Joseph von Eichendorffs,piz,male,+,
63781,Uwe Saager,Uwe Saager,,,Bezirksbürgermeister von Berlin-Schöneberg von 1992-1995.,piz,male,+,
10820,Edwin Winckler,Edwin Winckler,,,Wirkte in Löbtau.,piz,male,+,
68,Ernst Gottfried Adolf Drenckmann,Ernst Gottfried Adolf Drenckmann (1889-1977),1889,1977,"Leiter des Bezirks 7 der Wirtschaftlichen Vereinigung der Roggen- und Weizenmühlen, 1933",piz,male,+,
293867,Georg Küspert,Georg Küspert (1903-1973),1903,1973,"""Porzellanmaler und Modelleur. 1916-68 tätig bei der Firma Rosenthal: 1916-19 Lehre als Porzellanmaler in der Kunstabteilung Werk Selb. 1921 Umschulung zum Formgießer, später Modelleinrichter und Modelleur in der Kunstabteilung. Seit 1927 auch plastische Entwürfe.""
(Q: 100 Jahre Rosenthal)",piz,male,+,https://d-nb.info/gnd/1378021967
259114,Hermann Beringer,Hermann Beringer,,,"deutscher Theaterschauspieler und Regisseur, nachgewiesen 1890-1938",piz,male,+,
9676,Richard Thiede (Soldat),Richard Thiede (Soldat),,,"Lebenszeit Anfang 20. Jahrhundert.
1918: Husar im Regiment Nr. 10 in Stendal",piz,male,+,
265014,Otto Schmelz & Co.,Otto Schmelz & Co.,,,Graphische Kunstanstalt in Gießen-Wieseck (nachgewiesen 945),,,,
9149,Maria Einch,Maria Einch,,,um 1844 Schülerin in Velen,piz,female,+,
327475,Erich Simmat,Erich Simmat,,,"Lebte in Berlin, 20. Jh.",piz,male,,
269692,Matthieu Sommia (Verlag),Matthieu Sommia (Verlag),,,"Berliner Verlag, der um 1915 Ansichtskarten veröffentlichte.",kif,,+,
263625,Hochschule für Werkkunst (Dresden),Hochschule für Werkkunst (Dresden),,,"""Hochschule für Werkkunst"" war von 1947-1950 der Name der Dresdener Kunsthochschule, die zuvor als ""Staatliche Akademie für Kunstgewerbe"" bekannt war nach 1950 ""Hochschule für Bildende Künste Dresden"" hieß. (Quelle: gnd, 18.6.2024)",kio,,+,https://d-nb.info/gnd/10004661-7
53218,Karl Engelkes,Karl Engelkes (1932-2001),1932,2001,Karl Engelkes wurde am 24. März 1932 in Norden geboren und verstarb am 24. Oktober 2001 in Bad Dürrheim.,piz,male,+,
297560,C. F. Otto Müller,C. F. Otto Müller (-1938),,1938,"Kunstgewerbehändler und -designer in Karlsruhe, 1. H. 20. Jh.
Gest. 12.10.1938 Karslruhe

DWB Mitgliederverzeichnis 1908:
Vertrauensmann: kunstgewerblicher Zwischenhandel, Karlsruhe, Kaiserstr. 144
Vertrauensmann: Oberrhein
1908/09: Ortsvertrauensleute: Müller für Oberrhein
1908/09: Fachvertrauensleute: Kunstgewerbl. Zwischenhandel
1913: Mitglied im Fachausschuss Kunstgewerblicher Zwischenhandel und
Kommission für das Submissionswesen
--------
Er entwarf zusammen mit dem lichttechnischen Institut der TU Karlsruhe 1931 das Lampenmodel P 4.5 Sistrah („sie strahlt hell“) in diversen Modifikationen. Seit 1932 auf dem Markt unter Sistrah-Licht GmbH ( d.i. Müller & Zimmer), sollte sie möglichst blendfreies Licht bei optimaler Lichtausbeutung erzeugen und wurde ausgezeichnet vom Deutschen Werkbund für funktionales Design. 
war Dänischer Vizekonsul
C. wohl Charles
Sohn C.F. Otto Müller jun. Prokurist in der Firma seines Vaters, seit 1922 persönlich haftender Gesellschafter",piz,male,+,
193677,Elias Behagel,Elias Behagel,,,Reformierter aus Hanau. Wurde 1812 abgebildet.,piz,male,+,
171995,Kurt Reuther,Kurt Reuther,,,Landwirt in Fußgönheim,piz,male,+,
166019,Joseph Ehrensberger,Joseph Ehrensberger,,,"Mitglied der Bands ""Jingo de Lunch"", ""Zerstörte Jugend"", ""Es war Mord""",piz,male,+,
116020,Dom- und Diözesanarchiv Mainz,Dom- und Diözesanarchiv Mainz,,,"""Das Dom- und Diözesanarchiv ist als Archiv des Bistums zuständig für die schriftliche Überlieferung des Bischöflichen Ordinariates sowie der kirchlichen Einrichtungen auf Diözesanebene.
Dieses Schriftgut wird in seiner Gesamtheit erfaßt und bewertet. Auf Dauer erhaltenswertes Schriftgut wird übernommen, geordnet, verzeichnet bzw. erschlossen und konserviert. Die Aussonderung nicht archivwürdigen Schriftgutes erfolgt in Absprache mit den betroffenen Dienststellen."" - https://bistummainz.de/kunst-gebaeude-geschichte/geschichte/dom-und-dioezesanarchiv/, 28.03.2020",kir,,+,
152434,Verlag R. Leopold (Wolmirstedt),Verlag R. Leopold (Wolmirstedt),,,"Verlag R. Leopold, Wolmirstedt
Nachweis für 1926/1927",kif,,+,
316507,Thomas Walz (Geometer),Thomas Walz (Geometer),,,"Geometer, der von den 70er Jahren des 18. bis in den Anfang des 19. Jahrhunderts im Auftrag der vorderösterreichischen Verwaltung zahlreiche Landkarten verschiedener Gemarkungen anfertigte",piz,male,,
75312,Wasilij Lasarew,Wasilij Lasarew,,,"Wasilij Lasarew, geboren um 1892 in der Nähe von Petrosawodsk, war ein russischer Bauer, der während des Ersten Weltkriegs im Kriegsgefangenenlager Merseburg interniert war.",piz,male,+,
251434,Hans Köllin,Hans Köllin,,,Der Name befindet sich auf einem Wappenblatt mit 15 Schwäbisch Gmünder Wappen.,piz,male,+,
75361,Mego Bere,Mego Bere,,,"Mego Bere, geboren in der Nähe von Koutiala, war ein Bauer aus Mali, der während des Ersten Weltkriegs im Kriegsgefangenenlager Wünsdorf interniert war.",piz,male,+,
19240,"WKS Mielec, Polen","WKS Mielec, Polen",,,Unternehmen in Polen.,kif,,+,
40621,Willy Stanke (Porzellanmaler),Willy Stanke (Porzellanmaler),,,"Entwarf Dekore für KPM, Berlin. Tätig für KPM in den Jahren 1896-1916. (Wikipedia: Liste der Porzellanmaler der KPM, 19.04.2019)",piz,male,+,
65301,Bezirksgruppe Rheinhessen im Zentralverband der vertriebenen Deutschen,Bezirksgruppe Rheinhessen im Zentralverband der vertriebenen Deutschen,,,Nachgewiesen für 1951,kiz,,+,
156720,Verlag Fr. Looff (Weinböhla),Verlag Fr. Looff (Weinböhla),,,Als Herausgeber von Postkarten für die Zeit um 1919 in Weinböhla nachgewiesen.,kif,,+,
174396,C. G. Wolff von Todenwarth,C. G. Wolff von Todenwarth,1762,1816,"Auch: Carl Wolff von Todenwarth.

""Page unter Herzog Carl August von Sachsen-Weimar-Eisenach; Jurastudium an der Universität Jena; Oberaufseher der Eisenacher Zeichenschule; Kammerrat"" - gnd, 07.08.2021",piz,male,+,http://d-nb.info/gnd/1067790705
75043,Demetrios Spanos,Demetrios Spanos (1894-),1894,,"Demetrios Spanos, geboren 1894 in der Nähe von Chalki, war ein griechischer Mönch, der während des Ersten Weltkriegs im Kriegsgefangenenlager Görlitz interniert war.",piz,male,+,
184881,Katholischer Gesellenverein Lippstadt,Katholischer Gesellenverein Lippstadt,,,Der Katholische Gesellenverein Lippstadt wurde 1852 gegründet,kir,,+,
24113,Hut (Mühlenbesitzer),Hut (Mühlenbesitzer),,,Um 1896 Besitzer einer Sägemühle in Oranienbaum,piz,,+,
33404,Samuel Günther (der Ältere),Samuel Günther (der Ältere),,,Zinngießer in Freiberg (Sachsen) 1659 - 1682,piz,male,+,
18099,Puddingfabrik Polak KG Weener (Ems),Puddingfabrik Polak KG Weener (Ems),,,Puddingfabrik in Weener,kif,,+,
278434,Michael Hoffmann (Maler),Michael Hoffmann (Maler),1631,1695,"Deutscher Maler. Geboren in Nürnberg, Hofmaler in Wien. Porträtmaler.",piz,male,+,
146784,Moewig-Verlag (München),Moewig-Verlag (München),,,Verlag in München,piz,,+,
331225,Iulianos,Iulianos,,,"""Magistrat, Stratege und Archon in Philadelphia/Lydien unter Septimius Severus und Caracalla (bis 217 n. Chr.)
Er erscheint ohne bzw. mit einer seiner beiden Amtsbezeichnungen."" - https://ikmk.smb.museum/ndp/person/10327, 19.08.2025",piz,,+,
