MD ID,Name,prefName,geb,gest,Besch,Typ,Geschlecht,Status,GND
239100,Gustav Parade,Gustav Parade (1866-1933),1866,1933,"Evangelischer Pfarrer, 1891 Hilfsprediger Jähnsdorf, 1892-1903 Pfarrer in Spiegelberg (Neumark), 1903-1925 Archidiakon in Küstrin, 1925-1933 Oberpfarrer und Superintendent ebenda (Otto Fischer: Evangelisches Pfarrerbuch für die Mark Brandenburg. Berlin 1941, Bd. 2/2, S. 620)",piz,male,+,
254960,Hugo Faust,Hugo Faust,,,Oschatzer Hobbymaler (nachgewiesen 1956),piz,male,+,
24231,C. F. Stoeckert & Co.,C. F. Stoeckert & Co.,,,Maschinenfabrik in Landsberg (Warthe),kif,,+,
308358,Buchdruckerei Wilhelm Hecht,Buchdruckerei Wilhelm Hecht,,,"nachweislich Hersteller des Teltower Kreisblatts 1864-1866, Redaktion, Druck und Verlag vom Wilhelm Hecht in Teltow",kif,,+,
19343,Eisenbahn-Hauptwerkstätte Potsdam,Eisenbahn-Hauptwerkstätte Potsdam,,,"1838 als erste in Deutschland gegr., Vorläufer des späteren Eisenbahnausbesserungswerks (EAW) bzw. Reichsbahnausbesserungswerks (RAW)",kif,,+,
115358,Hans Andres Verlag,Hans Andres Verlag,,,"""Hans Andres war seit 1926 Inhaber eines Ansichtskartenverlages dessen Absatzgebiet zunächst vor allem im Hamburger Raum lag. Um 1930 übernahm er den auf Hamburger Ansichten spezialisierten Verlag von Carl Worzedialek. Als Teilhaber lieferte die Fotografien der auf Stadtansichten und Landschaftsaufnahmen spezialisierte Hamburger Fotograf Hans Hartz. 1939 profitierte die Firma Andres von der Arisierung des überregional führenden Ansichtkartenverlages M. Glückstadt & Münden. Die jüdischen Unternehmer mussten ihre Firma zwangsweise verkaufen. Andres konnte zu einem günstigen Preis Fotovorlagen, Kundendaten und rund 500.000 bereits fertig gestellte Ansichtspostkarten übernehmen. Mindestens seit 1943 unterhielt der Ansichtskarten-Grossverlag, wie er sich jetzt nannte, auch eine Filiale in Berlin. Die Zusammenarbeit Andres/Hartz wurde nach 1945 fortgesetzt. Die Firma verlegte nun Ansichtspostkarten von Orten in der gesamten Bundesrepublik, ab etwa 1960 unter dem Namen Andres & Co. 1962 war der Hauptsitz sowohl der Offsetdruckerei Andres & Co. wie auch des Hans Andres Verlag für Ansichtskarten und Bildkalender in der Bramfelder Str. 76 in Hamburg.1 Im Geschäft blieb die Firma mindestens bis Anfang der 1980ger Jahre, später auch unter den Markennamen AH, ANCO und ANCO-LUX.""
https://www.guestrow-history.de/index.php/andres-hans (02.07.2025)",kif,,+,https://d-nb.info/gnd/1073072959
183677,Max Schaper,Max Schaper (1862-1896),1862,1896,"Dr. phil., Oberlehrer an der Ritterakademie in Brandenburg an der Havel
[Quelle: Heike Köhler: Frauen in Kunst und Gesellschaft im 19. / frühen 20. Jahrhundert. In: Historischer Verein Brandenburg Havel e.V. Jahresbericht 20 (2010/11 [2011]), S. 201-224, hier S. 216; Heiratsurkunde: Landesarchiv Berlin, Standesamt Charlottenburg, Heiratsregister, Reg.-Nr. 525/1895 ]",piz,male,+,
62126,Felicitas Forster,Felicitas Forster,,,Mutter des Joachim Forster (Goldschmied und Medailleur) und Gattin des Sixtus Forster (Schmied). Nachweisbar um 1520,piz,female,+,
233848,Gebr. Staiger (Uhrenfabrik),Gebr. Staiger (Uhrenfabrik),,,Uhrenfabrik in St. Georgen. 1992 schlossen sich die Firmen Kundo und Staiger zu Kundo-Staiger zusammen.,kif,,+,
328468,Verlag E. Stiller,Verlag E. Stiller,,,"Verlag in (Berlin-)Köpenick, gab um 1905 Ansichtskarten heraus",kif,,+,
166287,Algha (Brillenfabrik),Algha (Brillenfabrik),,,"Die Fabrik Max Wiseman & Co wurde 1898 gegründet. Schon während der 1920er Jahre importierte Max Wiseman in England Brillenfassungen aus Doublégold und Brillengläser aus Deutschland. 1932 kaufte er eine ganze Fabrik in Rathenow und siedelte sie nach London um. Sie erhielt den Namen Algha, der für die Verschmelzung zweier griechischer Buchstaben, Alpha und Omega steht.",kif,,,
311012,Franz-Hartmann-Sinalco-Aktiengesellschaft (Detmold),Franz-Hartmann-Sinalco-Aktiengesellschaft (Detmold),,,Unternehmen mit Sitz in Detmold,kif,,,https://d-nb.info/gnd/5285704-9
42325,Emil Funk,Emil Funk,,,Kunstschmied,piz,male,+,
326104,F. Deinert,F. Deinert,,,"Schlesischer Maler. Nachgewiesen 1720-1729 in Breslau (Wrocław), Porträtist.",piz,male,+,
24287,H. Fölsch & Co. (Hamburg),H. Fölsch & Co. (Hamburg),,,"Unter dem Namen H. Fölsch & Co. existierte in Hamburg seit den 1880er bis in die 1920er Jahre ein von dem Hamburger Kaufmann, Unternehmer und Reeder Hermann Conrad Johannes Fölsch (1840-1920) gegründetes Unternehmen, welches mit eigener Reederei (gegr. 1881) vor allem Salpeter aus Chile importierte.
1909 trat das Unternehmen als Auftraggeber einer Weizenmühle in Hamburg in Erscheinung.",kif,,+,
314318,Karl Metzler,Karl Metzler,,,Hobby-Maler in Guntersblum (nachgewiesen 1994),piz,male,+,
310134,Hans Kranig,Hans Kranig,,,Hans Kranig lebte 1930 in Sugnienen bei Mehlsack.,piz,male,,
192879,Ursula Hauptmann-König,Ursula Hauptmann-König (1923-2013),1923,2013,Schneidermeisterin aus Freital.,piz,female,+,
131333,Cornelis Vosbergen,Cornelis Vosbergen (1618-1653),1618,1653,"""Niederländ. kath. Theologe; 1645 Priester in Sparnwoude u. Sparendam bei Haarlem"" - gnd, 06.10.2020",piz,male,+,https://d-nb.info/gnd/1019764236
243619,T. J. Macer,T. J. Macer (1930-),1930,,"Der 18-jährige T. J. Macer diente ab 1948 als Corporal in der britischen Armee bei der Bodenabfertigung (""Rear Airfield Supply Organisation"" - RASO) für die Berliner Luftbrücke auf dem Flugplatz Schleswigland.",piz,male,,
271350,Friedrich Pühl,Friedrich Pühl (1809-),1809,,"Iserlohner Fabrikarbeiter; V: Joh. Caspar Henrich Pühl, M: Philippine Christina Klincke. Er war seit 1832 verheiratet mit Henriette Diemel (* 1807).

Geburtsjahr erschlossen aus der Altersangabe beim Traueintrag. Aus der im späten 18. und frühen 19. Jh. in Iserlohn weitläufigen Familie Pühl wurden im selben Zeitraum mehrere Kinder auf den Namen ""Friedrich"" getauft, von denen einige als Kinder starben. Die korrekte Zuordnung fiel offensichtlich sogar den eintragenden Predigern schwer. Die Altersangaben bei den Trauungen z.B. wurden zum Teil mehrfach durchgestrichen und überschrieben.",piz,male,+,
28220,Joachim von Oettingen-Flochberg,Joachim von Oettingen-Flochberg (1477-1520),1477,1520,"Graf, Sohn des Grafen Ulrich von Öttingen-Flochberg und der boehmischen Prinzessin Barbara Podiebrad",pik,male,+,http://d-nb.info/gnd/1108109179
163865,Wilhelm Barchet,Wilhelm Barchet,,,Einwohner in Fußgönheim (1945),piz,male,+,
193488,Fotoatelier C. Schulz,Fotoatelier C. Schulz,,,"Fotoatelier in
- Trier, Dietrichstraße 216",kif,,+,
256334,Arthur W. Schnarr,Arthur W. Schnarr (1922-2002),1922,2002,"Arthur W. Schnarr diente in der US-amerikanischen Luftwaffe. Seinen Kriegseinsatz begann er als Pilot auf North American B-25 Mitchell im Pazifik. Nach Kriegsende wurde er in Japan stationiert und 1946 zurück in die USA zu einem Transportgeschwader mit Fairchild C-82 verlegt. Am 04.07.1948 begann sein Einsatz als Pilot auf Douglas C-54 für die Berliner Luftbrücke, der bis zum 03.06.1949 dauerte. Er war bis November 1948 in Frankfurt am Main, dann Celle stationiert. Insgesamt flog er 315 Luftbrückenflüge nach Berlin. Danach wurde er in der Pilotenausbildung der US Air Force und im Korea-Krieg eingesetzt. Er trat als Major in den Ruhestand.",piz,male,+,
6538,Helene Lehmann,Helene Lehmann (1897-1977),1897,1977,geb. Strömann,piz,female,+,
24254,Koll (Mühlenbesitzer),Koll (Mühlenbesitzer),,,"Mühlenbesitzer in Pregelswalde, Kreis Wehlau",piz,,+,
274588,Theodor Ernst (Bootsbauer),Theodor Ernst (Bootsbauer) (1903-1961),1903,1961,"Theodor Ernst (1903 Berlin -1961 Berlin), Schiffbau-Meister, Konstrukteur, Werftbesitzer, erfolgreicher Segler und Motorbootrennfahrer",piz,male,+,
339600,Anton Gottfried Steiner,Anton Gottfried Steiner (1749-1819),1749,1819,"Professor am katholischen Gymnasium in Breslau, lehrte auch an der theologischen Fakultät der Leopoldina (Universität Breslau).",piz,male,+,
322976,Franz D. Detler,Franz D. Detler (1785-1835),1785,1835,Medailleur in Wien.,piz,male,+,https://d-nb.info/gnd/1038746353
24298,Ruchid Pacha (Mühlenbesitzer),Ruchid Pacha (Mühlenbesitzer),,,Mühlenbesitzer in Üsküb,piz,,+,
43833,Johann Benedikt Groß,Johann Benedikt Groß (1760-1826),1760,1826,"""Johann Benedikt Groß, Tabak-Fabrikant zu Bamberg; geb. zu Leipzig am 18. Mai 1758, gest. zu Bamberg am 5. Juli 1826. Er wimete sich der Handlung, kam bald auf das Comptoir des zu jener Zeit so berühmten Banquier-Hauses Frege & Comp. in Leipzig, und verehelichte sich daselbst mit Johanna Enderlin. Da ihm die angenehme Gegend um Bamberg schon früher bekannt war, so benützte er die Gelegenheit, das ausgebotene ehemalige fürstliche Jagdschloß Jägersburg bei Forchheim, welches der Fürstb. Lothar Franz v. Schönborn, der Gründer der Pommersfelder Gemälde-Galerie, 1721 erbauen ließ, zu erwerben, woselbst er 1806 eine Tabakfabrik errichten wollte, welche er aber Kriegsverhältnisse halber zu Bamberg etablierte und sehr erweiterte. Schon in früher Jugend hatte er Vorliebe für Gemälde, und 1816 kaufte er die ganz Sammlung des zu Bamberg verstorbenen letzten Brombacher Prälaten Heinrich Göbhardt. Sie gehörte unter die besten hiesiger Stadt, und enthielt nur Werke aus der altdeutschen Schule. Groß brachte dieselbe nach Leipzig, und weil damals die Liebhaberei für diese Schule sehr vorherrschend war, so verwerthete er sie sehr gut. Dieses bewog ihn, seine Jägersburg gegen Gemälde an den Kunsthändler Jakob Wächter zu verkaufen. Hiedurch legte Groß den Grund zu seinem eigenen Cabinet, welches er durch Ankäufe von Major Schneider und Kaufmann Riboudet sehr vermehrte. Groß trat 1824 dem Kunstvereine bei, und besuchte seine Versammlungen sehr häufig."" - Bericht über den Kunst-Verein zu Bamberg seit seinem Entstehen am 12. Dezember 1823 bis zum Jahre 1843, Bamberg 1843, S. 51",piz,male,+,
285984,Andreas Becker,Andreas Becker (1959-),1959,,Langjähriger Technischer Leiter an der Hochschule für Schauspielkunst Ernst Busch Berlin und am dazugehörigen bat-Studiotheater.,piz,male,+,https://d-nb.info/gnd/1350203947
57828,Jimmy C. Banks,Jimmy C. Banks,,,Colonel Jimmy Banks war der letzte Kommandeur der U.S. Army Berlin Brigade. Am 12. Juli 1994 wurde die Brigade in Anwesenheit von Bundeskanzler Helmut Kohl und US-Präsident Clinton offiziell außer Dienst gestellt. -(AlliiertenMuseum 14.08.2018),piz,male,+,
278885,Werner Schmiedecke,Werner Schmiedecke,,,Spender von Erinnerungsstücken des 1. FC Kaiserslautern (nachgewiesen 2012),piz,male,+,
270979,Gerngross-Gruppe,Gerngross-Gruppe,,,Gesamtheit aller zum Unternehmen A. Gerngross gehörenden Warenhäuser.,kif,,,
118863,Johann Friedrich Hertz,Johann Friedrich Hertz (1736-1803),1736,1803,"Johann Friedrich Hertz (geb. 12. März 1736 in Cannstatt, gest. 20. Januar 1803 in Heiningen), evangelischer Pfarrer in Faurndau und Heiningen.",piz,male,+,
202976,Manuel de Paiva Pessoa,Manuel de Paiva Pessoa,,,"""Pessoa, Dr. Manuel de Paiva
Portugiesischer Notar und Archäologe.
Sammlung versteigert bei Sotheby's in New York am 9. Dez. 1993 sowie Spink/Taisei Auktion 47 vom 9. Juni 1993."" - https://ikmk.smb.museum/ndp/person/7851, 12.06.2022",piz,male,+,
155494,Wilhelm Zuckschwert,Wilhelm Zuckschwert,,,Wilhelm Zuckschwert fertigte 1926 eine Präzisionspendeluhr als Meisterstück an der Staatlichen Uhrmacherschule Furtwangen.,piz,male,+,
35094,W. Veit,W. Veit,,,"Lithograf, nachgewiesen um 1840.

vermutlich zwei verschiedene W. Veith
1 x Lithograf
1 x Dr. med. W. Veit, Hersteller (SMB)",piz,male,+,
40460,Franz Peter August von Brentano,Franz Peter August von Brentano (1797-1813),1797,1813,Halbbruder des Clemens von Brentano. Aus Frankfurt am Main. Gefallen als württembergischer Junker im Befreiungskrieg 1813.,piz,male,+,
259294,William Henry,William Henry,,,William Henry war katholischer Kaplan im Dienst der britischen Royal Air Force auf dem Stützpunkt und Flugplatz Faßberg während der Berliner Luftbrücke.,piz,male,+,
15751,Johann Heinrich Meyer (Druck und Verlag),Johann Heinrich Meyer (Druck und Verlag),,,"In der ersten Hälfte des 19. Jahrhunderts als Druckerei und Verlag nachweislich. U.a. Drucklegung: Neues Braunschweigisches Gesangbuch, 1822.",kif,,+,
23756,A. Radlach (Mühlenbesitzer),A. Radlach (Mühlenbesitzer),,,Mühlenbesitzer in Kirchhain,piz,,+,
308493,Anna Theresia Scheubel,Anna Theresia Scheubel (-1791),,1791,"Deutsche Malerin. Geboren um 1725-30, tätig in Bamberg. Porträtmalerin. Tochter des Malers Johann Joseph Scheubel II. (1686-1769), Schwester der Malerin Maria Katharina Scheubel (-1786) und des Malers Johann Joseph Scheubel III. (1733-1801).",piz,female,+,
135752,Barthold Vaget,Barthold Vaget (1656-1724),1656,1724,"""studierte in Wittenberg; Mitglied des ""deutschgesinnten Ordens"" oder der ""deutschgesinnten Genossenschaft""; 1679 Kantor zu Bergerdorf; ab 1684 Pastor in versch. Gemeinden in Russland; 1712-18 Generalsuperintendent aller evang.-dt. Kirchen in Russland"" - gnd, 21.03.2021",piz,male,+,http://d-nb.info/gnd/122685555
47194,Gustav Ewald Feuerlöschgeräte,Gustav Ewald Feuerlöschgeräte,,,"Die Firma Gustav Ewald Feuerlöschgeräte, 1878 in Küstrin-Neustadt gegründet, zählte zu den Pionieren der Feuerlöschgeräteherstellung. 1904 fusionierte die Fa. mit der Justus Christian Braun AG (Nürnberg), der Feuerwehrgeräte-Fabrik C. D. Magirus (Ulm) und der Feuerwehrrequisiten-Fabrik I.G. Lieb (Biberach/Riß) zu einer Vertriebsgesellschaft mit dem Namen Vereinigte Feuerwehr-Geräte-Fabriken GmbH Berlin bzw. Ulm.",kif,,+,
189923,Benjamin Scott (Medailleur),Benjamin Scott (Medailleur),,,"""Scott, Benjamin
Stempelschneider und Medailleur in Rußland zwischen 1754 und 1762.
Lit.: L. Forrer, Biogrphical Dictionary of Medallists V (1912) 445."" - https://ikmk.smb.museum/ndp/person/12709, 12.12.2021",piz,male,+,
7954,Garbáty (Firma),Garbáty (Firma),,,"Gegründet 1881, 1949-1960 VEB, ab 1960 mit VEB Josetti zur Berliner Zigarettenfabrik zusammengeschlossen",kif,,+,http://d-nb.info/gnd/4492197-4
212418,Verlag Heinrich Pretzsch,Verlag Heinrich Pretzsch,,,Verlag in Freyburg (Unstrut),kif,,+,
190441,Wilhelm Julius Blume,Wilhelm Julius Blume (1913-1987),1913,1987,"Wilhelm Julius Blume, Maler in Münster, Duisburg und anderswo.
1913 in Wesel - 1987 in Duisburg.",piz,male,+,
271207,Historischer Verein Ingolstadt,Historischer Verein Ingolstadt,,,"Der Historische Verein ist ein privater Verein aus Ingolstadt. Gegründet wurde er 1865. Aus seinen Sammlungen sind das Stadtmuseum, das Stadtarchiv und die Wissenschaftliche Stadtbibliothek Ingolstadt entstanden.",kiz,,+,
197388,Dieter Lassmann,Dieter Lassmann (1940-),1940,,Dieter Lassmann studierte von 1962-1966 an der Hochschule für Gestaltung Ulm in der Abteilung Produktgestaltung. Später lehrte er an der École supérieure des Arts Décoratifs in Paris.,piz,male,+,
10891,G. F. Dippner (Firma),G. F. Dippner (Firma),,,"Optikergeschäft in Oschersleben, nachgewiesen 1900-1940",kif,,+,
71063,Johann Christoph Müller (Maler),Johann Christoph Müller (Maler),,1735,"Deutscher Maler. Nachgewiesen 1724, tätig in Köthen. Porträtmaler.",piz,male,+,
135354,Johannes Zunner (Rektor),Johannes Zunner (Rektor) (1571-1616),1571,1616,Rektor der St. Sebaldschule in Nürnberg. Vater des Johann David Zunner.,piz,male,+,
126213,Der Fischer (Figur in Goethes Der Fischer),Der Fischer (Figur in Goethes Der Fischer),,,Protagonist der gleichnamigen Ballade Goethes,pxl,,+,
340764,Johannes Adam Kördel,Johannes Adam Kördel,,,"Johannes Adam Kördel (wird 1767 Meister, seit 1801 Hofgoldschmied), Kassel (1786-1804).",piz,male,+,
11373,Carl Georg Küster,Carl Georg Küster (1718-1774),1718,1774,"Meister 1746
Wernigerode

W. Scheffler: GS Mittel- & Nordostdeutschland S. 551",piz,,+,
205910,Arbeitsgemeinschaft Autobahngeschichte e.V. (AGAB),Arbeitsgemeinschaft Autobahngeschichte e.V. (AGAB),,,"Die Anfänge der AGAB liegen buchstäblich in den dichten Wäldern Nordbayerns – genauer gesagt in Unterfranken nahe der hessischen Grenze zwischen Rhön und Spessart. Dort finden sich die Reste der „Strecke 46“ – die im Bauzustand verbliebene Trasse einer fast vergessenen Vorkriegsautobahn. Der Verkehr rollt heute rund 20 km Kilometer weiter östlich über die BAB A 7, auch Rhönautobahn genannt. Einige Hobbyhistoriker wunderten sich über alte – mit Sandstein verkleidete – Unterführungen, die scheinbar sinnlos in der Gegend standen, und gingen auf Entdeckungsreise. Am Ende stand die Wiederentdeckung eines Stücks deutscher Verkehrsgeschichte, die seit Oktober 2003 auf Veranlassung der AGAB in Teilen unter Denkmalschutz steht. Die Geschichte der „Strecke 46″ ist auch in Buchform dokumentiert. Das AGAB-Mitglied Dieter Stockmann hat das bereits in 3. Auflage erschienene Buch “Strecke 46” – die vergessene Autobahn zwischen Spessart und Rhön“ verfasst.",kiz,,+,
113908,Heinrich Schürmann (Verlag),Heinrich Schürmann (Verlag),,,"Verlag Heinrich Schürmann, Münster",kif,,+,
16044,Verlag Paul Müller (München),Verlag Paul Müller (München),,,"Verlag mit Sitz in München (Verlag des Blodigschen Alpenkalenders Paul Müller, München)",kif,,+,http://d-nb.info/gnd/102959421X
314533,J. Eckard Mueller (Buchhandlung),J. Eckard Mueller (Buchhandlung),,,"J. Eckard Mueller, Buchhandlung und Antiquariat (Halle (Saale). Nachgewiesen für 1897",kif,,+,
10717,A. Hartmann (Verlag),A. Hartmann (Verlag),,,Verlag in Bad Elmen,kif,,+,
33648,Johann Mies,Johann Mies,,,Johann Mies war bei der 129. Brückenwachkompanie 1 in Remagen stationiert. Im September 1939 wurde er zur Brückenwachkompanie 1/XII eingezogen und ist ab dem 19.01.1940 im Standort Remagen verzeichnet.,piz,male,+,
234209,Friedrich Jansa,Friedrich Jansa,,,"Buchhändler in Leipzig (1898-1915 erwähnt), Maler, Verleger, Autor von ""Deutsche Bildende Künstler in Wort und Bild"" (1912)

""Inhaber von: Akademische Buchhandlung Fr. Jansa (Id: k3511) (01.09.1898-)"" - gnd, 21.08.2023",piz,male,+,https://d-nb.info/gnd/117081515
327950,Magistrat der Stadt Bad Homburg,Magistrat der Stadt Bad Homburg,,,"Der Magistrat ist die Verwaltungsbehörde der Stadt und zuständig für die laufenden Geschäfte. Ihm gehören in Bad Homburg v. d. Höhe drei hauptamtliche und elf ehrenamtliche Mitglieder an. Der Vorsitzende des Magistrats ist Oberbürgermeister der Stadt - aktuell Alexander W. Hetjes. Die hauptamtlichen Magistratsmitglieder werden für 6 Jahre, die ehrenamtlichen für die laufende Wahlperiode (5 Jahre) gewählt.",kio,,+,
11128,Friedrich August Borchel,Friedrich August Borchel,,,"Grafiker, 19. Jh. Tätig um 1850-1885",piz,male,+,http://d-nb.info/gnd/174027419
62655,Franz Krischker,Franz Krischker (1896-1955),1896,1955,"""Krischker, Franz (06.09.1896 - 10.08.1955)
Stempelschneider und Medailleur."" - https://ikmk.smb.museum/ndp/person/3112",piz,male,+,
117513,Irmgard Kollecker,Irmgard Kollecker (1914-),1914,,"Geboren am 10.08.1914 als Irmgard Beutenmüller in Haldensleben.

2. März 1935 Heirat mit Friedrich Karl ERICH Kollecker (12.03.1911-?).

Bekannte Anschrift:
1956: Burgstraße 26, Wolmirstedt.

Bildung:
1921-1928 Volksschule Haldensleben mit Abschluss

Unter anderem angestellt bei:
10/1956-12/1956 VEB Zuckerfabrik Wolmirstedt als Kampagne-Arbeiterin.
1957 Familie Vorsickert.",piz,female,+,
191729,E. Jaeck,E. Jaeck,,,Illustrator,piz,male,,
326656,Staatsinstitut für angewandte Botanik Hamburg,Staatsinstitut für angewandte Botanik Hamburg,,,Seit 2003 Teil des Instituts für Pflanzenwissenschaften und Mikrobiologie (IPM) der Universität Hamburg,kio,,+,
62468,Sybilla von Aich,Sybilla von Aich (1483-1553),1483,1553,"Sybilla von Aich, geb. Reidt (1483-1553) war die Ehefrau des Adolf van Straelen.",piz,female,+,
3108,Christian Rieger (Entomologe),Christian Rieger (Entomologe),,,"Entomologe, 20. Jh.",piz,male,+,
207887,Ostdeutsche Spritfabrik,Ostdeutsche Spritfabrik,,,"Um 1900 Hersteller von Spirituosen in Berlin-Mitte (früher Burg Straße 1e).

Im Bundesarchiv sind unter der Signatur BArch R 907/9881 Geschäftsberichte und der Gesellschaftsvertrag zu finden.",kif,,+,
132162,Carl Sulzer,Carl Sulzer (1631-1675),1631,1675,"""Also known as
 Carl Sulzer 
 primary name: Sulzer, Carl 
Details
 individual; legal; German; Male 
Life dates
 1631-1675 
Biography
 Lawyer in Augsburg."" - https://www.britishmuseum.org/collection/term/BIOG257070, 03.01.2021",piz,male,+,
3280,Carl Wilhelm (Firma in Steinbach-Hallenberg),Carl Wilhelm (Firma in Steinbach-Hallenberg),,,"Die Firma Carl Wilhelm, 1898 gegründet, war der einzige Hersteller von Frisierlampen in und um Steinbach-Hallenberg.",kif,,+,
313437,Fredo Müller,Fredo Müller,,,Drechsler in Eppendorf (nachgewiesen 1970),piz,male,+,
274474,Verlag Hotel Excelsior (Berlin),Verlag Hotel Excelsior (Berlin),,,"Der Verlag ""Hotel Excelsior"" gehörte zum gleichnamigen Berliner Hotel, welches an der Königgrätzerstraße 112, heute Stresemannstraße 78, ansässig war. Nachgewiesen 1920er-Jahre.",kif,,+,
133564,Sergei Sergeevich Gagarin,Sergei Sergeevich Gagarin (1745-1798),1745,1798,Geheimrat im Gerichtshof des Zaren. Sohn des Sergei Vassilievitch Gagarin ( 1713 - 1782 ).,piz,male,+,
68452,Katharina Wanner,Katharina Wanner,,,"""Katharina war die Frau von Otto Wanner-Brandt, der die Ludwigsburger Porzellanmanufaktur in ihrer letzten Form 1948 wiederbegründet hatte."" -",piz,female,+,
327846,Bauhaus Dessau (1986-1994),Bauhaus Dessau (1986-1994),,,"Wissenschaftliche Einrichtung in Dessau, gegründet 1986, 1994 aufgegangen in der Stiftung Bauhaus Dessau",kio,,+,https://d-nb.info/gnd/5039277-3
203065,Hans Neuberger (Münzmeister),Hans Neuberger (Münzmeister),,,"""Neuberger, Hans
Münzmesiter in Amberg und Erlangen 1622.
Geboren in Sondershausen kam Neuberger als anhaltinischer Kammerdiener nach Amberg.
Erhielt dort 1522 das Bürgerrecht und wird 1612 Ratsherr. 1622 war er Weinhändler und Gastwirt.
Seine Tochter war mit dem ebenfalls in Amberg tätigen Münzmeister Georg Riedel vermählt, mit dem er zusammen im Januar 1622 die Amberger Münze von Nikolaus Fischer erworben hatte und welche sie gemeinsam bis zum 23.3.1622 führten. In der Rentmeisterrechnung wird jedoch nur Neuberger als Münzmeister gelistet. Im Mai 1622 erwarb Neuberger zusammen mit den Münzmeistern Georg Riedel und Georg Kellner die Münzstätte Erlangen. 12.7.1622 Verhaftung in Amberg wegen der gesetzeswidrigen Ausfuhr von Silber. Ende 1622 Haftentlassung, eine verhängte Geldstrafe wurde erlassen.
Lit.: E. Götz, Die Münzprägungen der Oberpfalz (1992) 164."" - https://ikmk.smb.museum/ndp/person/12227, 12.06.2022",piz,male,+,https://d-nb.info/gnd/1202298001
228333,Sophie Müller (Angermünde),Sophie Müller (Angermünde) (1854-1879),1854,1879,"Sophie Müller, geborene Manthe, ist die Schwester des Bildhauers Albert Manthe. Sie heiratete 1878 den Uhrenmachermeister Heinrich Müller in Angermünde. 1879 bekam das Ehepaar Müller einen Sohn, Johannes August Carl, Sophie Manthe erkrankte und starb im gleichen Jahr. Zum Gedächtnis an seine verstorbene Schwester fertigte Albert Manthe ein Bildnis-Medaillon.",piz,female,+,
259745,Sellescher Musikverein Bad Freienwalde (Oder),Sellescher Musikverein Bad Freienwalde (Oder),,,Musikverein in Bad Freienwalde (Oder) (nachgewiesen 1935),kim,,+,
189151,Gertrude Wiemann,Gertrude Wiemann,,,"Gertrude Wiemann bearbeitete Bücher von Henriette Davidis neu.
Nachdem 1906 die Schutzfrist für das ursprüngliche Werk abgelaufen war, erschienen auch in anderen Verlagen zahlreiche Auszüge, Nachdrucke, Überarbeitungen und Neufassungen. Zu den bekanntesten zählen die von Erna Horn, Elsa Bier, Gertrude Wiemann und Rudolf Zäch. 
https://de.wikipedia.org/wiki/Henriette_Davidis
Nachgewiesen 1907.",piz,female,,
218366,VEB Frottier- und Taschentuchweberei,VEB Frottier- und Taschentuchweberei,,,"8802 Großschönau
Weberei
wohl zu Frottana gehörend",kif,,,
4950,Druckerei Friedrich Walther sen.,Druckerei Friedrich Walther sen.,,,Druckerei in Weimar,kif,,+,
337320,Jean Appelius,Jean Appelius (1721-),1721,,"Niederländischer Maler. Gestorben nach 1790. Nachgewiesen 1753 in Paris und Rom, tätig auch in Hanau und Middelburg. Porträtmaler. Sohn des Malers Johann Heinrich Appelius (1684-1733).",piz,male,+,
272068,Kunstblumenfabrik Eduard W. Lumpe,Kunstblumenfabrik Eduard W. Lumpe,,,Eduard Wilhelm Lumpe gründete am 8. Mai 1952 die Kunstblumenfabrik Firma Eduard W. Lumpe in Trutzhain. 1968 stieg Sohn Eduard Alfred als Gesellschafter in das Unternehmen ein und führte es nach dem Tod seines Vaters im Jahre 1975 als Einzelkaufmann fort. Am 6. Mai 2003 endete nach 51 Jahren die Produktion als letzte Manufaktur von Kunstblumen in Deutschland.,kif,,,
190066,Fritz Walzer (Zeichner),Fritz Walzer (Zeichner),,,Erstellte Bleistiftzeichnungen,piz,male,+,
328266,Fritz Alter,Fritz Alter (1880-1966),1880,1966,"deutscher Fotograf in Zwickau, Anf. 20. Jh.",piz,male,+,https://d-nb.info/gnd/121114252
157441,Ludwig Friedrich Wilhelm von Langermann und Erlenkamp,Ludwig Friedrich Wilhelm von Langermann und Erlenkamp,,,"Ludwig Friedrich Wilhelm Freiherr von Langermann und Erlenkamp aus Dambeck/Mecklenburg, studierte Jura in Göttingen, Rostock, Berlin und wieder Göttingen und war später königlich preußischer Rittmeister. Er starb in Görlitz.",piz,,+,
64330,Minna Fritsch,Minna Fritsch (1889-1946),1889,1946,"""Minna Fritsch wurde am 14. September 1889 in Thorn (heutiges Polen) geboren. Sie war Mitglied der KPD. Als allein­erziehende Mutter ernährte sie ihre zwei Kinder mit Hilfe verschiedener Putz- und Wasch­tätig­keiten. Zweimal – im März 1933 und im April 1933 – war Minna Fritsch im SA-Gefängnis Papestraße in Haft. 1936 emigrierte sie nach Prag und 1939 nach England, wo sie bis 1941 auf der Isle of Man interniert wurde. Nach Ende des Zweiten Welt­kriegs wünschte sich Minna Fritsch, nach Berlin zurück­kehren zu können. Kurz vor der ihrer vor ihrer geplanten Rück­reise starb sie jedoch am 19. Juni 1946 in London."" (http://www.gedenkort-papestrasse.de/minna-fritsch.html)",piz,female,+,
32072,Heinrich Stössel,Heinrich Stössel,,,Kupferstecher in Schweinfurt,piz,male,+,
266014,Michael von Lankisch,Michael von Lankisch (1620-1674),1620,1674,"Pfarrer in Großschönau 1648-1663
* 24. September 1620 in Zittau - † 04. Januar 1674
Pfarrstellen
Ordination: 03. Oktober 1648
1648 1. Stelle (Pfarrer) in Großschönau
1663 St. Johannes 3. Stelle (Protodiakon) in Zittau
Kinder: Lankisch, Gottfried Christian von (Pfarrer)",piz,male,+,
935,"Verlag u. Druckerei Eugen Donath, Genthin","Verlag u. Druckerei Eugen Donath, Genthin",,,Verlag in Genthin,kif,,,
346340,Drechslerei Ellmann (Olbernhau),Drechslerei Ellmann (Olbernhau),,,"Im Jahre 1937 gründeten William Klemm und Herbert Ellmann das Unternehmen Klemm & Ellmann ( mit dem Logo K & E im Kerzenhalter ) und führten im Raum Olbernhau die Lackmalerei mit Spirituslacken ein. In diesem Zeitraum entstanden auch verschiedene Vorlagen und Muster unserer heutigen Produkte. Herbert Ellmann absolvierte 1955 seine Meisterprüfung für das Drechslerhandwerk.
Als Wolfgang Ellmann 1979 das Unternehmen übernahm, wurde es unter den Namen Kunstgewerbliche Drechslerei Ellmann ( mit dem Logo E im Kerzenhaltern ) weitergeführt. Seitdem wurde die Produktpalette ständig ergänzt, erweitert und den Kundenwünschen angepasst.
Zur Zeit führt das Unternehmen, welches 2003 von Jens Ellmann übernommen wurde ca. 900 Artikel im Sortiment und fertigt außer erzgebirgischer Holzkunsterzeugnisse auch Produkte des Raum- und Tafelschmuckes und technischer Holzwaren wie Möbelknöpfe, Kugeln, Säulen und verschiedener Drehteile. Jens Ellmann hat 1990 erfolgreich seine Meisterausbildung abgeschlossen und führt die historischen traditionsreichen Erzeugnisse seiner Vorgänger weiter.",kif,,+,
225732,Regina Dorothea Bergius,Regina Dorothea Bergius (1734-1806),1734,1806,"geborene Schlemüller, seit 1749 verheiratet mit Carl Ludwig Bergius (1716-1767), Baudirektor. Wohnhaft in Königsberg.",piz,female,+,
152202,Hahn (Mechanikus),Hahn (Mechanikus),,,Konstruierte im Jahr 1843 in Ludwigsburg ein Wasserschöpfrad.,piz,male,+,
60733,Dioskouridas (Mesembria),Dioskouridas (Mesembria),,,"""Magistrat in Mesembria zwischen ca. 250 und 175 v. Chr.
Der Name erscheint - teilweise abgekürzt - auf den Münzen in Namen Alexanders des Großen.
Lit.: M. J. Price, The coinage in the name of Alexander the Great and Philip Arrhidaeus (1991) 183 Nr. 1002-1005; P. M. Fraser - E. Matthews (Hrsg.), A Lexicon of Greek personal names IV (2005) 106; W. Leschhorn, Lexikon der Aufschriften auf griechischen Münzen II (2009) 461."" - https://ikmk.smb.museum/object?id=18250018, 31.08.2018",piz,,+,
219108,Rudolph Zesch (Buchhandlung),Rudolph Zesch (Buchhandlung),,,"Die Sortimentsbuchhandlung ""Rudolph Zesch"" mit Sitz in Berlin ging 1836 aus dem Verlag ""Cosmar und Krause"" hervor.

""Inhaber: Zesch, Rudolph [-1834-] (Id: p4804) (21.02.1834-). - Quelle: C0297a"" - gnd, 14.02.2023

""Kommissionär: Leopold Michelsen (Id: k2872) (21.02.1834-). - Quelle: C0297a"" - gnd, 14.02.2023",kif,,+,https://d-nb.info/gnd/1072967219
256882,Textilkontor Walter Seidensticker GmbH & Co. KG,Textilkontor Walter Seidensticker GmbH & Co. KG,,,"Die Textilkontor Walter Seidensticker GmbH & Co. KG ( seit 1919) ist ein auf die Produktion und den weltweiten Vertrieb von Herrenhemden und Damenblusen spezialisiertes Unternehmen mit Sitz in Bielefeld. Wikipedia, 30.1.2024",kif,,+,
1858,Johann Melchior Gebhard,Johann Melchior Gebhard,,,Keramiker in Frankfurt/M. 18. Jh.,piz,male,+,
231931,Stadtarchiv Rheinbach,Stadtarchiv Rheinbach,,,Stadtarchiv in Rheinbach.,kio,,+,https://d-nb.info/gnd/10017913-7
8252,Hedwig Müller-Kolms,Hedwig Müller-Kolms,,,"Keramikerin, Berlin",piz,female,+,
5283,Maria Schödl,Maria Schödl (1918-2003),1918,2003,"""Goblinweberin und freischaffende Musiklehrerin in Jena (1918-2003)"" - gnd, 06.09.2022

Maria Schödl wurde 1918 in Jena geboren. Bereits kurz nach ihrer Geburt erkrankte sie an Kinderlähmung, wodurch sie ein Leben lang mit einer Behinderung leben musste. Nach langer Krankheit und der Unterstützung eines Pfarrers - dem Beginn ihres ""zweiten Lebens"", wie sie selbst sagte - fand sie Mitte der 1950er Jahre ihre künstlerische Betätigung im Weben von Teppichen. Daraus entstand schnell eine wahre Leidenschaft, die zwischen 1954 und 1977 insgesamt neun sogenannter ""Gobelin-Stickereien"" (Imitate der Bildwirkerei) entstehen ließ. Einem breiten Publikum wurden die Stücke bereits 1977 in einer Ausstellung in der Jenaer Stadtkirche vorgestellt, weitere kleinere Ausstellungen folgten erst in den 1990er Jahren. Aufgrund einer Augenkrankheit war es Maria Schödl ab 1977 unmöglich, weitere Teppiche zu weben.
Neben der Webarbeit war sie seit 1956 als Klavierlehrerin in der Gruppe freischaffender Musikerzieher Jena im FDGB tätig und verfolgte damit die zweite Passion ihres Lebens. Kurz vor ihrem Tod, im Alter von 81 Jahren, schrieb sie ihre Memoiren und verkaufte acht ihrer Teppiche an das Stadtmuseum Jena. Nur den letzten von ihr gewebten Teppich mit dem Titel ""Christus auf dem Meer"" schenkte sie ihrem Pfarrer. Am 24. Juli 2003 verstarb Maria Schödl in Jena.",piz,female,+,https://d-nb.info/gnd/1168933072
329226,Handwerkergruppe im Heimatverein Borghorst,Handwerkergruppe im Heimatverein Borghorst,,,"Die Handwerkergruppe im HV Borghorst setzt sich aus Fachkräften verschiedenster Handwerksberufe wie Maler, Tischer, Schreiner und anderen zusammen.
Allen ist gemeinsam: eine sinnvolle Tätigkeit (i.d.R. im Ruhestand) für die vielfältig anfallenden Aufgaben im HEIMATHAUS zu haben.
(nachgewiesen 2024)",siu,,+,
23790,J. Hernes (Mühlenbesitzer),J. Hernes (Mühlenbesitzer),,,"1908 Bauherr einer Weizen- und Roggenmühle in Leibitsch, im damaligen Russisch-Polen [Kongresspolen]",piz,,+,
340364,Joseph Hauda,Joseph Hauda,,,1801 Jäger in Lubowitz,piz,male,+,
208484,Christian Heinrich Schütte,Christian Heinrich Schütte,,,"Sohn des deutschen Mediziners und Naturforschers Johann Heinrich Schütte. Er war Stadtphysikus in Kleve. 
""Er schrieb 1765 Anmerkungen gegen Hofrath C. L. Hoffmann's in Köln »Nachricht von einer guten Heilart der Kinderblattern«, dessen sich wieder der Neffe desselben Dr. Karl Hoffmann in Gronau annahm in einer »Bestätigung der besonderen Krafft des neuen Mittels« (Münster 1765, 56 S. 40), welches in äusserlicher Anwendung des Kampfers bestand. 
Schütte »der Jüngere« gab ferner Watsons und Glass' »Versuche und Abhandlungen von der neuesten und besten Art die Kinderblattern glücklich einzupfropfen « aus dem Englischen übersetzt (Halle 1770. So) und seines Vaters Hebammenbuch 1773 zu Frankfurt a. M. vermehrt und verbessert heraus.""
(Aus ""Historische Studien und Skizzen zu Naturwissenschaft, Industrie und Medizin am Niederrhein : Der 70 Versammlung der deutschen Naturforscher und Ärzte gewidmet von dem Naturwissenschaftlichen Verein"", Düsseldorf 1898)",piz,male,+,https://d-nb.info/gnd/1053489994
271976,Ludwig Carl Zamarski,Ludwig Carl Zamarski (1824-1894),1824,1894,"Ludwig Johann Carl Zamarski (1824-1894) war ein Lithograph und Verleger in Wien. Er war Eigentümer bzw. Gesellschafter folgender Firmen: L. C. Zamarski (Wien) (Eigentümer) (-19.05.1857), Typographisch-Literarisch-Artistische Anstalt (L. C. Zamarski, C. Dittmarsch & Comp.) (Gesellschafter) (20.05.1857-11.05.1865), Sortiments-Buchhandlung von Zamarski & Dittmarsch (Wien) (Gesellschafter) (01.11.1860-); Typographisch-Literarisch-Artistische Anstalt (L. C. Zamarski) (Eigentümer) (12.05.1865-) (Quelle: GND, https://d-nb.info/gnd/1037607643, 24.6.2024)",piz,male,+,
9352,Walther Ruhncke,Walther Ruhncke (1876-),1876,,"Geboren am 08.09.1876.
Soldat der Kaiserlichen Armee:
1915-1917(?): Gefreiter u.a. Telegraphen Bataillon 5 in Klausdorf,
1917-1918: Dolmetscher für Russische und Lettisch im Generalkommando Libau (Lettland).
1946 in Wolmirstedt.
Hochzeit mit Elsa am 13.06.1913.
Geschwister Albert (geb. 1880) und Martha (geb. 07.06.1874 in Riga).
Eltern Günter August Ruhncke (02.08.1843 in Potsdam - 06.01.1908 in Riga) und Hedwig Ruhncke, geb. Neumann.",piz,male,+,
115490,Grünberger Maschinenfabrik G.m.b.H.,Grünberger Maschinenfabrik G.m.b.H.,,,"Die Grünberger Maschinenfabrik G.m.b.H. war in Grünberg in Schlesien ansässig, dem heutigen Zielona Góra.",kif,,+,
245792,Fotoatelier Charles Jacquard,Fotoatelier Charles Jacquard,,,Fotoatelier in der zweiten Hälfte des 19. Jahrhunderts.,kif,,+,
38019,Dieter Hollmann (Chemiker),Dieter Hollmann (Chemiker),,,"Chemiker, 20. Jh.; u. a. am Institut für Anorganische Chemie‏ Frankfurt am Main",piz,male,+,https://d-nb.info/gnd/112029574
73380,Seeschwäbische Werkstatt,Seeschwäbische Werkstatt,,,Seeschwäbische Bildschnitzerwerkstatt,kif,,+,
128921,Hans Holbein (der Ältere) - Schule,Hans Holbein (der Ältere) - Schule,,,"Schule des Hans Holbein, des Älteren.",siu,,+,
340787,Marie Fürstenau,Marie Fürstenau,,,"Zeichenlehrerin in Berlin, Tochter des Berliner Stadtschulrates und Stadtältesten Dr. Eduard Fürstenau (1826–1923)",piz,female,+,
213739,Johann Baltasar Christmann,Johann Baltasar Christmann,,,Weingutsbesitzer und Bürgermeister von Dürkheim von 1832-1840. Vater des pfälzischen Politikers Rudolph Eduard Christmann (1814-1867).,piz,male,+,
231680,Magistrat der Stadt Charlottenburg,Magistrat der Stadt Charlottenburg,,,"Stadtverwaltung der 1920 nach Berlin eingemeindeten, bis 1920 selbstständigen Stadtgemeinde Charlottenburg",kio,,+,
265658,Hans Friedrichs,Hans Friedrichs,,,"Hans Friedrichs sammelte um 1900 privat Ansichtskarten von Berliner Bierstuben und Restaurants. Die mit ""Für die Kartensammlung!"" überschriebenen Postkarten kommentierten das jeweilige Lokal. Als Adressen wurden die Schützenstraße 66 (Berlin SW) und die Villa Friedrichsheim am Schlachtensee angegeben.",piz,male,+,
24017,Oskar Jäger (Mühlenbesitzer),Oskar Jäger (Mühlenbesitzer),,,Um 1896/97 Besitzer einer Wassermühle in Dehlitz bei Weißenfels,piz,,+,
43288,Fotoatelier Rob. Dressler,Fotoatelier Rob. Dressler,,,"Fotoatelier in
- Berlin-Charlottenburg, Schlossstr. 15 (Inh. Alb. Giese)",kif,,+,
25035,Fotoatelier Samson & Co. (Halle/Saale),Fotoatelier Samson & Co. (Halle/Saale),,,"Fotoatelier in
- Halle (Saale), Poststraße 9-10, belegt Anf. 20. Jh.

Die Firma Samson & Co. unterhielt Ateliers in zahlreichen deutschen Städten.",kif,,+,
255871,Bill Palahunich,Bill Palahunich (1927-2020),1927,2020,"Bill Palahunich diente von März 1947 bis Oktober 1948 auf dem Flughafen Berlin-Tempelhof als Corporal bei einer Abteilung der 1946th Squadron Airways & Air Communications Service (AACS). Nach der Rückkehr ins Zivilleben arbeitete er als Lehrer und Farmer in Kentucky, USA.",piz,male,+,
310008,Maerker (Sammler),Maerker (Sammler),,,"Sammlung Maerker, Neuwied",piz,,+,
149595,Bobbie Rossini,Bobbie Rossini,,,Musikerin. Bürgerl. Name:	Jacqueline Hobbelman. Spielte bei Chicas del Rock und bei Claw Boys Claw.,piz,female,+,
73203,Maes (Rhodos),Maes (Rhodos),,,"""Maes
Magistrat in Rhodos/Karien zwischen ca. 125 und 84 v. Chr.
Lit.: W. Leschhorn, Lexikon der Aufschriften auf griechischen Münzen II (2009) 656."" - 	
https://ikmk.smb.museum/ndp/person/10037, 27.05.2021",piz,,+,
192717,Clara Kugel,Clara Kugel,,,Kochbuchautorin,piz,female,,
270925,Paul Knabe,Paul Knabe (1874-1937),1874,1937,"Paul Knabe (geb.19. 8. 1874, gest. 1937) war Teilhaber der durch die Sektmarke ""Rotkäppchen"" bekannten Sektkellerei Kloss & Foerster in Freyburg/Unstrut.",piz,male,+,
258577,Eva Wißmann,Eva Wißmann,,,"Ehefrau in Berlin-Hohenschönhausen (1932 erwähnt), 1933 Reichstagskandidatin im Wahlkreis Potsdam I für die Deutsche Zentrumspartei (nicht gewählt)",piz,female,+,
249590,Johannes Seyboldt (Bürgermeister),Johannes Seyboldt (Bürgermeister),,,"Bürgermeister von Schwäbisch Gmünd, ""in Senat eligiert 1725, Contributions-Kassier 1735, Oberstättmeister 1740, Bürgermeister 1749"" - https://upload.wikimedia.org/wikipedia/commons/f/f8/Kleine_Nachrichten_aus_Alt-Gm%C3%BCnd._Die_Besetzung_des_Magistrats_anno_1751.pdf, 05.05.2024",piz,male,+,
191699,Josef Faby,Josef Faby (1732-1806),1732,1806,"Münzwardein in Günzburg von 1774 bis 1788. Münzmeister in Günzburg von 1788 bis 1805.
Faby signiert mit den Initialen F und IF.
Verstorben 1806.",piz,,+,
1095,Henriette Baum,Henriette Baum (1791-1878),1791,1878,Wurde von Adolf Jebens gemalt.,piz,female,+,
68365,Umkreis des Jakob Philipp Hackert,Umkreis des Jakob Philipp Hackert,,,Unbekannter Maler aus dem Umkreis des Jakob Philipp Hackert (1737-1807),siu,,+,
23771,Gebrüder Roth (Mühlenbesitzer),Gebrüder Roth (Mühlenbesitzer),,,Mühlenbesitzer in Greußen,kif,,+,
24939,Freiwillige Feuerwehr Keitlinghausen,Freiwillige Feuerwehr Keitlinghausen,,,"FFW der Gemeinde Keitlinghausen (heute ein Stadtteil von Oelde im Kreis Warendorf), gegr. am 15. Januar 1920",kiz,,+,http://d-nb.info/gnd/16238680-1
116204,Robert Adam - Vereinsbedarf,Robert Adam - Vereinsbedarf,,,"Robert Adam, Rotestraße 12, Stuttgart.
Angebot von Fahnen, Abzeichen, Banner für Radfahrer, Schärpen, Diplome, Medaillen, Vereinsartikel.",kif,,+,
92811,McBurney Laboratórium,McBurney Laboratórium,,,Teil der University of Cambridge,kiz,,+,
273895,Leitermann Heinz,Leitermann Heinz (1908-1979),1908,1979,"Heinz Leitermann (1908-1979), Professor für Kunstgeschichte an der FH des Landes Rheinland-Pfalz in Mainz und Mitarbeiter der Mainzer Allgemeinen Zeitung, hat Zeit seines Lebens den Wandel des Mainzer Stadtbildes festgehalten.
1908 im historischen Mainz geboren, blieb Leitermann bis zum Ende seines Lebens der Stadt aufs Engste verbunden. Das Studium der Kunstgeschichte, Archäologie und historischen Hilfswissenschaften führte ihn zwar für wenige Jahre nach München und sein Lehrauftrag an der Kölner Werkschule (ab 1937) in eine andere historische Stadt am Rhein. Nach seiner Entlassung aus englischer Internierung Ende 1945 kehrte er aber endgültig nach Mainz zurück.",piz,male,+,
273127,Kunstkommission Baden-Württemberg,Kunstkommission Baden-Württemberg,,,"""Bei der Betriebsleitung des Landesbetriebs Vermögen und Bau ist auch die Kunstkommission des Landes Baden-Württemberg eingerichtet. Die Kommission hat beratende Funktion und ist von dem jeweils regional für die Baumaßnahme zuständigen Amt zu beteiligen, wenn die Gesamtkosten für neue Kunst am Bau mehr als 7.500 Euro betragen. Das Gremium gibt Empfehlungen für die künstlerische Aufgabenstellung, schlägt die aufzufordernden Künstler sowie ein geeignetes Beauftragungsverfahren vor, beurteilt die eingereichten Arbeiten und spricht eine Empfehlung zur Auftragsvergabe aus."" - (https://de.wikipedia.org/wiki/Verm%C3%B6gen_und_Bau_Baden-W%C3%BCrttemberg, 15.07.2024)",kio,,+,
184815,J.N. Kessler (Ansichtskartenverlag),J.N. Kessler (Ansichtskartenverlag),,,Ansichtskartenverlag in Wien,kif,,+,
203258,Brunner Erzsébet (Gothard Istvánné),Brunner Erzsébet (Gothard Istvánné) (-1911),,1911,"Brunner Erzsébet, Gothard Istvánné",piz,female,+,
250047,"Магура, Сильвестр Сильвестрович",Сильвестр Сильвестрович Магура (1897-1938),1897,1938,"Український археолог, музеєзнавець, пам'яткоохоронець. Кандидат історичних наук. За рішенням трійки при Київському обласному управлінні НКВС УРСР від 29 грудня 1937 страчений у м. Київ (з конфіскацією майна).",pif,male,+,
316249,"Müller, Mór",Müller Mór,,,"Könyv- zene- mű- és papírkereskedő, Abony.",piz,male,,
276542,Horst Bornack,Horst Bornack (1946-),1946,,"Schlosser, sorbischer Volkskünstler aus Neustadt/Spree",piz,male,+,
11811,Caspar Rauber (Schmied),Caspar Rauber (Schmied),,,Augsburger Schmiedemeister seit 1556,piz,male,+,
229563,Flechet (Firma),Flechet (Firma),,,Unternehmen in Frankreich,kif,,+,
19598,Baugeschäft Werner Wahnschaffe,Baugeschäft Werner Wahnschaffe,,,Unternehmen in Eimersleben. Nachgewiesen für 1936,kif,,+,
63698,Alfred Meakin Ltd,Alfred Meakin Ltd,,,"Um 1875 gründete Alfred Meakin seine Firma als Zusammenschluß dreier Unternehmen mit Sitz in Tunstall/Stoke-on-Trent: der Royal Albert Pottery, der Victoria Pottery und der Highgate Pottery. Bekannt für ihr zum Export bestimmtes Geschirr, stellte die Firma von 1900 bis 1907 auch einige hochwertige Jugendstilfliesen mit Fadenreliefdekor her. 1907 wurde der Betrieb von Robert Johnson aufgekauft, Besitzer von H. & R. Johnson und Onkel von Alfred James Meakin, der die Firma nach dem Tod seines Vaters 1904 übernommne hatte. Nachweislich vorhandene Meakin-Entwürfe auf H. & R. Johnson-Fliesen lassen darauf schließen, daß diese nach der Übernahme weiterhin produziert wurden. 
Zitiert aus: Ausst.-Kat. Darmstadt, Institut Mathildenhöhe, 2017: Ornament im Quadrat. Die Jugendstilfliesen-Schenkung Inge Niemöller = Ornament squared. Inge Niemöller Art Nouveau Tile Collection Gift; herausgegeben von Philipp Gutbrod und Stefanie Patruno; Köln 2017, S 83.",kif,,+,
312605,G. Janssen,G. Janssen,,,"Maler, um 1700 in Berlin tätig. Porträtist.",piz,male,+,
327960,Rose Typewriter Co.,Rose Typewriter Co.,,,"Frank S. Rose begann 1902 mit der Konstruktion der Standard Folding. Erste Patente wurden 1904 erteilt. Die dafür gegründete „Rose Typewriter Co.“ New York, USA. wurde 1909 in „Standard Typewriter Co.“ umbenannt und verlegt den Firmenstandort nach Groton, USA.

IFHB, Schreibmaschinen-Lexikon zu Standard Folding Modell 1, Eintrag Nr. 269, 10.02.2021",kif,,+,
42824,Fotoatelier Carl Riedel,Fotoatelier Carl Riedel,,,"Fotoatelier in
- Leipzig, Rosenthal-Gasse 5",kif,,+,
254860,Helmut Classen,Helmut Classen (1910-1994),1910,1994,"lebte in Hohendodeleben, zeitweise Funkoffizier in der Handelsmarine",piz,male,+,
229222,Johannes Lensch,Johannes Lensch,,,Verfasser von Silvester-Andacten (1927),piz,male,+,
75244,Hakimdjan Achtiamoff,Hakimdjan Achtiamoff (1891-),1891,,"Hakimdjan Achtiamoff, geboren 1891 in Semei (histor. Semipalatinsk), war ein kasachischer Kaufmann, der während des Ersten Weltkriegs im Kriegsgefangenlager Wünsdorf interniert war.",piz,male,+,
7085,VEB Stadtbrauerei Weißenfels,VEB Stadtbrauerei Weißenfels,,,Brauerei in Weißenfels. Vorgänger: Brauerei F. Oettler,kif,,+,
171612,Emil Hettich,Emil Hettich,,,Einwohner von Fußgönheim,piz,male,+,
3813,Theodor Wentz,Theodor Wentz,,,Redakteur der Vormärzzeit,piz,male,+,http://d-nb.info/gnd/117293822
325986,Ant. Aug. Renouard (Verlag),Ant. Aug. Renouard (Verlag),,,"Verlag in Paris, gegründet 1792",kif,,+,
75570,Dhanbahadur,Dhanbahadur,,,"Dhanbahadur, geboren um 1888 in Okhaldunga, war ein nepalesischer Landmann, der während des Ersten Weltkriegs im Kriegsgefangenenlager Wünsdorf interniert war.",piz,,+,
5144,Karl Richard Döring,Karl Richard Döring,,,Bis 1917 Bürgermeister von Ottstedt am Berge.,piz,male,+,
4675,Verlag Fritz Krauskopf,Verlag Fritz Krauskopf,,,Verlag in Kaliningrad (Königsberg),kif,,+,
21874,Verkehrsgemeinschaft Wittekindsland,Verkehrsgemeinschaft Wittekindsland,,,Fremdenverkehrsgemeinschaft im Wittekindsland,kio,,+,
289912,Hans Reimers,Hans Reimers,1908,1989,"Hans Reimers war ein Bildungspolitiker, Lehrer und Regierungsdirektor
Er wurde geboren am 17.4.1908 in Hamburg als Kind des Volksschullehrers Hans Willi August Reimers, der an der Mädchenschule Averhoffstraße 18 unterrichtete, und dessen Ehefrau Nelli. Hans Reimers besuchte von 1915 bis 1918 die Lehrerseminarschule, 1918 das Gymnasium Hadersleben, danach die Realschule Hamburg-Hamm. 1921 wechselte er auf das Kirchenpauer-Realgymnasium, an dem er am 5.2.1927 die Reifeprüfung bestand.1 Reimers studierte dann Englisch und Spanisch von 1927 bis 1929 an der Universität Jena, danach in Marburg, anschließend an der Universität Hamburg. In den Semesterferien vertiefte Reimers seine Sprachkenntnisse in Spanien und England. 1934 wurde Hans Reimers SA-Mitglied, wahrscheinlich, weil ihm die Parteizugehörigkeit für den Eintritt in den Schuldienst nötig erschien, aber es eine Aufnahmesperre für die NSDAP gab, die er auf diese Weise umgehen konnte.

Am 27.3.1934 absolvierte er die wissenschaftliche Prüfung „mit Auszeichnung“ für das Lehramt an höheren Schulen und der Lehrbefähigung für Geschichte, Englisch und Spanisch. Seine schriftliche Arbeit: „‚Die Exercitia Spiritualia des Ignatius von Loyola und ihr Verhältnis zur Gegenreformation‘. Ein Beitrag zur Charakteristik der geistlichen Übungen Loyolas.“2 Am 16.7.1934 promovierte Reimers mit einer Arbeit zum Thema: „Jonathan Swift. Gedanken und Schriften über Religion und Kirche.“ Das Referendariat absolvierte Reimers am Realgymnasium des Johanneums und seiner ehemaligen Schule, dem Kirchenpauer-Realgymnasium, vom 10.4.1934 bis zum 5.9.1935. Auch das zweite Staatsexamen bestand er mit Auszeichnung. In dem Bericht des Leiters des Schulseminars am Realgymnasium des Johanneums, Prof. Otto Schliack, hieß es am 4.4.1935: „Herr Dr. Reimers war ein Jahr Mitglied des Schulseminars. Er hat einen Vortrag gehalten über das Verhältnis der HJ zur Schule. Herr Dr. Reimers sprach frei und überzeugend. An der Aussprache pflegte er sich lebhaft und mit Scharfsinn zu beteiligen. Sein Verhältnis zum Kollegium war infolge seines Wesens und seines Auftretens ausgezeichnet. 
Bevor Hans Reimers als Austauschlehrer nach England an die Westcliff High School of Boys in Southend-on-Sea ging, hatte er noch ein anderes Problem zu regeln. So schrieb er am 16.4.1935 an die Landesunterrichtsbehörde: „Die Landesunterrichtsbehörde gestattete mir, aufgrund einer im Oktober anzutretenden Stellung, bereits ein halbes Jahr vor dem endgültigen Ablauf meiner Referendarzeit, also im September 1935, das Assessorenexamen abzulegen. Ich bitte die LUB, meine Beurlaubung vom SA-Dienst von jetzt ab bis zum September zu erwirken.
Nach dem Auslandsschuljahr wurde Hans Reimers am 1.10.1936 als Studienassessor an der privaten Wichernschule eingestellt. Am 1.5.1937 trat Reimers in die NSDAP ein, am 23.12.1936 hatte er geheiratet, die in Kirkcaldy/Schottland geborene deutsche Staatsangehörige Rut Weihe, mit der er drei Kinder bekam. Am 15.4.1943 wurde er zur Dolmetscher-Kompanie einberufen. 1944 war Reimers Sonderführer einer Dolmetscher-Kompanie in der Lettow-Vorbeck-Kaserne, wurde am 1.4.1944 zum Oberstudienrat befördert und zum 1.9.1944 nach Berlin versetzt. Seine Entlassung aus der Wehrmacht erfolgte am 7.5.1945.
Seit Juni 1945 war er persönlicher Mitarbeiter von Senator Heinrich Landahl.",piz,,+,https://d-nb.info/gnd/1055459715
232349,Franz Cohn (Antiquar),Franz Cohn (Antiquar) (1897-1942),1897,1942,"""Dr. Franz Cohn, geboren am 30. September 1897 in Grudziat (deutsch: Graudenz) im heutigen Polen, lebte mit seiner Frau Frida, geborene Bier am 16. Juli 1905 in Berlin.
Am 25. September 1925 wurde ihre gemeinsame Tochter Ruth geboren. Sie lebten in der Varziner Straße 4 in Friedenau in einer Ladenwohnung.
Franz Cohn studierte in Marburg und promovierte dort 1923 zu dem Thema ""Novalis und die gotische Kultur"". Nach seiner Niederlassung in Berlin hatter er in Wilmersdorf in der Kaiserallee 177 (heute Bundesallee) ein Antiquariat, später in Steglitz in der Worpswederstraße 7 eine Bücherstube. [...] Dr. Franz Cohn wurde mit dem 22. Osttransport am 26. Oktober 1942 nach Riga deportiert. Sein Todesdatum ist unbekannt. Aus Forschung und Berichten ist jedoch bekannt, dass die Menschen gleich nach der Ankunft am 29. Oktober in den Wäldern der Umgebung von Riga erschossen wurden. [...]""(https://www.stolpersteine-berlin.de/de/varziner-str/4/franz-cohn, abgerfuen 24. 7. 2023)",piz,male,+,
244143,Historischer Verein der Dortmunder Stadtwerke e.V.,Historischer Verein der Dortmunder Stadtwerke e.V.,,,"Ehemalige verkehrsbetriebshistorische Gruppe von Mitarbeitern der Dortmunder Stadtwerke AG, von 1996 (Eintragung in das Vereinsregister beim AG Dortmund) bis 2018 (Beitritt zur Verkehrshistorischen Arbeitsgemeinschaft (VhAG) der DSW e.V.",kiz,,+,
21623,Klaus H. Ernst (Architekt),Klaus H. Ernst (Architekt),,,"Architekt, Prof., Stadtplaner
um 1980 zusammen mit R. W. Ernst im Büro Ernst, Berlin",piz,,+,http://d-nb.info/gnd/108119564
324539,"Michael Kämpf (Weprowatz, 1905)","Michael Kämpf (Weprowatz, 1905) (1905-)",1905,,lebte in Weprowatz,piz,male,+,
40350,Karl Wilke (Dachdecker),Karl Wilke (Dachdecker),,,"Dachdecker Karl Wilke, Genthin, Firma Schäfer = Wilke, 1930",piz,male,+,
283970,Fotoatelier L. Langlois,Fotoatelier L. Langlois,,,"Fotoatelier in
- Paris",kif,,+,
9063,Hermann Funke,Hermann Funke (1919-),1919,,"Hermann Funke, geboren am 11.10.1919 in Burgstaaken, Kreis Oldenburg, Holze, war ungelernter Landarbeiter. Er wohnte kurzfristig in Bliesikendorf auf Fehmarn, später in Wolmirstedt.",piz,male,+,
273555,Quidde & Müller (Fotoatelier/Verlag),Quidde & Müller (Fotoatelier/Verlag),,,"Berliner Fotoatelier/Verlag, um 1900.",kif,,+,
209220,Anna Newather,Anna Newather (1761-1802),1761,1802,"Nach dem Tod des Wiener Kupferstechers und Druckers Ignaz Alberti (1760-1794) übernahm dessen Ehefrau Anna Newather (1761–1802) den Verlag. Die von ihr herausgebrachten Bücher trugen den Druckernachweis ""Apud viduam Alberti"" (Bei Albertis Witwe).
Sie gab 1796 ein Neues Testament heraus, das von der katholischen Kirche auf den Index gesetzt wurde.",piz,female,+,
164150,Johann Lehnert,Johann Lehnert (1713-1792),1713,1792,"Goldschmied, Meister
geb. im August 1713, gest. am 2. Juni 1792
Wirkungsort: Danzig, Polen",piz,male,+,
59772,Pedanius Costa,Pedanius Costa,,,"""Römischer Politiker, belegt 43-42 v. Chr. als Legat des M. Iunius Brutus (Goldstück und Denar mit Beschriftung"" - gnd, 05.06.2021",piz,male,+,http://d-nb.info/gnd/118754390X
332869,Hans Cramer (Kaufmann),Hans Cramer (Kaufmann),,,"Kaufmann im Getreidehandel in Berlin Anf. 20. Jh.
Anfang der 1930er Jahre verließ auch die zum Christentum konvertierte Familie Cramer wegen ihrer jüdischen Abstammung Deutschland und emigrierte in die USA.",piz,male,,
120372,Karl Eckstein (Zeichenlehrer),Karl Eckstein (Zeichenlehrer) (1877-1935),1877,1935,"Karl (Ernst Karl) Eckstein, Zeichenlehrer in Halle (Saale) (im Adressbuch nachgewiesen 1915, 1930 und 1935, wohnt stets Blumenstr. 12 II)
geb. 31. 3. 1877 Eisfeld (Thüringen), gest. 18. 6. 1935 Halle (Saale), evang.
Quellen: Sterbeurkunde (Standesamt Halle/S., Reg.-Nr. C 1757/1935), Adressbuch Halle/S.",piz,male,+,
207477,Adolf Werder,Adolf Werder,,,Landschaftsfotograf,piz,male,-,
280377,Dietrich von Fournier,Dietrich von Fournier,,,"deutscher Gynäkologe, tätig in Heidelberg (nachgewiesen 1977-2024)",piz,male,+,https://d-nb.info/gnd/111723763X
275168,Kuroda Tatsuaki,Kuroda Tatsuaki (1904-1982),1904,1982,"Japanischer Holzbildhauer

""Kuroda Tatsuaki ist berühmt für seine Perlmutt-Arbeiten. Er war einer der bekanntesten Holz-Bildhauer der japanischen Moderne und hat auch zahlreiche Möbel entworfen und ausgeführt. Unter anderem war er an der Ausstattung des 1966-68 errichteten neuen Kaiserpalastes in Tokyo beteiligt."" (SMB)",piz,male,-,
30720,Rudolf Stammer (Schuhmacher),Rudolf Stammer (Schuhmacher),,,Schuhmacher in Wusterhausen (um 1900),piz,male,+,
14693,J. Lindauersche Buchhandlung,J. Lindauersche Buchhandlung,,,Verlagsbuchhandlung in München,kif,,+,http://d-nb.info/gnd/2040718-X
166827,Carl Wilhelm Eichstaedt,Carl Wilhelm Eichstaedt,,,Hofschwerdtfeger in Hannover.,piz,male,+,
336796,Fotoatelier H. W. Mager,Fotoatelier H. W. Mager,,,"Fotoatelier in
- Berlin W 50, Tauentzienstr. 10",kif,,,
117032,Veith Kaufmann,Veith Kaufmann,1828,1912,"Praktischer Arzt in Bad Dürkheim.

Veith Kaufmann lebte in der Leininger Strasse, Bad Dürkheim. Er war im 19. Jahrhundert ein bekannten Arzt. Kaufmann unterstützte den aufblühenden Kurbetrieb in Bad Dürkheim und gründete 1894 die pfälzischen Kinderheilanstalten. Kaufmanns eigene Ehe blieb kinderlos, doch er adoptierte zwei Kinder, von denen der ältere Sohn, Sally Kaufmann, sich vor dem Holocaust retten konnte, indem er in die USA floh.",piz,male,,
21876,Franz Joseph Gleich,Franz Joseph Gleich,,,"Augsburger Kupferstecher, Wirkungsdaten: 1770-1825",piz,male,+,http://d-nb.info/gnd/121150712
273137,Josef von Kulas,Josef von Kulas (1874-1943),1874,1943,"Kunstmaler und Illustrator,
auch Lithograf, Jugendstil-Künstler.

""v. Kulas, Josef, Kunstmaler, SW Schönebergerstr. 5."" (Adressbuch Berlin 1900, S. I 846)",piz,male,+,
168758,Wilhelm Seeg Papier und Schreibwarengrosshandlung,Wilhelm Seeg Papier und Schreibwarengrosshandlung,,,Unternehmen in Pforzheim.,kif,,+,
115147,Matthias Mann (Druckerei),Matthias Mann (Druckerei),,,Grafikdrucker in Chemnitz. Nachgewiesen für 1994.,kif,male,+,
162222,Ernst Oberwinter (Firma),Ernst Oberwinter (Firma),,,"Herstellung von keramischen Produkten. Seit etwa 1885 stellte Ernst Oberwinter in einem patentierten Verfahren Produkte unter der Markenbezeichnung ""Lippstädter Gesundheitsgeschirr"" her. 
Die Hitzebeständigkeit wurde durch einen untergebundenen Metallboden erhöht, weil keramische Kochgeschirre bei rascher Erwärmung zu schnell Risse bekamen oder sprangen.",kif,,+,
313724,Walter Tränkner,Walter Tränkner (1937-2022),1937,2022,"Neuwernsdorf, Nr. 32; Hersteller von Nussknackern",piz,male,+,
194467,Richmond Cavendish Co.,Richmond Cavendish Co.,,,Tabak-Unternehmen in Liverpool.,kif,,+,
61917,Ursula Homfeld,Ursula Homfeld,,,"""Claus Homfeld, auch Schreibweise Klaus Homfeld, (* 25. Januar 1933 in Bremen; † 9. Oktober 2019 ebenda) war ein deutscher Bildhauer und Medailleur. Er wurde bekannt durch seine im realistischen Stil gestalteten Plastiken und Figurengruppen im öffentlichen Raum in Norddeutschland, vor allem in Bremen und Niedersachsen.

Nach gemeinsamen Entwürfen von ihm und seiner Ehefrau, der Künstlerin Ursula Homfeld, wurden mehrere deutsche Gedenkmünzen gestaltet."" - (Wikipedia (de) über Claus Homfeld, 11.08.2021)",piz,female,+,
277201,Dampfschifffahrts-Gesellschaft für den Nieder- und Mittelrhein,Dampfschifffahrts-Gesellschaft für den Nieder- und Mittelrhein,,,"""Das Unternehmen betrieb ein mit der 1826 gegründeten Preußisch-Rheinischen Dampfschiffahrts-Gesellschaft identisches Fahrgebiet zwischen Köln und Mannheim sowie nach Rotterdam. Zur Koordination des Linienverkehrs gründeten DGMN und PRDG 1853 eine gemeinsame Betriebsgesellschaft - die Kölnische und Düsseldorfer Gesellschaft für Rhein-Dampfschiffahrt. Gesellschaftsrechtlich blieben die Unternehmen vorerst getrennt; als weiterhin selbständige Reedereien betrieben sie ihre Schiffe zwischen Rotterdam und Straßburg nach einem gemeinsamen Fahrplan. Am 2. Januar 1925 gründeten DGMN und PRDG die Köln-Düsseldorfer Rheinschiffahrts GmbH. In dieser Gesellschaft wurde die Verwaltung von beiden Reedereien zusammengeführt; auch wurde damit eine juristische Person geschaffen, auf die sich gemeinsamer Schiffs- oder anderer Besitz übertragen ließ. Die Kölner Betriebsstätte übernahm die logistischen Aufgaben, die kaufmännische Betreuung übernahm die Düsseldorfer Verwaltung."" - gnd, 19.09.2024",kif,,+,https://d-nb.info/gnd/2007268-5
25176,Fotoatelier Johannes Schneider,Fotoatelier Johannes Schneider,,,"Fotoatelier in
- Hamburg, Grosse Bleichen 30, belegt um 1900",kif,,+,
188191,Arthur Kapper,Arthur Kapper (1908-1993),1908,1993,Einwohner von Roxheim,piz,male,+,
210194,Bischof + Klein SE & Co. KG,Bischof + Klein SE & Co. KG,,,"Bischof + Klein SE & Co. KG., Rahestraße 47, D-49525 Lengerich",kif,,+,
26073,Bäckerei Fluthwedel (Parey/Elbe),Bäckerei Fluthwedel (Parey/Elbe),,,"Ehemalige Bäckerei Fluthwedel aus Parey/Elbe, Schüterstaße 24",kif,,+,
