5065,M. Pohlmann,M. Pohlmann,,,"M. Pohlmann führte 1930 das Bettenhaus ""BETTEN-POHLMANN"" in der Schönhauser Allee 87, Berlin.",piz,,+,
337644,Boenicke & Eichner,Boenicke & Eichner,,,"Zigarren-Importfirma in Berlin, Französische Straße 21 (nachgewiesen 1900)",kif,,+,
311007,Konrad Fricke,Konrad Fricke (1855-1936),1855,1936,"Julius Rudolf Eduard Konrad Fricke, Kaufmann in Berlin, geb. 25. 5. 1855 Berlin, gest. 20. 10. 1936 Berlin-Lichtenberg, evang.",piz,male,+,
120033,Eli Terry & Sons,Eli Terry & Sons,,,"Wikipedia (en) über Eli Terry:
""Eli Terry Sr. (April 13, 1772 – February 24, 1852) was an inventor and clockmaker in Connecticut. He received a United States patent for a shelf clock mechanism. He introduced mass production to the art of clockmaking, which made clocks affordable for the average American citizen. Terry occupies an important place in the beginnings of the development of interchangeable parts manufacturing. Terry is considered the first person in American history to actually accomplish Interchangeable parts with no government funding. Terry became one of the most accomplished mechanics in New England during the early part of the nineteenth century. The village of Terryville, Connecticut is named for his son, Eli Terry Jr. "" - Wikipedia (en), 30.05.2020",kif,,+,
275612,Fürst von Fürstenberg,Fürst von Fürstenberg,,,Herrscherhaus in Südwestdeutschland,pik,,+,
148083,Nibelungen-Verlag GmbH,Nibelungen-Verlag GmbH,,,Verlag in Berlin und Leipzig. Nachgewiesen für Zeit um 1940.,kif,,+,
197935,Verband ehemaliger Arbeitsdienstangehöriger und ihrer Hinterbliebenen (V.e.A.),Verband ehemaliger Arbeitsdienstangehöriger und ihrer Hinterbliebenen (V.e.A.),,,"„Traditionsverband“, dessen Gründer, Funktionäre und Redner dem Führerkorps des Reichsarbeitsdienstes entstammten und zu dem sich auch ehemalige Arbeitsmänner und Arbeitsmaiden hinzugesellten.",kiz,,+,
126257,Hans Stöcklein (Politiker),Hans Stöcklein (Politiker) (1922-),1922,,"Seit 16. April 2007 Ehrenbürger der Stadt Annweiler am Trifels; Politiker (SPD), Bürgermeister",piz,male,+,
208223,Christoph Seiler,Christoph Seiler,,,Er wird als Autor eines Buches namens Phasmiden aufgeführt,piz,male,+,
20857,Robert Crome,Robert Crome (1705-1770),1705,1770,Englischer Komponist,piz,male,+,
55885,Alfred Winge und Eduard Scotland (Designer),Alfred Winge und Eduard Scotland (Designer),,,Designer in Bremen,kif,,+,
315273,Hans-Nikolaus Herden,Hans-Nikolaus Herden,,,"deutscher Anästhesist und Intensivmediziner, 20. Jh.",piz,male,+,
305159,Marga Buchmann,Marga Buchmann,,,1957 Teilnehmerin eines Wettbewrbs des Senators für Volksbildung in Berlin,piz,female,+,
342124,Nadine Kreß,Nadine Kreß (1991-),1991,,deutsche Fußballfunktionärin,piz,female,+,
189459,Werner Taag,Werner Taag (1915-1998),1915,1998,"1915 geboren am 9. Februar in Nowawes bei Potsdam als Sohn des kaufmännischen Angestellten Reinhold Taag und seiner Ehefrau Elsa Marie, geb. Gräfe | 1927 unter väterlicher Anleitung erste Beschäftigung mit der Photographie, seine erste Kamera war eine 6 x 6 Stereo-Plattenkamera vom Vater | 1929-1932 Lehre als Elektriker bei der Lokomotivfabrik „Orenstein & Koppel“ | 1933 Arbeit als Elektromonteur | 1934 Berufssoldat | 1941 als Soldat in Norwegen und Finnland, Gründung eines Photozirkels in seiner Einheit | 1944 Gefangenschaft bei Landsberg an der Warthe | August 1945 Rückkehr aus sowjetischer Kriegsgefangenschaft nach Potsdam, auf Grund der Vorräte seines Vaters an Filmen und Chemikalien konnte er mit einer geliehenen TENAX - Kamera die Auswirkungen des Krieges festhalten
seit 1945 ständige intensive Beschäftigung mit der Photographie, versteht sich als ein Chronist seiner Heimatstadt Potsdam | 1945-1980 Elektro- und Fahrleitungsmonteur bei den Potsdamer Verkehrsbetrieben, Brigadier einer Fahrleitungsbau-Brigade | 1946 Heirat mit Ingeborg Melech, zwei Kinder | 1949 Mitbegründer der ""Fotografischen Gemeinschaft"", dem späteren ""Fotoclub Potsdam"" im Kulturbund | seit 1952 Personalausstellungen und Ausstellungsbeteiligungen im In- und Ausland, Publikationen und Presseveröffentlichungen | 1998 gestorben am 20. Oktober in Potsdam",piz,male,+,https://d-nb.info/gnd/1204269831
175108,Theodor von Herder,Theodor von Herder,,,Schrieb 1838 einen Brief an seine Mutter.,piz,male,+,https://d-nb.info/gnd/116732326
329774,Max Herber,Max Herber (1873-),1873,,Fotograf in München (gnd: 1106874943),piz,male,+,https://d-nb.info/gnd/1106874943
40059,Marcus Furius L. f. Philus,Marcus Furius L. f. Philus,,,"""M. Furius Philus (en), M. Furius Philus (la) - Roman Republican Moneyer, c. 119 BC (en)"", http://nomisma.org/id/m_fovri_l_f_phili_rrc, 26.11.2017",piz,,+,http://d-nb.info/gnd/1185192689
125091,Verlag Schultz & Wundermann,Verlag Schultz & Wundermann,,,Verlag in Hamm im 19. Jahrhundert.,kif,,+,
60229,Marcus Aurelius Domitianos (Byzantion),Marcus Aurelius Domitianos (Byzantion),,,"""Magistrat in Byzantion unter Maximinus Thrax.
Lit.: E. Schönert-Geiss, Die Münzprägung von Byzantion II (1972) 16; W. Leschhorn, Lexikon der Aufschriften auf griechischen Münzen II (2009) 384."" - https://ikmk.smb.museum/object?id=18235904",piz,,+,
145538,Reserve-Lazarett Wernigerode,Reserve-Lazarett Wernigerode,,,Lazarett im zweiten Weltkrieg.,kio,,+,
69718,Verlag Ernst Reinhardt,Verlag Ernst Reinhardt,,,Verlag Ernst Reinhardt in München,kif,,+,
199465,Fotoatelier Fr. W. Weber,Fotoatelier Fr. W. Weber,,,"Fotoatelier, nachgewiesen für 1884",kif,,+,
15898,Johann Andreas Jacobs,Johann Andreas Jacobs (1832-1845),1832,1845,Johann Andreas Jacobs aus Ummendorf,piz,male,+,
43943,"Druckerei Willibald Nitsche, Weißenfels","Druckerei Willibald Nitsche, Weißenfels",,,"Druckerei in Weißenfels, ca.1900-1950",kif,,+,
14550,Berliner Lithographisches Institut,Berliner Lithographisches Institut,,,"Berliner Lithographisches Institut, Berlin W 35; Nachfolger des Königl. Lithographischen Instituts Berlin",kif,,,http://d-nb.info/gnd/10151550-9
271,Willy Brandt (Präparator),Willy Brandt (Präparator),,,"Tierpräparator in Bernburg, 1930er Jahre",piz,male,+,
258169,Antonius Röhrscheidt,Antonius Röhrscheidt (-1542),,1542,Bürgermeister in Bautzen.,piz,male,+,
37426,F. A. Zehl,F. A. Zehl,,,"Drucker, um 1850 Zusammenarbeit mit Jurany (Leipzig)",piz,male,+,http://d-nb.info/gnd/1050533771
48528,"Buchdruckerei A. Haase, Prag","Buchdruckerei A. Haase, Prag",,,Druckerei in Prag. Nachgewiesen für Zeit um 1900,kif,,+,
236917,Stadt Radolfzell,Stadt Radolfzell,,,Die Stadtgemeinde Radolfzell als Gebietskörperschaft sowie ihre Verwaltung,kio,,+,
25490,Fotoatelier W. J. Beckmann,Fotoatelier W. J. Beckmann,,,"Fotoatelier in
- Essen",kif,,+,
35328,Johannes Justus Borchers,Johannes Justus Borchers (-1731),,1731,"Deutscher Maler. Geboren um 1668, gestorben um 1731. Tätig in Köln, Porträtmaler. Wahrscheinlich identisch mit den Malern J. J. Borchers (siehe Porträt von Henning Adolph von Steinberg) und Borchers aus Düsseldorf (AKL XII, 1996, 669; ThB IV, 1910, 340).",piz,male,+,http://d-nb.info/gnd/1072395819
335279,Johann Tamme,Johann Tamme,,,"Johann Tamme war Krippenschnitzer in Zuckmantel, Vorstadt Miserich.",piz,male,,
168218,Franz Busl,Franz Busl (1931-2016),1931,2016,Franz Busl wurde 1931 in Tirschenreuth geboren und ist 2016 in Bamberg gestorben. Er war deutscher Grenzpolizist und Kreisheimatpfleger des Landkreises Tirschenreuth.,piz,male,+,https://d-nb.info/gnd/120866137
196194,Johann Daniel Beyer,Johann Daniel Beyer (1785-1846),1785,1846,"""Künstler, Maler, Miniaturist, Lithograf in Straßburg"" - gnd, 21.09.2025",piz,,+,https://d-nb.info/gnd/1050426495
209326,Waltraut Kruse,Waltraut Kruse,,,"Mitautorin des Buches ""Komm mit ins Museum"" (1984)",piz,female,+,
189188,Steinkohlenbergbauverein (Essen),Steinkohlenbergbauverein (Essen),,,"Vereinigung der Bergwerksunternehmen des Steinkohlebergbaus im Ruhrgebiet, Aachen und Niederdeutschland nach dem zweiten Weltkrieg.",kiz,,+,
183620,Roengler (Firma),Roengler (Firma),,,Hersteller von elektrischen Bügeleisen in Gelsenkirchen,kif,,+,
64933,Stadt Halle (Westf.),Stadt Halle (Westf.),,,Die Stadtgemeinde Halle (Westf.) als Gebietskörperschaft sowie ihre Verwaltung,kio,,+,
345659,Ellen Morgenstern,Ellen Morgenstern,,,Malerin (erw. um 1900 in Berlin),piz,female,,
172722,Wilhelmina Walter,Wilhelmina Walter (1791-1865),1791,1865,"Wilhelmina Walter, geborene Gunning(h) (* 06.06.1791 Haarlem, +21.02.1865 Apeldoorn) war die älteste Tochter des bekannten Apeldoorner Industriellen Johannes Hermanus Gunning(h) (Besitzer der Papierfabrik ""De Vlijt""). Sie heiratete am 03.04.1823 den Arzt Dr. Thomas Jan Walter in Apeldoorn und wohnte zeitgleich mit den Röntgens in der Hooftstraat.",piz,female,+,
259801,Heinrich König,Heinrich König,,,Lebte 2002 in Ravensburg.,piz,,+,
142772,James Barber,James Barber,,,"""Barber, James
Gold- und Silberschmied, Juwellier in York. Ausgabe von Marken 1811 zusammen mit seinem (Senior-) Geschäftspartner Robert Cattle.
Geschäft in der Coney Street.
Lit.: W. J. Davis, The Nineteenth Century Token coinage of Great Britain Ireland the Channel Islands and the Isle of Man to which are added Tokens over one Penny value of any period (1904/Nachdruck 1969) 175 Nr. 74; P. und B. R. Withers, The Token Book. British Tokens of the 17th 18th and 19th centuries and their values (2010) 421 Nr. 76-86."" - https://ikmk.smb.museum/ndp/person/11046, 06.06.2022",piz,male,+,
232440,"Schwetschke'sche Sortiments-Buchhandlung (C. E. M. Pfeffer) (Halle, Saale)","Schwetschke'sche Sortiments-Buchhandlung (C. E. M. Pfeffer) (Halle, Saale)",,,"Vorgänger C. A. Schwetschke & Sohn (Verlag)
Nachfolger	Pfeffer'sche Musikalien-Handlung (H. Karmrodt) (Halle, Saale)
Nachfolger		Pfeffer'sche Buchhandlung (Halle, Saale)
Das Unternehmen bestand von 1848-1853 in Halle (Saale)",kif,,+,https://d-nb.info/gnd/1073018776
259288,Hugo Reiss,Hugo Reiss (1894-1972),1894,1972,"Hugo Reiss war Anfang der 1930er Jahre der Schatzmeister von Eintracht Frankfurt. Als Jude musste er sein Amt nach der Machtübernahme der Nazis niederlegen. In den darauffolgenden Jahren flieht er nach Chile. 

Detaillierte Informationen zu seiner Person: https://museum.eintracht.de/historisches/hugo-reiss-136712 (Stand: Januar 2024)",piz,male,+,
114640,Eugen Prenner,Eugen Prenner (-1870),,1870,"""Eugen Prenner
- 30.11.1870 Villiers sur Marne
beruflicher Titel, Amtsbezeichung, Dienstgrad: Premier-Leutnant
Beruf: Militär
Beruf: Offizier
- am 30.11.1870 gefallen bei Villiers sur Marne (Deutsch-Französischer Krieg 1870/1871)"" - http://sammlungsdatenbank-museen-dresden.de/de/entitySearch?artId=66580, 23.06.2020",piz,male,+,
243515,Johannes Wittekindt,Johannes Wittekindt,,,Bäcker in Rauschenberg,piz,male,+,
2315,Else Hellmund,Else Hellmund,,,"Theaterschauspielerin in Lodz (198), Göttingen, Schwerin (1900) und 1907 bis 1916 am Meininger Hoftheater",piz,female,+,
1442,VEB Feinmess Dresden,VEB Feinmess Dresden,,,Unternehmen in Dresden.,kif,,+,http://d-nb.info/gnd/5186167-7
324512,Sebastian Guth (Weprowatz),Sebastian Guth (Weprowatz) (1916-),1916,,lebte in Weprowatz,piz,male,+,
201454,Porzellanfabrik Stadtlengsfeld,Porzellanfabrik Stadtlengsfeld,,,Thüringische Porzellanfabrik,kif,,+,https://d-nb.info/gnd/133400806X
340681,Toni Endres (Segelflieger),Toni Endres (Segelflieger),,,"Eigentlich Anton Endres, war ein Segelflieger, der 1950 den Flugsport-Club Würzburg neu mit gegründet hat.",piz,male,+,
330045,Johann Schnabel (der Mittlere),Johann Schnabel (der Mittlere) (1642-1709),1642,1709,"Deutscher Maler, Heller-Münzmeister, Baumeister, Vermessungsingenieur und Kartograf. Tätig in Coburg und Hildburghausen. Historienmaler, Kartenzeichner, kein Porträt bisher bekannt. Sohn des Malers Johann Schnabel (der Ältere) (1603-1679), Bruder des Malers Johann Schnabel (der Jüngere) (1644- nach 1688).",piz,male,+,https://d-nb.info/gnd/135790611
40546,Tecta Möbel,Tecta Möbel,,,"""Im Jahr 1956 von Hans Könecke in Lauenförde gegründet, leiten heute Axel Bruchhäuser und sein Neffe Christian Drescher das familiengeführte Möbelunternehmen Tecta. Die auf Stahlmöbel spezialisierte Marke steht für die Wiederauflage von Klassikern der Bauhaus-Ära und deren Weiterentwicklung. Darunter finden sich unter anderem Entwürfe von Walter Gropius, Marcel Breuer und Mies van der Rohe. Was die Avantgarde in den 1920er Jahren als experimentelles Wagnis und in geringer Stückzahl produzierte, wird heute von Tecta exklusiv und serienmäßig nach den Originalentwürfen hergestellt. Die Produktion wurde dazu vom Berliner Bauhaus-Archiv offiziell lizenziert. Die bekannte Kragstuhlserie mit dem sogenannten Tecta-Geflecht gehört beispielsweise ins Portfolio der niedersächsischen Firma. Neue Ansätze mit innovative Materialien und Techniken, die sich teilweise an der Schnittstelle zwischen Kunst und Design bewegen, werden von jüngeren Kreativen wie Florian Borkenhagen, Stefan Werweka und Joop Couwenberg vorangetrieben."" - http://stilwerk.com/de/berlin/brand/tecta, 30.12.2017",kif,,+,http://d-nb.info/gnd/1065286775
73785,Gaius Caecilius Metellus Caprarius,Gaius Caecilius Metellus Caprarius,,,"""Römischer Politiker u. Münzmeister, belegt ca. 125 v. Chr. sowie 113 v. Chr. als Konsul und 102 v. Chr. als Zensor"" - gnd, 21.06.2020",piz,,+,https://d-nb.info/gnd/1183433158
277519,Kunst-Verlag von Adolf Jaene's Papierhandlung,Kunst-Verlag von Adolf Jaene's Papierhandlung,,,"Verlag in Neuruppin, gab Ansichskarten heraus (um 1900)",kif,,+,
339660,Axel Busenkell,Axel Busenkell (1971-),1971,,Deutscher Athletiktrainer,piz,male,+,
273607,Kurhausrestaurant Bad Dürkheim,Kurhausrestaurant Bad Dürkheim,,,Restaurationsbetrieb im Kurhaus Bad Dürkheim,kif,,+,
227599,Kreisbauamt Tuttlingen,Kreisbauamt Tuttlingen,,,Bauamt des Landkreises Tuttlingen.,kio,,+,
132352,Samuel Friedrich Metzger,Samuel Friedrich Metzger,,,"deutscher Verleger, nachgewiesen 1715",piz,male,,
45627,Maria Ana Centeno de Romainville,Maria Ana Centeno de Romainville,,,"Aus Cuzco, verheirat mit Romainville ""a french citizen who had established himself in the ancient Inca capital.""",piz,female,+,
130325,Robert Prickle,Robert Prickle,,,"""Robert Prickle 
 primary name: primary name: Prickle, Robert 
Details
 individual; publisher/printer; dealer/auction house; British; Male 
Other dates
 1672- (fl.) 
Biography
 Art dealer and publisher in London in the second half of the seventeenth century.
 Published animal series of Abraham Hondius. 
Bibliography
 Nagler, Die Monogrammisten IV (no.3761)"" - https://www.britishmuseum.org/collection/term/BIOG171295",piz,male,+,
263625,Hochschule für Werkkunst (Dresden),Hochschule für Werkkunst (Dresden),,,"""Hochschule für Werkkunst"" war von 1947-1950 der Name der Dresdener Kunsthochschule, die zuvor als ""Staatliche Akademie für Kunstgewerbe"" bekannt war nach 1950 ""Hochschule für Bildende Künste Dresden"" hieß. (Quelle: gnd, 18.6.2024)",kio,,+,https://d-nb.info/gnd/10004661-7
190632,Anna Jánó,Anna Jánó (1926-2003),1926,2003,"1926-ban született a Bákó megyei Gerlén községben. Ősei a Székelyföldről vándoroltak ki Moldvába, valószínűleg a 18. században. A székely származás hatása érződik is beszédén és dalkincsén. Édesanyja tizenöt gyermeket szült, Anna volt köztük a legidősebb. A közeli Lészpedre ment férjhez. Férje, mint ügyeskezű ácsmester, Románia különböző vidékeire járt dolgozni, ő pedig a gyermeknevelés és háztartás teendői mellett állatokkal és földműveléssel foglalkozott egészen öreg koráig, amíg erejéből telt. Sorsa csupán abban tér el az átlagtól, hogy rokonsága körében többen is kiváló művészi képességekkel rendelkeztek. Anyja, nagyanyja, nagynénje híresen jó énekes volt, apja pedig nagyszerű mesemondó. Így már kisgyermek korától a moldvai magyar néphagyomány legjavát szívhatta magába. Dalai, balladái, meséi mind a szűkebb környezetből származnak, melyeket a hagyomány íratlan törvényeihez igazodva, mégis egyéni színezettel és nagy beleérző képességgel adott elő. A faluján kívüli román világ kulturális hatása nem érintette. Repertoárjában megkülönböztetett helyet foglalnak el a balladák, amelyeket általában régi ereszkedő pentaton dallamokra énekelt, és amelyek hossza olykor az ötven versszakot is eléri; illetve a magaskultúrát és a néphagyományt ötvöző egyházi népénekek.

Mint kiváló nótafát, Kallós Zoltán fedezte fel őt az 1960-as években. Attól fogva többször is megfordult Magyarországon.",piz,female,+,
218592,L. Saalfeld (Verlag),L. Saalfeld (Verlag),,,"Ansichtskarten-Verlag von Louis Saalfeld in Berlin,
um 1900-1905 i Berlin SW 29,
1910 in Berlin W 50, Neue Ansbacher Straße 19.",kif,,+,
127314,Märkische Verkehrsgesellschaft,Märkische Verkehrsgesellschaft,,,"Die Märkische Verkehrsgesellschaft GmbH ist ein Nahverkehrsunternehmen in den Kommunen des Märkischen Kreises. Das Unternehmen ging am 01. Januar 1976 in Folge der Gebietsreformen von 1975 aus diversen Vorgängerunternehmen hervor, darunter die 1886 gegründete Kreis Altenaer Eisenahn (KAE), der Plettenberger Kleinbahn AG und der Kraftverkehr Mark-Sauerland GmbH.
Die Verwaltung der Gesellschaft hat seit dem Zusammenschluss der Vorgänger seinen Sitz in Lüdenscheid, wo die Fahrpläne und Kursbücher produziert werden.",kif,,+,
42963,Margarete Gruber,Margarete Gruber (1897-1994),1897,1994,"""Ungar. Malerin und Graphikerin"" - gnd, 04.06.2018",piz,female,+,http://d-nb.info/gnd/119275716
258762,Mihály Vágner,Mihály Vágner,,,Offizieller Ingenieur des Kreises Sopron,piz,male,+,
151082,Oskar Böhme (Buchhändler),Oskar Böhme (Buchhändler) (1874-1928),1874,1928,"Oskar Böhme (* 11. Juni 1874 - †16. April 1928) war Buchhändler in Bitterfeld. Im Oktober 1899 gründete er im Geschäftsraum seiner Mutter eine Buch-, Kunst- und Musikalienhandlung, genannt: Musikhaus Böhme. Oskar Böhme wurde am 11. Juni 1874 als Sohn des Wilhelm und seiner Frau Rosalie Böhme geboren. Im September 1918 verehelichte er Klara Weißbach, die er als Patient in einem Leipziger Krankenhaus kennenlernte. Das Paar hatte zwei Kinder. Mitte der 1920er erkrankte Böhme schwer, am 16. April 1928 verstarb er. Zu Lebzeiten war er aktives Mitglied der Müller'schen Kantoreigesellschaft.",piz,male,+,
234466,Werner Drescher,Werner Drescher (1943-),1943,,deutscher Sachbuchautor (nachgewiesen 1989/94),piz,male,+,
201398,Johan Christof Kayser,Johan Christof Kayser (1640-1708),1640,1708,"Johan Christof Kayser (vor 09.02.1640 - 27.08.1708), Bildhauer, tätig in Frankfurt am Main. (Quelle: Allgemeines Künstlerlexikon)",piz,male,+,
199424,AG Essen-Arensberger Bergbau-Gesellschaft,AG Essen-Arensberger Bergbau-Gesellschaft,,,"Um neue Mittel für Bergbau im Gebiet des Herzogs von Arensberg einzuwerben gründete man die AG Essen-Arensberger Bergbau-Gesellschaft. 1860 wurde für den Betrieb der erstellten Anlagen eine AG gegründet. 1865 erfolgte die Umwandlung in eine Gewerkschaft. 1873 wurden die Kohlefelder der Gesellschaft in die AG Steinkohlenbergwerk Norstern eingebracht, die 1907 an die AG Phönix angegliedert wurde.",kif,,+,
230663,Glasmanufaktur Carl Schappel,Glasmanufaktur Carl Schappel,,,Die Glasmanufaktur Carl Schappel bestand in Haida seit 1857.,kif,,+,
60525,Gaius Caecina Largus,Gaius Caecina Largus,,,"""Legatus Augusti pro praetore provinciae Thraciae im Jahre 198 n. Chr. Erscheint auf den Münzen von Plotinopolis, Serdica, Augusta Traiana und Pautalia, in letzterer Stadt immer als Hegemon.
Lit.: B. E. Thomasson, Laterculi Praesidum I (1984) 169 f. Nr. 44; ebd. I Addenda (2011) 22:044; PIR² C 102."" - https://ikmk.smb.museum/object?id=18243668, 06.05.2019",piz,,+,
67667,O. Hänsel (Steinarbeiter),O. Hänsel (Steinarbeiter),,,"O. Hänsel war Mitte der 1920er Jahre als Steinarbeiter, vermutlich im Steinbruch Spitzberg (bei Wurzen) tätig.",piz,male,+,
272288,Fürstliche Brauerei Thurn und Taxis,Fürstliche Brauerei Thurn und Taxis,,,Brauerei in Regensburg,kif,,+,
49360,C. Pabst (Druckerei und Verlag),C. Pabst (Druckerei und Verlag),,,"Lithographische Anstalt in Bremen, 19. Jh., auch verlegerisch tätig",kif,,+,
300622,Leonhard Fünfschilling,Leonhard Fünfschilling (1937-2024),1937,2024,"Leonhard Fünfschilling (1937 - 2024) war ein Schweizer Architekt, Politiker und Kulturförderer, der besonders für seine langjährige Tätigkeit als Geschäftsführer des Schweizerischen Werkbundes (SWB) bekannt wurde. Unter seiner Leitung erlebte der SWB eine Phase intensiver Förderung der Schweizer Design- und Architekturszene. Fünfschilling setzte sich leidenschaftlich für die Vernetzung von Gestaltung, Gesellschaft und Politik ein und war ein aktiver Akteur in der Schweizer Kulturlandschaft.",piz,male,+,https://d-nb.info/gnd/1210184893
301085,Godefroy H. von Mumm & Co. Sektkellereien GmbH,Godefroy H. von Mumm & Co. Sektkellereien GmbH,,,"Die Godefroy H. von Mumm & Co. Sektkellereien GmbH ist eine deutsche Sektkellerei mit Sitz in Hochheim am Main (Hessen), deren Wurzeln bis ins Jahr 1827 zurückreichen. Heute gehört sie zur Rotkäppchen‑Mumm Sektkellereien GmbH und steht unter der Marke „Mumm“ für hochwertige Schaum- und Sekterzeugnisse.",kif,,+,
113863,Hildegard Bösselmann,Hildegard Bösselmann,,,Montage von Handstrickapparaten Hildegard Bösselman in St. Michaelis-Himmelsfürst über Freiberg (Sachsen). Nachgewiesen für Zeit um 1970.,kif,,+,
726,Hourdeaux-Bergmann AG Hirschaid,Hourdeaux-Bergmann AG Hirschaid,,,Aktiengesellschaft für Korbwaren- und Kinderwagen-Industrie,kif,,+,
18103,FAKA-Christel (Firma),FAKA-Christel (Firma),,,Hersteller von Ausstechformen für Kekse.,kif,,+,
349988,TEX B.V. Amsterdam,TEX B.V. Amsterdam,,,wohl Textil-Großhändler in Niederlanden (1970/80er Jahre),kif,,+,
150866,Burghart Messtechnik GmbH,Burghart Messtechnik GmbH,,,"Am 01.07.1949 gründete Heinrich Burghart das Unternehmen der Elektro- und Feinmechanik in Hamburg. Schwerpunktbereich wurde 1990 der Bereich Medizingerätebau ausgegliedert, seit 2009 als Burghart Messtechnik GmbH ein völlig eigenständiges Unternehmen. Es wird heute (2020) in dritter Generation durch Herrn Dipl. Ing. Torsten Burghart geführt.",kif,,+,
20168,Barent Velthuysen,Barent Velthuysen,,,"Schabkünstler, Grafiker, Radierer, Kupferstecher, Verleger. Tätig in Amsterdam - vor und nach 1700.",piz,,+,
207915,Görlitzer Blechwarenfabrik Wilhelm Köhler KG,Görlitzer Blechwarenfabrik Wilhelm Köhler KG,,,Stellte u.a. Beleuchtungsmittel her.,kif,,+,
20877,Alwin Richter (Fotograf und Verlag),Alwin Richter (Fotograf und Verlag),,,"Sitz: Leipzig, Bayerische Straße 94.
Nachgewiesen für Anfang des 20. Jh.",kif,,+,
75410,Hamádi Tamurá,Hamádi Tamurá,,,"Hamádi Tamurá, geboren um 1888 in der Nähe von Mopti, war ein malischer Bauer, der während des Ersten Weltkriegs im Kriegsgefangenenlager Wünsdorf interniert war.",piz,male,+,
277160,Walther Friederici,Walther Friederici (1874-1943),1874,1943,"Walter Friederici 1874 Chemnitz – 1943 Dresden 1890 Lithografenlehre. 1891–96 Studium an der Kunstakademie in Dresden bei Leon Pohle, anschließend Meisterstudium bei Gotthardt Kuehl bis 1899. Ab 1897 rege Beteiligung als Genre-, Interieur- und Vedutenmaler bei einzelnen Ausstellungen in Dresden, Berlin und München.",piz,male,+,
302198,Christoph von Polier,Christoph von Polier,,,"Christoph Graf von Polier, Genealoge, entstammte dem französischen Adelsgeschlecht von Polier (nachgewiesen 2024)",piz,male,,
350269,Christian Behrendt,Christian Behrendt,,,1852 stellte Christian Behrendt den „Wanzleber Pflug“ vor. (Tiefkulturpflug für den Zuckerrübenanbau),pi,,-,
54147,F. Siedentopf (Druckerei),F. Siedentopf (Druckerei),,,"Druckerei in Karlsruhe

RIA/SMB: 385076",kif,,+,
197906,Ódor Ferencné,Ódor Ferencné,,,"Ódor Ferencné nemesvidi lakos volt, valószínűleg Együd Árpád adatközlője (vagy valamelyik családtagja, aki a füzetét átadta a kutatónak).",piz,female,+,
327480,Ramesohl und Schmidt AG,Ramesohl und Schmidt AG,,,"Unternehme n in Oelde, nachgewiesen 1950er Jahre",kif,,,
274347,Zinn-Becker GmbH,Zinn-Becker GmbH,,,"Unternehmen in Stuttgart. Herstellung und Vertrieb von Zinn-, Kupfer- und Messingwaren sowie Vertrieb von Glas- und Holzwaren, Import und Export solcher Waren. Eingetragen 1974, Liquidation 2017",kif,,+,
14513,"Kulturhaus ""Banner des Friedens"" Weißenfels","Kulturhaus ""Banner des Friedens"" Weißenfels",,,Veranstaltungsbetrieb. Kulturhaus in der ehem. Dietrichschen Villa am Mühlberg,kif,,+,
23740,Heilsberger Mühle (Remda-Teichel),Heilsberger Mühle (Remda-Teichel),,,Historische Wassermühle in Remda-Teichel (Thüringen),kif,,+,
164651,Hagener Verkehrsverein e.V.,Hagener Verkehrsverein e.V.,,,"Der Hagener Verkehrsverein war ein klassischer Verkehrs- und Verschönerungsverein, der es sich zur Aufgabe gemacht hat, den Fremdenverkehr innerhalb der Stadt Hagen / Westfalen zu organisieren. Gegen Ende des 19. und zu Beginn des 20. Jahrhunderts entstanden zahlreiche dieser Vereine.",kif,,+,
268062,Otto Fischer (Verlag),Otto Fischer (Verlag),,,"Der Verlag ""Otto Fischer"" befand sich um 1900 in Berlin (Baumschulenweg) und veröffentlichte u.a. Ansichtskarten.",kif,,+,
274687,Augusta Eva Bürger,Augusta Eva Bürger (1758-1786),1758,1786,"Augusta bzw. Auguste Maria Wilhelmina Eva Leonhart, gen. Gustchen bzw. Molly war die jüngste Tochter des Niedecker Amtsmannes Johann Carl Leonhart und seiner Frau Marie Louise Auguste geb. Schädeler und zweite Gemahlin des Dichters Gottfried August Bürger. Schon bald nach der Eheschließung ihrer Schwester Dorothea mit Gottfried August Bürger Dorothea ging sie ein Liebesverhältnis mit dem Dichter ein. Sie ist die Adressaten der „Molly-Gedichte“. Nach dem Tod ihres Vaters lebte sie mit Unterbrechungen im Haushalt ihrer Schwester und ihres Schwagers, in der späteren Zeit in einer Ehe zu dritt. Nach dem Tod ihrer Schwester heirateten sie und Bürger im Sommer 1785. Das Paar zieht nach Göttingen, wo Auguste im Januar 1786 kurz nach der Entbindung von einer Tochter stirbt, wie die meisten ihrer Familienangehörigen an der Schwindsucht. Mutter von Emil (1782–1841) und Auguste (1785–1847).",piz,female,+,
42906,Wilhelm Wissalek,Wilhelm Wissalek,,,Vorschullehrer am Gymnasium zu St. Maria-Magdalena in Breslau. Nachgewiesen für 1896.,piz,male,+,
332160,Julie Eisenstuck,Julie Eisenstuck (1775-1844),1775,1844,"Tochter des Textilfabrikanten Johann Gottlieb E. aus Annaberg; heiratet 1796 Paul Auguste Jordan in Berlin. In den 1790er Friedrich von Hardenbergs Geliebte in Leipzig. (Novalis Schriften, 5. Bd., S. 842)",piz,female,+,
48634,Nauck und Hartmann,Nauck und Hartmann,,,Druckerei in Berlin,kif,,+,
280620,Margarete Frühling,Margarete Frühling (1868-1929),1868,1929,"Emma Sofie Margarete, Malerin in Wernigerode und Braunschweig. Tochter des Baumeisters Carl Frühling (1839-1912)",piz,female,+,
2263,"Pohle & Erben, Pera-Werk","Pohle & Erben, Pera-Werk",,,"Pohle & Erben, Pera-Werk, Raguhn in Anhalt, Fabrik naturreiner Essenzen u. Destillate, Fruchtsaftkelterei",kif,,+,
260922,Leonhard Georg Fay,Leonhard Georg Fay,,,"Wein- und Gastwirt in Frankfurt am Main, belegt 1834-1844 (verstorben vor 1849)
Quelle: Adressbuch Frankfurt am Main 1834-1844 (1849 Witwe).",piz,male,+,
63859,Stadt Oppenheim (Rhein),Stadt Oppenheim (Rhein),,,Verwaltung der Stadt Oppenheim (Rhein),kio,,+,
3368,Reinhold Merkelbach (Manufaktur),Reinhold Merkelbach (Manufaktur),,,"Reinhold Merkelbach
Grenzhausen, Kirchstraße 15 - 17

1845 Gründung durch Wilhelm Merkelbach IV
1859 Tod von W. Merkelbach
1863 Übernahme durch dessen Sohn Reinhold W. Merkelbach
1891 Nach dessen Tod führt die Witwe Toska Merkelbach die Firma weiter
1900 Über die Münchener Filiale entstehen erste Kontakte zu Richard Riemerschmid. Noch im selben Jahr entstehen die ersten Gefäßt nach Entwürfen von Riemerschmid.
1900-1914 Jugendstil-Produktion nach Entwürfen fast aller bedeutenden Künstler, die sich mit dem Steinzeug befaßten: Richard Riemerschmid, Henry van de Velde, Peter Behrens, Karl Görig, Leonhard Hellmuth, Paul Wynand, Albin Müller, Bruno Mauder, Charlotte Krause, Adelbert Niemeyer, Ludwig Leybold und viele andere mehr
1902 Auf der Industrie- und Gewerbeausstellung in Düsseldorf präsentiert Reinhold Merkelbach erstmals eine größere Kollektion von Riemerschmid-Gefäßen
1907 Inhaberin wird Toska Merkelbach, Leitung Reinhold und Paul Merkelbach
1911/12 Auf Betreiben von Paul Merkelbach schließen sich Reinhold Merkelbach, R. Hanke, S. P. Gerz I und später noch Walter Müller zu den Steinzeugwerken Höhr-Grenzhausen zusammen.
Wegen ihrer desolaten Lage scheiden bereits 1913 Walter Müller und R. Hanke aus, und 
1918 wird auch Simon Peter Gerz I abgestoßen.
Die Rechte an den eingebrachten Jugendstil-Modellen verbleiben bei Reinhold Merkelbach.
1917 Nach dem Tode von Reinhold und Paul Merkelbach führt dessen Witwe Gertrud die Firma weiter

Die Firma R. Merkelbach existiert noch heute; ihre Geschäftsunterlagen, ihr Archiv, die Modellbücher und Kataloge sind eine unschätzbare Quelle für die Datierung und Zuschreibung von Modellen und Produkten an die Firmen der Steinzeugwerke und an die entwerfenden Künstler

2007 Beendigung der Produktion",kif,,+,http://d-nb.info/gnd/2069650-4
219171,Georg Faber von Rottenmann,Georg Faber von Rottenmann (1575-1648),1575,1648,"Heilpraktiker aus Rottenmann, Steiermark.",piz,male,+,https://d-nb.info/gnd/1280901128
315545,Gerhard Salemke,Gerhard Salemke,,,Ehemaliger Technischer Zeichner bei den Schichauwerken in Elbing. Nach 1945 entwarf und baute Gerhard Salemke Modelle zahlreicher historischen Schiffstypen.,piz,male,+,
176655,Elisabeth Feodora Nicolics de Rudna,Elisabeth Feodora Nicolics de Rudna (1877-1954),1877,1954,"Geboren am 4 Oktober 1877 in Bad Vöslau, verstorben am 2 Dezember 1954 in Wien.",piz,female,+,
34939,Eduard Benner (Maler),Eduard Benner (Maler),,,"Deutscher Maler, Wirkungsdaten: 1795-1840 (GND, 10.01.2019).",piz,male,+,http://d-nb.info/gnd/1050428382
301655,Compañía Hispano Insular S.A.,Compañía Hispano Insular S.A.,,,Das Unternehmen Compañía Hispano Insular S.A. ist ein Lebensmittelhändler aus Spanien.,kif,,+,
272183,P. Lichtensztejn,P. Lichtensztejn,,,Fotograf,piz,,+,
114986,A. Lambert (Société industrielle du Nord de la France),A. Lambert (Société industrielle du Nord de la France),,,"Dr. phil. A. Lambert (?) Sekretär (Schriftführer?) der Société industrielle du Nord de la France zugleich Angestellter in den ""Manufactures de Produits Chimiques Nord"" (Établissements Kuhlmann), belegt Ende des 19. Jahrhunderts.",piz,male,+,
79366,Vénus Nyomda,Vénus Nyomda,,,Druckerei in Budapest.,kif,,+,
115678,Schlossbauverein Burg a/d Wupper e.V.,Schlossbauverein Burg a/d Wupper e.V.,,,"Der Schlossbauverein Burg an der Wupper ist ein ehrenamtlicher Verein zum Erhalt von Schloss Burg an der Wupper in Solingen. Neben den drei großen bergischen Städten Wuppertal, Remscheid und Solingen ist der Verein Anteilseigner und Mitbetreiber des Schlosses.

Die Anfänge von Schloss Burg liegen im Dunkeln. Der baugeschichtliche Befund spricht für eine Befestigung an der heutigen Stelle im 12. Jahrhundert. Die Quellen deuten darauf hin, dass die als Schloss Neuenberge unter Adolf II. von Berg gebaute Burg unter seinem Bruder, Engelbert II, Graf von Berg und Erzbischof von Köln, die Anlage zu einer Hofburg mit Palals, Kemenate und Kapelle ausgebaut wurde. Bis Mitte des 14. Jahrhunderts blieb die Burg Mittelpunkt der Grafen von Berg. Nachdem die Herrschaft durch Erbe an das Haus Jülich fiel, wurde die Burg zunehmend als Jagdschloss genutzt. Nach dem Ende des Dreißigjährigen Krieges wurden die Befestigungsanlagen geschleift. Bis ins 19. Jahrhundert hinein wurde die Anlage als ""Baustofflager"" für andere Neubauten in den nahegelegenen Städten genutzt. Der gänzliche Verfall drohte. Angesichts dieser Situation nahmen einflussreiche Bürger den Wiederaufbau in die Hand. 
Der Wermelskirchener Textilfabrikant Julius Schumacher scharte zahlreiche Mitstreiter um sich, wandte sich 1887 an den Bergischen Geschichtsverein, um bei der Regierung in Düsseldorf eine Eingabe zum Schutz der Ruine zu erwirken. Am 3. August 1887 erfolgte die Gründungsversammlung des ""Verein zur Erhaltung der Schlussruine zu Burg an der Wupper"", Schumacher wurde der erste Vorsitzende. Unter reger - auch finanzieller - Anteilnahme der Menschen konnte bereits im August 1890 mit einem Festakt die Vollendung des Torturms, des Treppenturms und des Wehrgangs gefeiert werden. In den folgenden Jahren konnten der Schlossflügel mit Kapelle, der Bergfried sowie das Bergische Museum gebaut und damit der Wiederaufbau - trotz einiger Rückschläge - abgeschlossen werden.
Bis zum heutigen Tag finanziert sich der Schlossbauverein hauptsächlich durch Spenden der Mitglieder, Freunde und Förderer und sichert so den Unterhalt und erhalt der Burganlage.",kiz,,+,
30032,Aert Verbeek,Aert Verbeek,,,"Niederländischer Medailleur, belegt um 1630",piz,male,+,
206735,Henriette-Charlotte Blechen,Henriette-Charlotte Blechen (1787-1853),1787,1853,"Henriette-Charlotte, geborene Boldt, Putzmacherin, heiratete im November 1824 den Maler Carl Blechen.",piz,female,+,
270532,Eugen Beinhauer,Eugen Beinhauer (1907-),1907,,"Journalist, Redakteur, NSDAP-Funktionär und SS-Führer

Geb. 2.5.1907 Stendal
1932 erwähnt als Redakteur in Kassel, 1937 erwähnt als Leiter des Presseamtes der Auslandsorganisation der NSDAP, 1944 als Oberleutnant Verfasser des Buches ""Artillerie im Osten"", auch nach 1945 publizistisch tätig

""Eugen Beinhauer, 2.5.07 Stendal – 5.9.41 gef. (??), ev., Stud. HfPol., Journalist, Schriftlt. (R.v.
Decker’s Verlag), HJ + SA 1931, NSDAP 1.8.31 (Gauamtslt., Gauredner), SS 1.3.33, 11.35
UStuf., Presseref. d. 75. SS-Stand. (Berlin-Friedenau, 1935), 4.36 SS-HA, bis 11.44 b. Stab SS-HA [SSO] – Hauptschriftlt., Lt. der Pressestelle Hessen-Nassau-Nord, altes VDA-Mitgl. (33),
Verf. „Was will der NS?“ (1930), Oberlnt. 2.WK, regelm. Mitarb. Völk. Beob. 33-35, Schriftstel-
ler [RK/RSK]""
(https://www.pedocs.de/volltexte/2018/15155/pdf/Harten_2017_Weltanschauliche_Schulung_der_SS_und_der_Polizei.pdf, 31.05.2024)",piz,male,+,https://d-nb.info/gnd/117084796X
285794,"Dahlberg, Monika","Dahlberg, Monika",,,Nachgewiesen 1962,piz,female,,
3390,Johann Michael Schaeffer,Johann Michael Schaeffer,,,Zinngießermeister in Ansbach um 1800,piz,male,+,
178772,Premag AG,Premag AG,,,"Präzisionsmechanik. Unternehmen in Bremgarten, Schweiz.",kif,,+,
15710,Oskar Bonde (Verlag),Oskar Bonde (Verlag),,,"Verlagsbuchhandlung gegründet von Oskar Bonde (1825-1898)

""Bonde, Oskar. Carl Oskar Bonde wurde als ältester Sohn des Oberförsters Bonde am 17. 11. 1825 zu Zschernichen geboren. In seinem 14. Jahre starb der Vater und Bonde trat als Lehrling bei K. F. Köhler in Leipzig ein, arbeitete nachmals als Gehilfe in Leipzig, Prag, Pest und Zürich, zuletzt als Geschäftsführer bei Fr. Brandstetter in Leipzig. Um sich selbständig zu machen, kaufte er am 1. 1. 1856 die 1850 gegründete J. H. Jacobsche[74] Sortiments-Buchhandlung (Joh. Heinr. Jacob, geb. 1798, gest. 1877). Am Tage seiner Geschäftseröffnung bestand die ganze Kundschaft in zwei Persönlichkeiten, ein Junge, der 2 Stahlfedern kaufte und ein anderer, der für einen Pfennig einen Bogen Papier erwarb. Doch bald mehrte sich die Kundschaft dank der eifrigen Thätigkeit des Firmeninhabers und am 1. 1. 1859 übernahm Bonde die Expedition der »Altenburger Zeitung für Stadt und Land« und erwarb dies 1848 gegründete politische Organ ein Jahr später als Eigentum. 1862 zum Hofbuchhändler ernannt, begründete B. am 3. 4. 1872 eine eigene Buchdruckerei und begann nebenbei sich eifrig dem Verlage zu widmen. Hierbei hat er einen besonders glücklichen Griff mit Dr. H. Kluges »Geschichte der Deutschen Litteratur« gemacht, von welchem Buche bis jetzt 33 Auflagen erschienen sind; nicht allein in deutscher, sondern auch in fremdsprachlichen Bearbeitungen ist das Werk auf dem ganzen Erdball verbreitet. Seine weitere fruchtbare Verlagsthätigkeit dehnte sich auf alle Fächer aus. Neben einer großen Reihe Unterrichtsbücher sind zu nennen: Löbes Geschichte der Schulen und Kirchen des Herzogtums S.-A.; Sehrwalds deutsche Dichter und Denker; Autoren wie Dietrich, Kriebitsch, Riffert, Runkwitz, Dr. Löbe, Ufer, Volger u. v. a.; sein gesamter Verlag umfaßt etwa 150 Werke. Zum Kommissionsrat im Jahre 1890 ernannt, hat Bonde in fortwährender Arbeit sein Geschäft vergrößert, sodaß dasselbe jetzt ein Personal von über 100 Köpfen beschäftigt, wobei seine beiden Söhne Oskar und Walter Bonde, ersterer seit 1883, letzterer seit 1892 ihm treulich zur Seite gestanden haben. Die Firma und speziell die Druckerei, welche einen großen Kundenkreis sowohl in Deutschland wie auch im Ausland besitzt, erfreut sich eines bedeutenden Rufes. Am 15. 7. 1898 starb Oskar B. und die Firma ging an seine 3 Söhne Oskar, Carl und Walter über.

Quellen: Börsenblatt f. d. Dtschn. Buchhandel 1898, Festztg. zum 3. April 1897."" - http://www.zeno.org/nid/20011434120, 03.01.2021",kif,,+,
267926,Harald Thiele,Harald Thiele,,,Fotograf in Zwickau (DDR-Zeit),piz,male,+,
219852,Roßdörfer Eisenbahnclub e.V.,Roßdörfer Eisenbahnclub e.V.,,,"1984 gegründeter Zusammenschluss von Eisenbahnliebhabern, insbesondere der Nebenbahnstrecke Darmstadt-Ost und Groß-Zimmern.

""Ursprünglich war der Verein bei seiner Gründung zum Erhalt der Eisenbahnstrecke von Darmstadt Ost nach Groß-Zimmern gedacht, was jedoch nicht möglich war. Heute nutzen wir das Gelände hinter dem noch erhalten Bahnhofsgebäude für die Gartenbahnanlage und im Sportzentrum betreiben wir eine H0 Anlage. Wir wünschen uns und unseren Besuchern auch die nächsten 40 Jahre allzeit gute Fahrt und hoffen dass wir auch die Geschichte der ehemaligen Bahnstrecke erhalten können."" - (https://www.eisenbahn-rossdorf.com/, 14.02.2024)",kiz,,+,
35325,Joachim Guenin,Joachim Guenin (1776-1816),1776,1816,Maler,piz,male,+,
1577,SED-Kreisleitung Salzwedel,SED-Kreisleitung Salzwedel,,,Sozialistische Einheitspartei Deutschlands / Kreisparteiorganisation Salzwedel,kiz,,+,
186970,Zeha Berlin Schuh Design GmbH & Co.KG,Zeha Berlin Schuh Design GmbH & Co.KG,,,"Nachfolger der Zeha Schuhfabrik Hohenleuben, die nach der wende zerschlagen wurde. (zur historischen Schuhfabrik. s. https://de.wikipedia.org/wiki/Zeha_Schuhfabrik_Hohenleuben [Wikipedia(de), 09.22.21]

2002 – Das Comeback in Berlin: Alexander Barré entdeckt bei einem Freund zufällig die Schuhe seiner Jugend wieder. Gemeinsam finden sie im Heimatmuseum Hohenleuben alte Schuhe, Leisten, Lederschäfte und Produktkataloge. Der Traum von Sportschuh-Revival ist geboren. Weihnachten 2003 werden die ersten Zeha Berlin Paare verkauft. (Quelle: https://www.zeha-berlin.de/unsere-geschichte/; abgerufen 09.11.21)",kif,,+,
69615,"Berlin-Schöneberg, Gesundheitsamt","Berlin-Schöneberg, Gesundheitsamt",,,Gesundheitsamt im ehemaligen Bezirk Berlin-Schöneberg.,kio,,+,
132774,Johann Michael Prismayer,Johann Michael Prismayer,,,Maler,piz,male,+,
126943,Siegfried von Rekkin,Siegfried von Rekkin (-1224),,1224,Abt von Pegau. Nachgewiesen für 1185-1224.,piz,male,+,http://d-nb.info/gnd/1076371566
164890,Reichelbräu (Kulmbach),Reichelbräu (Kulmbach),,,"Die Kulmbacher Brauerei Reichelbräu wurde 1846 durch Johann W. Reichel, Johann K. Scheiding und Johann M. Hübner gegründet. 1895[2] wurde sie in eine Aktiengesellschaft umgewandelt und bis heute durch Zukäufe beständig erweitert. 
Heute firmiert das Unternehmen als Kulmbacher Brauerei Aktien-Gesellschaft mit Sitz in Kulmbach.",kif,,+,
232408,"Kommadeur Chasseurs à pied, 16e bataillon","Kommadeur Chasseurs à pied, 16e bataillon",,,"Kommadeur der „Chasseurs à pied, 16e bataillon"" der Französischen Armee in der Kaserne Saarburg (Deutschland) in den 1980er Jahren",kio,,,
126076,VEB Glaswerk Rietschen,VEB Glaswerk Rietschen,,,Glaswerk im Kombinat Lausitzer Glas,kiz,,+,
206348,Georg Runge (Grafiker),Georg Runge (Grafiker) (1897-1927),1897,1927,"Kunstmaler und Grafiker, tätig um 1900 im Raum Oberlausitz",piz,male,+,https://d-nb.info/gnd/1264520336
165091,Eduard Kautsch,Eduard Kautsch (1845-),1845,,Goldschmied in Prag,piz,male,+,
331333,Abraham M. Schein,Abraham M. Schein (1871-1950),1871,1950,Österreichischer Fotograf ukrainischer Herkunft.,piz,male,+,https://d-nb.info/gnd/13271258X
327841,Großherzoglich Sächsische Hochschule für Bildende Kunst in Weimar (1910-1918),Großherzoglich Sächsische Hochschule für Bildende Kunst in Weimar (1910-1918),,,Kunsthochschule in Weimar 1910-1918,kio,,+,https://d-nb.info/gnd/2154522-4
10168,R. Tourmere,R. Tourmere,,,Grafiker des 18. Jahrhunderts.,piz,male,,
23489,S. A. Dötsch (Mühlenbesitzer),S. A. Dötsch (Mühlenbesitzer),,,Im 1901 Mühlenbesitzer in Ehrenbreitstein,piz,,+,
300227,Losmann GmbH,Losmann GmbH,,,"Die Losmann GmbH aus Berlin ist ein Großhändler für Büromaterial, Raucherbedarf, Souvenirs und Haushalts- & Geschenkartikel.",kif,,+,
339807,"Max Ebel, Neuruppin","Max Ebel, Neuruppin",,,Gab um 1930 Ansichtskarten heraus.,kif,,+,
259975,Modern Fotóműterem,Modern Fotóműterem,,,"Fotoatelier in
- Budapest, Soroksár, Grassalkovich utca 72 (nachgewiesen 1940)",kif,,+,
60519,Max Lenz (Typograf),Max Lenz (Typograf) (1919-1998),1919,1998,"Typograph und Designer.

""Geboren am 28. April 1919 in Romanshorn, Schweiz, gestorbem am 25. Januar 1998. Ausbildung zum Graphiker an der Kunstgewerbeschule Zürich. Von 1939–1991 selbstständig in Zürich (mit seinem Bruder bis 1981). "" - https://www.linotype.com/de/6774/max-lenz.html, 16.02.2020",piz,male,+,
213418,Armin Nürnberger,Armin Nürnberger,,,Verlag in Zolnán,kif,,+,
349307,Gottfried Wäzmann,Gottfried Wäzmann (auch Weitzemann),,,"war Leib- und Wundarzt und 1713 Schützenkönig, vermutlich in Langenwolmsdorf",piz,male,,
75155,Pjeto Ivanof,Pjeto Ivanof,,,"Pjeto Ivanof, geboren um 1886, war ein russischer Volksschullehrer, der während des Ersten Weltkriegs im Kriegsgefangenenlager Parchim interniert war.",piz,male,+,
271934,Peter Gärtner (Politikwissenschaftler),Peter Gärtner (Politikwissenschaftler) (1957-),1957,,"deutscher Politikwissenschaftler, Lateinamerikaforscher, Hochschullehrer in Leipzig",piz,male,+,https://d-nb.info/gnd/143903659
332118,Schulze & Thun Elektrizitätsgesellschaft m.b.H,Schulze & Thun Elektrizitätsgesellschaft m.b.H,,,Spezial-Geschäft für Freileitungsbau in Cottbus (nachgewiesen 1922),kif,,+,
40057,Lucius Sentius C. f.,Lucius Sentius C. f.,,,"""Römischer Münzmeister ca. 101 v. Chr. Praetor zwischen 93 und 89 v. Chr."" - gnd, 07.10.2024",piz,male,+,http://d-nb.info/gnd/1186417331
34130,Matthias Weber (Münzmeister),Matthias Weber (Münzmeister),,,Münzmeister in Hildesheim. Nachweis für 1622,piz,male,+,
210018,Turn- und Sportverein 1905 Beerfurth e.V.,Turn- und Sportverein 1905 Beerfurth e.V.,,,Sportverein im Reichelsheimer Ortsteil Beerfurth,kiz,,+,
20585,Töpferei J. H. Kresb,Töpferei J. H. Kresb,,,"Norddeutsche Töpferei, belegt Ende 19. Jh.",kif,,+,
125047,Marie Sophie Trouillas,Marie Sophie Trouillas (1752-1850),1752,1850,Geborene Brückner. Stammt aus Oranienburg. Tochter des Daniel Brückner und der Marie Sophie geb. Denckmann und seit 17. 10. 1802 mit dem Berliner Buchbindermeister Jean Trouillas (1765-1841),piz,female,+,
73002,Marcus Antonius Hipparc... (Korinth),Marcus Antonius Hipparc... (Korinth),,,"""Marcus Antonius Hipparc...
Duumvir in Korinth unter Augustus ca. 10/9-5/4 sowie 2-1 v. Chr.
Lit.: RPC I 251."" - https://ikmk.smb.museum/ndp/person/4498, 21.06.2020",piz,,+,
199550,Roland Fürst (Fotograf),Roland Fürst (Fotograf) (1938-),1938,,"Nach einer Ausbildung als Fotograf an der Bayerischen Staatslehranstalt für Photographie arbeitete Fürst zunächst in der Werbeabteiung der Firma Kalle AG in Wiesbaden. Danach besuchte er die Meisterschule. Nach bestandener Prüfung war er von 1963-1966 Werkstattleiter und Technischer Lehrer für Fotografie an der HfG Ulm. 
Danach arbeitete er freiberuflich als Fotograf und Fotodesigner. Er war außerdem Lehrer an der HfG Offenbach, am Industrial Design Centre in Bombay sowie an der Städtischen Fachhochschule für Gestaltung in Mannheim.",piz,male,+,
272850,U.T.Z.-Verlag (Union-Theater-Zeitung),U.T.Z.-Verlag (Union-Theater-Zeitung),,,"Verlag und Annoncenexpedition in Berlin, nachgewiesen 1914-1934
1914 Inhaberin: Mary Berg-Lindemann",kif,,+,
116620,Max Steche,Max Steche,,,Max Steche war Zahntechniker in Bitterfeld.,piz,male,+,
236311,Hendrik von Balen,Hendrik von Balen,,1632,Hendrik van Balen (* um 1575 in Antwerpen; † 17. Juli 1632 ebenda) war ein flämischer Maler und Glasmaler. Er ist dem Barock zuzuordnen. GND-Nummer: 1282116339,piz,male,+,
15521,"Geographisch-lithographisches Institut von H. Kunsch, Leipzig","Geographisch-lithographisches Institut von H. Kunsch, Leipzig",,,Erstellte Karten und Pläne (nachgewiesen 1855).,kif,,+,
344764,Adolph Ernst von Humbracht,Adolph Ernst von Humbracht (1625-1698),1625,1698,"Ratsherr, Jüngerer Bürgermeister, Schöffe, Älterer Bürgermeister, Stadtschultheiß und Patrizier in Frankfurt am Main",piz,male,+,
72212,Adolf Steinhäuser,Adolf Steinhäuser (1825-1858),1825,1858,Bruder des Carl Steinhäuser und wie dieser ein Modelleur in Bremen,piz,male,+,
192746,Clara Roth,Clara Roth,,,Herausgeberin eines Kochbuchs,piz,female,,
337429,Van Besta,Van Besta,,,"US-Amerikanischer Kakaoproduzent aus Brookyn, New York, USA. Die Kakaopulverkonservendosen waren in nahezu allen nach Westdeutschland verbrachten CARE-Paketen enthalten. Nachgewiesen 1946. Die Firma scheint nicht mehr existent und lässt sich nicht nachweisen.",kif,,+,
5088,Thomas Mäser,Thomas Mäser,,,Modellbauer in Dessau 2009/10,piz,male,+,
25035,Fotoatelier Samson & Co. (Halle/Saale),Fotoatelier Samson & Co. (Halle/Saale),,,"Fotoatelier in
- Halle (Saale), Poststraße 9-10, belegt Anf. 20. Jh.

Die Firma Samson & Co. unterhielt Ateliers in zahlreichen deutschen Städten.",kif,,+,
145753,Standesamt Berlin-Treptow,Standesamt Berlin-Treptow,,,Behörde für Beurkundung von Personenstandsfällen in Berlin-Treptow,kio,,+,
235231,VEB Braustolz im GK Karl-Marx-Stadt,VEB Braustolz im GK Karl-Marx-Stadt,,,Die Brauerei in Chemnitz (vormals Karl-Marx-Stadt) wurde 2017 als Braustolz GmbH geschlossen.,kif,,+,
60031,Anshelm von Lorsch,Anshelm von Lorsch,,,Abt des Klosters Lorsch von 1088-1101.,piz,male,+,
200752,Annweiler Email- u. Metall-Werke,Annweiler Email- u. Metall-Werke,,,Unternehmen in Annweiler.,kif,,+,
7654,Johann Friedrich Oertel (Pfarrer),Johann Friedrich Oertel (Pfarrer),,,"Pfarrer in Buchheim, Mitte 19. Jahrhundert.",piz,male,+,
1981,Kodak AG (Stuttgart),Kodak AG (Stuttgart),,,"Ende 1931 übernahm Kodak das Kamerawerk Dr. August Nagel in Stuttgart-Wangen. (wikipedia)

Im DWB-Fiirmenverzeichnis von 1971 aufgeführt.",kif,,+,
277829,Regine Zylka,Regine Zylka (1959-),1959,,Politikredakteurin,piz,female,+,https://d-nb.info/gnd/131464779
196354,Düsseldorfer Maschinenbau-Actien-Gesellschaft,Düsseldorfer Maschinenbau-Actien-Gesellschaft,,,"Gegründet 1897 unter Übernahme der seit 1880 bestehenden Firma J. Losenhausen, Düsseldorf als Düsseldorfer Maschinenbau-AG vorm. J. Losenhausen, 1926 umbenannt wie oben. Herstellung von Werkstoff- und Baustoff-Prüfmaschinen, Waggon-, Auto- und Fuhrwerkswaagen, Spezialwaagen. Die Abt. Kranbau wurde 1934 an die Schenck & Liebe-Harkort AG in Düsseldorf übertragen. Das Unternehmen Losenhausen erfand im Jahr 1934 die erste Bodenverdichtungsmaschine (“Vibromax”). (Quelle: https://www.historische-wertpapiere.de/de/HSK-Auktion-XXXII/?AID=92292&AKTIE=Losenhausenwerk+D%FCsseldorfer+Maschinenbau+AG, am 23.02.2022.)",kif,,+,
228380,Verlag O. Siltmann (Werder/Havel),Verlag O. Siltmann (Werder/Havel),,,Verlag in Werder (Havel) [erwähnt um 1890],kif,,+,
327965,Georg Merk (Porzellanmaler),Georg Merk (Porzellanmaler),,,Georg Merk war um 1765 bis um 1767 sowie ab 1773 bis um 1777 als Maler in der Porzellanmanufaktur Frankenthal tätig.,piz,male,+,
200890,Photo-Verlag M. P. Jieschhoff,Photo-Verlag M. P. Jieschhoff,,,Ansichtskartenverlag in Friesdorf (Bonn - Bad Godesberg),kif,,+,
58581,Marcus Durmius (Münzmeister),Marcus Durmius (Münzmeister),,,"""Marcus Durmius
Münzmeister unter Augustus. RIC I² Nr. 311-320."" - https://ikmk.smb.museum/ndp/person/1792, 21.06.2020",piz,,+,
184641,Technische Werkstatt Königswinter,Technische Werkstatt Königswinter,,,"Technische Werkstatt Königswinter, nachgewiesen für 1949.",kif,,+,
246590,MEWA Werk Ritschenhausen VEB,MEWA Werk Ritschenhausen VEB,,,"Das MEWA Werk Ritschenhausen bzw. Werk Meiningen (VEB) in Ritschenhausen/Thür. gehörte vor der Enteignung zur Concordia Elektrizitäts-AG (CEAG) mit Sitz in Dortmund. Im Mai 1943 wurden die noch funktionsfähigen Maschinen und Anlagen aus Dortmund nach Ritschenhausen verlagert.
(Nachgewiesen 1948-1953)",kif,,+,
191543,Deutsche Gemälde Industrie Georgi & Co. (Degi),Deutsche Gemälde Industrie Georgi & Co. (Degi),,,Ansichtskarten- und Öldruckvertrieb in Leipzig. Degi - Deutsche Gemälde Industrie Georgi & Co.,kif,,+,
328046,Druckerei Bader,Druckerei Bader,,,"Kleine Druckerei in Wehr. Buchdruckerei und ehemals Herausgeber der Lokalzeitung „Der Wehrataler“. Zeitung später von der Badischen Zeitung, Freiburg übernommen
(nachgewiesen 1950)",kif,,+,
37118,"Adolph Eckstein-Verlag, Berlin-Charlottenburg","Adolph Eckstein-Verlag, Berlin-Charlottenburg",,,Verlag in Berlin-Charlottenburg (nachgewiesen um 1900),kif,,+,
332839,Sebastian Rost,Sebastian Rost,,,Stuckateur in Berlin,piz,male,,
37604,Theodor Reineck,Theodor Reineck,,,"Deutscher Lithograf, Wirkenszeit 1856-1922",piz,male,+,http://d-nb.info/gnd/127828672
75277,Alexej Dimitrew,Alexej Dimitrew,,,"Alexej Dimitrew, geboren um 1885 in Shelanger, war ein russischer Bauer, der während des Ersten Weltkriegs im Kriegsgefangenenlager Puchheim interniert war.",piz,male,+,
215309,Emil Hauck,Emil Hauck,,,"Emil Hauck war der erste Zahnarzt in Fußgönheim, bestätigte Zeit 1.6.1961",piz,male,+,
301004,VEB Vereinigte Mühlenwerke Wünschendorf/Elster,VEB Vereinigte Mühlenwerke Wünschendorf/Elster,,,"Der VEB Vereinigte Mühlenwerke Wünschendorf/Elster war ein volkseigener Betrieb der DDR, der in den 1970er Jahren durch die Zusammenlegung mehrerer Mühlenbetriebe in Wünschendorf/Elster (Thüringen) entstand. Nach der politischen Wende in der DDR wurde der VEB 1990 aufgelöst und in die Eduard Schulze Mühlenwerke GmbH überführt, die bis heute in Wünschendorf/Elster ansässig ist.",kif,,+,
328695,Anika Petzoldt,Anika Petzoldt (1972-),1972,,"Anika Petzoldt, 1972 geboren in Erfurt
Beruf mit Abitur in Neubrandenburg
Aufführung erster eigener Stücke 1988 in Neubrandenburg
Ausbildung zur Bühnenartistin an der ""Etage"" Berlin
Studium „ Puppenspielkunst – Darstellende Kunst"" an der Hochschule für Schauspielkunst „ Ernst Busch“ Berlin
Arbeit als Schau- und Puppenspielerin an verschiedenen Theatern , u.a. Theater junge Generation Dresden, Puppentheater Erfurt, Puppentheater Magdeburg und Naumburg

Quelle: https://www.theater-bautzen.de/ensemble/person/petzold-annika (Stand: 30.06.2025)",piz,female,+,
24412,Sommerlade (Mühlenbesitzer),Sommerlade (Mühlenbesitzer),,,"Mühlenbesitzer in Wolfershausen, nachgewiesen um 1913",piz,,+,
74450,Johann Christoph von Ampringen,Johann Christoph von Ampringen,,,Adliger aus dem Breisgau.,piz,male,+,
270951,O. Wendt's Buchhandlung,O. Wendt's Buchhandlung,,,"Buchhandlung in Arnswalde, die sich auch als Verlag für Ansichtskarten betätigte, nachgewiesen durch 1905 verschicktes Exemplar mit der Aufschrift ""Verlag von O. Wendt's Buchhandlung No. 49.""",kif,,+,
314820,"H. Burdach, Warnatz & Lehmann","H. Burdach, Warnatz & Lehmann",,,Königlich Sächsische Hofbuchhandlung (Dresden),kif,,+,https://d-nb.info/gnd/5253056-5
126308,Eduard Grieshaber,Eduard Grieshaber,,,Uhrmacher in Schönwald im Schwarzwald.,piz,male,+,
339865,Martin Julius Ullmann,Martin Julius Ullmann (1899-1965),1899,1965,"Kunst- und Antiquitätenhändler mit einem An- und Verkaufsladen in der Taunusstr. 7, Wiesbaden. Von 1954 bis 1965 führte er das Geschäft, danach wurde es noch bis 1969 von seiner Frau Margarete Ullmann geb. Hülsmann (geboren 1907) weitergeführt.",piz,male,+,
141345,Theodoros Margonis,Theodoros Margonis,,,Μαργώνης Θεόδωρος. Von ihm exisiteren Tonaufnahmen der Königlich Preußischen Phonographischen Kommission.,piz,male,+,
78146,Károly Exner,Károly Exner (1850-1919),1850,1919,"Károly Exner (1850-1919), Kupferstecher, Medailleur. Er war Schüler von Radnitzky in Wien. Er produzierte hauptsächlich Sportmedaillen und andere Gedenkmedaillen.",piz,male,+,
117465,Fa. ARKA EcoFriendlyCoffins,Fa. ARKA EcoFriendlyCoffins,,,"Urnenproduzent aus Hove, E. Sussex, GB",kif,,+,
