35094,W. Veit,W. Veit,,,"Lithograf, nachgewiesen um 1840.

vermutlich zwei verschiedene W. Veith
1 x Lithograf
1 x Dr. med. W. Veit, Hersteller (SMB)",piz,male,+,
251361,Maria Josepha Debler,Maria Josepha Debler,1760,1819,"Maria Josepha Debler, geb. Daser, war mit dem Schwäbisch Gmünder Patrizier Franz Xaver Debler verheiratet.",piz,female,+,
19285,"PGH Elektrohandwerk ""Elektromedizin, Vakuumtechnik"" (Leipzig)","PGH Elektrohandwerk ""Elektromedizin, Vakuumtechnik"" (Leipzig)",,,"Spezialisierte Genossenschaft des Elektrohandwerks in Leipzig während der DDR-Zeit, belegt Mitte 1960er Jahre",kif,,+,
255115,Franz vom Stein zum Diemenstein,Franz vom Stein zum Diemenstein,,,Der Name befindet sich auf einem Wappenblatt mit 15 Schwäbisch Gmünder Wappen.,piz,male,+,
22389,Max Berends (Firma),Max Berends (Firma),,,"Textilunternehmen in Hohenstein-Ernsttal, u. a. Herstellung von Wandbehängen/Wandteppichen",kif,,+,
234442,Franz-Peter Kolmschlag,Franz-Peter Kolmschlag (1949-2023),1949,2023,"Kurzvita Franz-Peter Kolmschlag:
12.11.1949 geboren in Lossnitz bei Freiberg
1966-1970 Lehre zum und Tätigkeit als Hüttenfacharbeiter im Bergbau- und Hüttenkombinat „Albert- Funk“ Freiberg, Hütte Muldenhütten, Betriebsteil Feinhütte Halsbrücke
1970-1979 Studium an der Ingenieurschule für Automatisierung und Werkstofftechnik in Hennigsdorf sowie der Technischen Hochschule Leipzig
ab 1975 Tätigkeit im ökonomischen Bereich der Hütte Muldenhütten, ab 1993 als Leiter Finanzen
1992-1993 Aufsichtsratsmitglied der Saxonia AG Metallhütten- und Verarbeitungswerke Freiberg
1995-2015 Prokurist und Mitglied der Geschäftsleitung der Muldenhütten Recycling- und Umwelttechnik GmbH
2015-2021 Geschäftsführer des Sächsischen Landesverbandes der Bergmanns-, Hütten- und Knappenvereine e.V.; 2022 Verleihung des Ehrentitels „Hüttenmeister“
01.07.2023 gestorben in Freiberg
Sonstiges Autor diverser Publikationen zur Geschichte des Hüttenstandorts Muldenhütten; darunter der Bücher „Sieben Jahrhunderte Hüttenstandort Muldenhütten“ (2010 bzw. ergänzte/überarbeitete 2. Auflage 2017) sowie „Die Schlackenmetall GmbH in Muldenhütten“ (2022)
Mitgesellschafter und Geschäftsführer der Freiberger Whisky Manufaktur GmbH. [Knut",piz,male,+,
72885,Karl Josef Welz,Karl Josef Welz (1887-1964),1887,1964,"""Welz, Dr. Karl Josef (1887-1964)
Der Fuldaer Studienrat Dr. Karl Welz sammelte von der Mitte der 1920er Jahre bis zu seinem Tod im Jahr 1964 antike Kunst und Münzen, am Ende seines Lebens über 2.500 Stück.
1965/1966 gelangten beide Sammlungsteile an die neugegründete Ruhr-Universität Bochum. Zusammen mit den Sammlungen übernahm die Universität ebenso die vollständigen Unterlagen, die Händlerkorrespondenz und die Rechnungen an Welz. Sie vermitteln ein anschauliches Bild der Beziehungen zwischen Sammler und Händlern über vier Jahrzehnte, über die prominente Herkunft manchen Stückes und die sich verändernden Bedingungen des Sammels in diesen bewegten Jahren."" - https://ikmk.smb.museum/ndp/person/7884, 17.10.2020",piz,male,+,http://d-nb.info/gnd/101938926
41528,Demokratischer Frauenbund Berlin (DFB),Demokratischer Frauenbund Berlin (DFB),,,Teil des Demokratischen Frauenbundes Deutschlands.,kiz,,+,https://d-nb.info/gnd/5173890-9
177818,Johann Fürchtegott Klemm,Johann Fürchtegott Klemm,,,Verfasste Briefe an Johann Georg Zimmer. Nachgewiesen für die Jahre 1797-1845.,piz,male,+,https://d-nb.info/gnd/116222115
269180,Fotoatelier Ernst Lohöfener,Fotoatelier Ernst Lohöfener,,,"Fototalelier in
- Bielefeld (nachgewiesen ca. 1925 durch Ansichtskarte mit Aufdruck ""Verlag von Ernst Lohöfener, Photogr., Bielefeld. Nachdruck verboten.""",kif,,+,
119652,Franz Ritter (Maschinenbauer),Franz Ritter (Maschinenbauer),,,"Franz Ritter entwickelte mit seinem Sohn die Bürsten-Messerputz-Maschine, ein Gerät zum Entrosten von Besteck.",piz,male,+,
310639,R. Lübke (Druckerei),R. Lübke (Druckerei),,,"Druckerei in Berlin-Charlottenburg, Schlüterstraße 4 (nachgewiesen 1930)",kif,,+,
244559,Wehle Bräu Adolf Miller Dunningen,Wehle Bräu Adolf Miller Dunningen,,,"Brauerei in Dunningen, gegründet 1847
(http://www.klausehm.de/BuchstabeD/D0444.html, abgerufen 24.10.2023)",kif,,+,
262072,Johanna Thierse,Johanna Thierse,,,"Dipl.-Restauratorin für Gemälde, Moderne und Zeitgenössische Kunst, Skulptur/ Skulpturenfassung / Polychrome Bildwerke (nachgewiesen 2023 in Berlin)",piz,female,+,
189449,Wilhelm Heiges (Esslingen),Wilhelm Heiges (Esslingen),,,"Gelebt und Gearbeitet in Esslingen am Neckar. Ob es sich um den gleichen Wilhelm Heiges handelt, der 1879 das Spielwaren- und Ledergeschäft Heiges in Esslingen gründete, ist unklar.",piz,male,+,
184731,C. Lauteren Sohn GmbH,C. Lauteren Sohn GmbH,,,Weinhandlung in Bensheim,kif,,+,
172758,Lukasgilde Amsterdam,Lukasgilde Amsterdam,,,"""Amsterdam was the first city to reissue a St. Luke's charter after the reformation in 1579, and it included painters, sculptors, engravers, and other trades dealing specifically in the visual arts.""- Wikipedia (en) about ""Guild of Saint Luke"", 09.06.2021",kif,,+,
113904,Richter's Kunstanstalt,Richter's Kunstanstalt,,,Richter's Kunstanstalt in Rudolstadt/Thüringen,kif,,+,
24433,C. Möllenbrink (Mühlenunternehmer),C. Möllenbrink (Mühlenunternehmer),,,1913 Bauherr einer motorbetriebenen Mahl- und Schrotmühle in Wissingen; Die Mühle in Wissingen bestand bereits seit 1894.,piz,,+,
210040,Arthur Redecker Verlag,Arthur Redecker Verlag,,,"Graphische Kunstanstalt in Berlin-Tempelhof, als Ansichtskartenverleger nachgewiesen durch Prospekt von 1902 und durch mehrere 1910-1932 verschickte Exemplare.",kif,,+,
14403,Joseph Schott (Maler),Joseph Schott (Maler),,,"Maler und Lithograph, nachgewiesen für 1826",piz,male,+,http://d-nb.info/gnd/1031896147
170788,Institut für Binnenfischerei (Berlin-Friedrichshagen),Institut für Binnenfischerei (Berlin-Friedrichshagen),,,Einrichtung in Berlin-Friedrichshagen.,kiz,,+,
126782,Atelier für Musterzeichnen Emil Bohne,Atelier für Musterzeichnen Emil Bohne,,,Anfertigung von textilen Entwürfen und Musterpatronen,kif,,+,
69960,Ingenieurschule für Glastechnik Weißwasser,Ingenieurschule für Glastechnik Weißwasser,,,Bildungseinrichtung in Weißwasser / O.L.,kiz,,+,
265977,Verlag von Stengert's Witwe & Co,Verlag von Stengert's Witwe & Co,,,"Verlag in Liebenau (Neumark), nachgewiesen durch 1899 verschickte Ansichtskarte mit dem Aufdruck ""Verl. v. G. Stengert's Ww. Liebenau.""",kif,,+,
276602,Lang & Scholz,Lang & Scholz,,,Kunststoffverarbeitendes Unternehmen in Weil der Stadt.,kif,,+,
193352,Johann Michael Schmidt (der Jüngere),Johann Michael Schmidt (der Jüngere),,,"Zinngießermeister in Leipzig.

""In Leipzig nachweisbar von 1746 bis 1794: Schmidt lernte bis 1754 in Leipzig das Zinngießerhandwerk, wurde 1764 Meister und war von 1791 bis 1794 Obermeister",piz,male,+,
62959,J. Zipter (Kartenstecher),J. Zipter (Kartenstecher),,,"Kupferstecher, Grafiker, nachgew. um 1830 - um 1860",piz,,+,http://d-nb.info/gnd/1146994168
53584,Wydawnictwo Podsiedlik-Raniowski i Spolka,Wydawnictwo Podsiedlik-Raniowski i Spolka,,,Polnischer Verlag.,kif,,+,
138545,Mwanamhomi,Mwanamhomi,,,"Mwanamhomi war einer war einer von zwanzig Söhnen des ‚mtema‘ Mtengera, der bis 1884 ‚chief‘ der Bena im Kilombero Tal war, in welchem diese seit Kämpfen mit den Hehe in den 1870er Jahren lebten. Nach dem Tod Mtengeras wurde Kiwanga im Jahre 1884 sein Nachfolger und blieb ‚mtema‘ bis zu seinem Tod im Maji-Maji-Krieg im Jahre 1905. Sein jüngerer Bruder Sagamaganga akzeptierte die Einsetzung Kiwangas nicht und verbündete sich mit dem Ngoni ‚chief‘ Chabruma. Die kriegerischen Auseinandersetzungen endeten mit dem Eindringen der Deutschen in die Region zu Beginn der 1890er. Sagamaganga war zwar offiziell Kiwanga unterstellt, regierte die südlichen Regionen des Bena Gebiets (die Deutschen nannten es „Ubena“) faktisch eigenständig. Mwanamhomi war wohl eher mit Sagamaganga verbunden als mit Kiwanga. So trat er Sagamagangas Nachfolge nach dessen Selbsttötung im Jahre 1897 an. Die Ältesten der Bena erklärten zwar, Kiwanga habe Mwanamhomi ernannt, jedoch sollte dies womöglich die eigentliche Unabhängigkeit Sagamagangas kaschieren. Mwanamhomi kollaborierte während des Maji-Maji-Krieges mit den Deutschen, was wiederum auf den immer noch großen Einfluss Kiwangas verweist, der schon seit den 1890 ein enger Verbündeter der deutschen Kolonisierenden war und die Deutschen in ihren Kriegen gegen Mkwawa und die Hehe in den 1890er Jahren unterstützt hatte. Mwanamhomi regierte vermutlich bis 1906 bzw. 1907.",pik,male,+,
17491,Glashütte Globsow,Glashütte Globsow,,,"Globsow / Brandenburg
Tätigkeitszeitraum: 1792 - 1884
Wirkungsort: 1752 - 1779, Alt-Globsow
Wirkungsort: ab *1.9.1779, Neu-Globsow

""Hier wurde grünes Flaschenglas hergestellt, das sog. Waldglas.

Das über zweihundert Jahre alte Glasmacherhaus beherbergt heute neben der Tourist-Information Stechlin ebenfalls die Ausstellung ""Zwölf Geschichten vom Glas"". Besuchern wird das alte Handwerk des Glasblasens näher gebracht.
Erzählt wird über die Glashüttenchefin Madame Pirl, über die Gründung von Neuglobsows und über das Leben und die Arbeit der Glasmacher sowie über die Lebensbedingungen dieser Zeit."" (https://www.reiseland-brandenburg.de/poi/ruppiner-seenland/museen/glasmacherhaus-neuglobsow/?no_cache=1, 13.09.2022)",kiz,,+,
75050,Baulos Trataros,Baulos Trataros (1894-),1894,,"Baulos Trataros, geboren 1894 in der Nähe von Kastro-Kyllini, war ein griechischer Seemann, der während des Ersten Weltkriegs im Kriegsgefangenenlager Görlitz interniert war.",piz,male,+,
273173,Paul Hinkel (Korbmacher),Paul Hinkel (Korbmacher),,,Letzter Korbmacher in Hamm am Rhein (20. Jh.),piz,male,+,
815,Bertha Kintzel (Salzwedel),Bertha Kintzel (Salzwedel),,,"Lebte in Salzwedel, nachweisbar 1842",piz,female,+,
301367,Garbáty-Cigarettenfabrik (Berlin),Garbáty-Cigarettenfabrik (Berlin),,,"""Berlin ist um die Jahrhundertwende das Zentrum der deutschen Zigarettenindustrie. 1881 gründet Josef Garbáty-Rosenthal, Sohn des jüdischen Immigranten Max Rosenthal, sein Zigarettenunternehmen in der Linienstraße in Berlin-Mitte. Er und seine Frau Rosa Rahel Rosenthal produzieren als Erste in Berlin Zigaretten „ägyptischer Art“, was unseren heutigen Zigaretten entspricht.

Garbátys Zigarettenmarken 'Königin von Saba, Garbáty Kalif' und 'Kurmark' sind so erfolgreich, dass die Geschäftsräume bald nicht mehr ausreichen. Sowohl der Absatz als auch die Zahl der Beschäftigten wachsen rasant. Denn Garbátys Zigaretten sind nicht nur in den damaligen deutschen Kolonien, in Asien und Amerika äußerst beliebt, sondern auch bei der italienischen Staatsregierung.

Garbáty verlegt und erweitert den Herstellungsbetrieb an der Schönhauser Allee zwischen 1890 und 1900 mehrfach. Ab 1906 lässt er auf einem unbebauten Grundstück im damals noch unabhängigen Pankow Fabrikanlagen bauen. Sie befinden sich an der Hadlichstraße und Berliner Straße und sind mit der Straßenbahn an die Hauptstadt angebunden. ..."" - https://www.visitberlin.de/de/zigarettenfabrik-garbaty, 30.03.2025",kif,,+,https://d-nb.info/gnd/6506836-1
25693,Dr. Haas’sche Buchdruckerei G.M.B.H.,Dr. Haas’sche Buchdruckerei G.M.B.H.,,,Druckerei in Mannheim. Nachgewiesen für 1916.,kif,,+,
292026,Cigarettenfabrik Muratti A.G. (Berlin),Cigarettenfabrik Muratti A.G. (Berlin),,,"Typ: Körperschaft
Datierung: 1906 - 1942
--------
Muratti. In den Zwanzigerjahren war sie der Star unter den Zigaretten, nach dem Krieg avancierte die Muratti AG zum größten tabakverarbeitenden Betrieb Berlins. Bis 1960 der Tabakmulti Martin Brinkmann die Aktienmehrheit erwarb, der seinerseits wieder von der englischen Rothmans-Gruppe geschluckt wurde. So ist der Lauf der Dinge.
Schon, als im August 1906 die Firma B. Muratti Sons & Co. Limited aus Konstantinopel in Berlin ihre Dependance eröffnete und in der Köpenicker Straße mit der »Originalherstellung« von Orientzigaretten begann, drehten dort die Maschinen, die flinken Finger der Zigarettendreher an den langgestreckten Tischen der Tabakmanufakturen gehörten bereits der Vergangenheit an.
Bis 1939 die Heeresverwaltung die gesamte Produktionsstätte in der Köpenicker Straße beschlagnahmt. Muratti muß in die Kommandantenstraße Nummer 20 umziehen. Drei Jahre später jedoch legen die Nazis den Betrieb komplett still, und zum Ende des Krieges ist aller Tabak in der Stadt verraucht.",kif,,+,
274885,Der Lesezirkel. Redaktion (Zürich),Der Lesezirkel. Redaktion (Zürich),,,"Redaktion der Zetschrift ""Der Lesezirkel"" in Zürich (nachgewiesen 1926)",kif,,+,https://d-nb.info/gnd/108622874X
11621,Fotoatelier Hans Hildenbrand,Fotoatelier Hans Hildenbrand,,,"Fotoatelier in
- Stuttgart, Königstraße 27
- Stuttgart, Marienstraße 32

Über Hans HIldenbrand und sein Atelier heißt es Wikipedia:
Hans Hildenbrand (* 1870 Bad Boll; † 1957) war ein deutscher Fotograf.
Der Stuttgarter, der sein Atelier in der Marienstraße 32 hatte, wurde königlicher Hofphotograph und schuf früh auch Bilder unter freiem Himmel. So lichtete er etwa am 5. August 1908 den Zeppelin LZ 4 über Stuttgart ab, der wenig später in Flammen aufging. Auch das Wrack des Luftschiffs in Echterdingen lichtete er ab und verkaufte seine Aufnahmen als Ansichtskarten.
Ab 1909 arbeitete er mit Autochrom-Platten; damit gehört er zu den frühen Farbfotografen Deutschlands. 1911 gründete er die Farbenphotographische Gesellschaft, die vor allem Ansichtskarten und Stereoskopbilder verbreitete. Die Stereoskopserien, die zusammen mit dem entsprechenden Gerät vermarktet wurden, wurden unter dem Namen „Chromoplast“ verkauft.
Während des Ersten Weltkrieges war er einer von 19 offiziell beauftragten Kriegsfotografen auf der deutschen Seite und der einzige unter diesen, der Farbaufnahmen von den Kriegsschauplätzen im Elsass, der Champagne und den Vogesen machte.
Nach dem Krieg arbeitete Hildenbrand viel für das amerikanische Magazin National Geographic. Seine letzten Beiträge waren Bilder zu dem Thema „Changing Berlin“ im Jahr 1937.
1944 wurde Hildenbrands Archiv in Stuttgart durch einen Luftangriff zerstört, so dass viele seiner Originale verloren sind. Die Firma Photo-Hildenbrand, die auf Hans Hildenbrand zurückging, existierte bis 1997. (wikipedia 03.09.2014)

""Der 1903 von König Wilhelm II. von Württemberg zum Königlich Württembergischen Hofphotographen ernannte Johann Jacob Hildenbrand (der sich selbst aber nur Hans nannte) lebte von 1870 bis 1957 und wurde 1895 Inhaber eines fotografischen Ateliers in Stuttgart, das mit mehreren Standortwechseln bis 1944 bestand, als es samt Archiv bei der Bombardierung der Stadt zerstört wurde. Unter Nachfolgern existierte das Geschäft als Photo Hildenbrand noch bis 1997. Dass seine weitverstreuten Fotografien heute in erstaunlicher Fülle im Haus der Geschichte Baden-Württemberg in Stuttgart zusammengeführt werden konnten, ist vor allem den inzwischen dort beheimateten Sammlungen von Heinrich Moderecker sowie von Rolf H. Krauss zu danken, der bis 1991 ein Fotogeschäft in Stuttgart betrieb und als Fotohistoriker zahlreiche Publikationen vorgelegt hat, wozu noch weitere Schenker getreten sind. So verfügt das Museum heute über den größten Bestand an Fotografien von Hans Hildenbrand und kann deshalb mit einem reich bebilderten Band an diesen Pionier der frühen Farbfotografie erinnern."" - http://schwaebischer-heimatbund.de/buchbesprechungen/hans_hildenbrand.html, 04.05.2019

""Hans Hildenbrand (* 1870 Bad Boll; † 1957) war ein deutscher Fotograf."" - (Wikipedia (de) 11.08.2021)",kif,,+,
7741,Mohren-Apotheke (Zeitz),Mohren-Apotheke (Zeitz),,,Apotheke in Zeitz,kif,,+,
31734,Polenz (Technischer Zeichner/Ingenieur),Polenz (Technischer Zeichner/Ingenieur),,,"Technischer Zeichner oder Ingenieur, tätig für Mansfeld.",piz,,+,
23151,Andreas Bollmann (Vermesser),Andreas Bollmann (Vermesser),,,"Vermesser / Markscheider(?) in Bergwerken in Eisleben, 1. H. 19. Jh.",piz,male,+,
13064,Victor Lecou,Victor Lecou,,,frz. Verleger des 19. Jh.,piz,male,+,http://d-nb.info/gnd/116851058
284180,Fotoatelier Carl Voigt,Fotoatelier Carl Voigt,,,"Fotoatelier in
- Kottbus",kif,,+,
197935,Verband ehemaliger Arbeitsdienstangehöriger und ihrer Hinterbliebenen (V.e.A.),Verband ehemaliger Arbeitsdienstangehöriger und ihrer Hinterbliebenen (V.e.A.),,,"„Traditionsverband“, dessen Gründer, Funktionäre und Redner dem Führerkorps des Reichsarbeitsdienstes entstammten und zu dem sich auch ehemalige Arbeitsmänner und Arbeitsmaiden hinzugesellten.",kiz,,+,
138290,Goethe-Institut Beirut,Goethe-Institut Beirut,,,Deutsches Sprach- und Kulturinstitut in Beirut.,kio,,+,
10052,Fotoatelier Carl Thormeyer,Fotoatelier Carl Thormeyer,,,"Fotoatelier
- Seehausen, Breiteweg 33
- Seehausen, Breiteweg 36",kif,,+,
30331,W. Pfannkuch (Druckerei),W. Pfannkuch (Druckerei),,,Druckerei in Magdeburg,kif,,+,
266873,Albert Knitter,Albert Knitter (1867-),1867,,"Kaufmann in Berlin
geb. 7. 12. 1867 Danzig
1902–? Mitglied des in Berlin ansässigen Touristenklubs für die Mark Brandenburg (1935 umbenannt in Landesgeschichtliche Vereinigung für die Mark Brandenburg)",piz,male,+,
349812,Staatliche Blindenanstalt Berlin-Steglitz,Staatliche Blindenanstalt Berlin-Steglitz,,,"Blindenschule in Berlin, Nachfolgerin der 1806 gegründeten Königlich Preußischen Blindenanstalt",kio,,+,
343127,Fotoatelier P. Zallow,Fotoatelier P. Zallow,,,"Fotoatelier in
- Berlin S., Kottbuser Damm 29/30
- Berlin-Rixdorf, Bergstr. 140
- Forst i/L, Cottbuserstr. 2",kif,,,
236357,Otto Schleyer,Otto Schleyer (-1910),,1910,Otto Schleyer führte zusammen mit seinem Bruder Conrad ein Baugeschäft in Angermünde. Erich Witte trat dessen Nachfolge an.,piz,male,+,
3641,Lehrerseminar Weißenfels,Lehrerseminar Weißenfels,,,"1794 gegr., Neubau 1909/10 eröffnet",kio,,+,
48399,Fotoatelier Ferdinand Schwarz,Fotoatelier Ferdinand Schwarz,,,"Fotoatelier in
- Marienburg (Nachgewiesen für 1870-1885)",kif,,+,
56398,Oskar Koch (Maler),Oskar Koch (Maler),,,"Aktiv in Berlin, um 1908 nachgewiesen",piz,male,+,
19614,Vordruckstelle des Reichsnährstandes,Vordruckstelle des Reichsnährstandes,,,"Nachgeordnete Einrichtung des Reichsnährstandes, einer ständischen Organisation der Agrarwirtschaft und Agrarpolitik während der NS-Zeit. Sitz: Berlin.",kiz,,+,
157180,Stadt Flensburg,Stadt Flensburg,,,Die Stadtgemeinde Flensburg als Gebietskörperschaft sowie ihre Verwaltung,kio,,+,
308903,Firma Gewürzmüller (Lebensmittelproduzent),Firma Gewürzmüller LUCULLUS (Lebensmittelproduzent),,,"Das auf die Herstellung von Gewürzmischungen und Marinaden vor allem für die Fleischproduktion spezialisierte Unternehmen bestand bis in das Jahr 2017. Gewürzmüller hatte seinen Sitz zuerst in Ditzingen, in der Nähe von Trumpf, danach bis 2017 in Korntal-Münchingen. Internationale Bekanntheit erlangte das Unternehmen, indem es 1957 erstmalig auf der Welt mittels Elektronenstrahlen eines van de Graaff-Beschleunigers Gewürze keimfrei gemacht hat. Mit Einführung des neuen Lebensmittelgesetzes im Jahr 1959 musste dieses Verfahren eingestellt werden. Das Unternehmen wurde im Jahr 2007 durch den israelischen Konzern Frutarom übernommen, der mit Aufgabe der Marke ""Gewürzmüller"" die Produktion ins bayerische Freilassing verlagert hat.

Quelle: https://www.stuttgarter-zeitung.de/inhalt.unternehmen-in-muenchingen-macht-dicht-gewuerzmueller-ist-vergangenheit.4a53253e-63bb-45f1-8aeb-b5343fa20cee.html",kif,,,
21045,Edward Lamport Swaby,Edward Lamport Swaby,,,"Dichter, aktiv ca. 1760 in London",piz,male,+,
9699,"A. Scheufler (Verlag), Leipa i. B.","A. Scheufler (Verlag), Leipa i. B.",,,(Ansichtskarten-) Verlag in Leipa i. B. (am Marktplatz),kif,,+,
221218,Roland Geffers,Roland Geffers (1923-1975),1923,1975,"""Dt. Künstler"" - gnd, 04.04.2023

Deutscher Künster, Keramiker, Kunsthandwerker geboren 1923 in Erfurt, gestorben 1975 in Freiburg im Breisgau
(Quelle: https://www.statistik-bw.de/LABI/PDB.asp?ID=523053, 4.4.2023)",piz,male,+,https://d-nb.info/gnd/133248518
300529,VEB Erfurter Blumensamen,VEB Erfurter Blumensamen,,,"Der VEB Erfurter Blumensamen war ein volkseigener Betrieb der DDR mit Sitz in Erfurt, der sich auf die Produktion und den Vertrieb von Blumensamen spezialisierte.",kif,,+,
150040,Xaver Maria Cäsar von Schönberg-Rothschönberg,Xaver Maria Cäsar von Schönberg-Rothschönberg (1768-1853),1768,1853,"""ab 1791Erbherr von Rothschönberg b. Meißen und 1819 von Wilsdruff, 1833-1834 Mitglied des Sächsischen Landtages "" - GND",piz,male,+,https://d-nb.info/gnd/1038379636
19807,Gemeindeverwaltung Irxleben,Gemeindeverwaltung Irxleben,,,Gemeindeverwaltung des des bis 2010 eigenständigen Dorfs Irxleben in der Börde,kio,,+,
23587,I. Dietsche (Mühlenbesitzer),I. Dietsche (Mühlenbesitzer),,,um 1902 Besitzer der Stiftsmühle in Säckingen am Rhein (Wassermühle),piz,,+,
312732,Josef Iven,Josef Iven,,,Bekannt als Zeichner einer Ansicht der rekonstruierten Burg Blankenberg. Sohn des Bildhauers Alexander Iven (1854-1934). Hat mit diesem zusammen das Kriegerdenkmal in der Stadt Blankenberg geschaffen.,piz,male,+,
10128,"VEB Lederfabrik ""Hermann Matern"" Wolmirstedt","VEB Lederfabrik ""Hermann Matern"" Wolmirstedt",,,"Lederfabrik in Wolmirstedt, Am Anger
Teil der VEB Vereinigte Lederwerke ZUG. Nach der Wiedervereinigung Deutschlands 1990 Privatisierung des Unternehmens, Weiterführung unter dem Namen Lederfabrik Wolmirstedt GmbH.",kif,,+,
79914,Gritzner-Kayser - AG.,Gritzner-Kayser - AG.,,,1931 aus Firma Kayser (Kaiserslautern) und Maschinenfabrik Gritzner AG (Karlsruhe) entstanden. Übernahme von Kayser durch Gritzner. Hersteller von Nähmaschinen.,kif,,+,
667,Marie Barbara Eleonore von Schaumburg-Lippe,Marie Barbara Eleonore von Schaumburg-Lippe (1744-1776),1744,1776,"Gräfin Maria Barbara Eleonore geb. Gräfin zu Lippe-Biesterfeld (1744-1776), seit 1765 Gattin von Friedrich Ernst Wilhelm Graf zu Schaumburg-Lippe",piz,female,+,
178590,Kaiser & Schwahn,Kaiser & Schwahn,,,Hersteller von Trauringmaschinen aus Hainstadt bei Hanau.,kif,,+,
336395,Luise Therese von Haxthausen,Luise Therese von Haxthausen (1772-1853),1772,1853,Mutter von Annette von Droste-Hülshoff,piz,female,+,
339375,Nele Kilian,Nele Kilian,,,"Nele Kilian war eine deutsche Porträt- und Werbefotografin, die im 20. Jahrhundert aktiv war und ein Atelier am Kurfürstendamm 65 (Berlin W 15) hatte.

Quelle: Berliner Adressbuch 1943 https://digital.zlb.de/viewer/image/34115495_1943/4024/ [Abruf: 01.12.2025]",piz,female,+,
69366,Verlag der Evangelischen Haupt-Bibelgesellschaft,Verlag der Evangelischen Haupt-Bibelgesellschaft,,,Evangelischen Haupt-Bibelgesellschaft in Berlin. Nachgewiesen für 1980.,kif,,+,
80,Hugo Hüttig,Hugo Hüttig,,,Hugo Hüttig war ein Fotograf in Bitterfeld. Er war vor allem in der ersten Hälfte des 20. Jahrhunderts tätig. Nachgewiesen für 1938.,piz,male,+,
13084,Simon Watts (Radierer),Simon Watts (Radierer),,,"Radierer, fertigte u.a. Stiche für Charles Rogers ""A collection of prints in imitation of drawings"" (1778) - gnd, 05.11.2019",piz,male,+,https://d-nb.info/gnd/1190306964
218936,Oskar Ensslinger,Oskar Ensslinger,,,"Fotograph in Darmstadt

""Hoffotograf für Hessen-Darmstadt, Adresse (1908): Hügelstrasse 59"" - gnd, 13.02.2023",piz,male,+,https://d-nb.info/gnd/1116619008
2978,Dieter Müller (Zoologe),Dieter Müller (Zoologe),,,Zoologe in Mainz. Aktiv um 2010.,piz,male,+,
14551,F. A. Berger (Verlag),F. A. Berger (Verlag),,,"Verlag in Erfurt. Nachgewiesen für 1947, 1948 als Publikationsort für Stadtpläne.",kif,,+,
142087,Johann Christoph Ledergerber,Johann Christoph Ledergerber (-1719),,1719,"""Verleger von Buntpapieren"" - gnd, 11.04.2022",piz,male,+,https://d-nb.info/gnd/1244345393
200234,Eugen Pflaumer,Eugen Pflaumer,,,Gold- und Silberschmied in Reichenberg.,piz,male,+,
342082,Bucher & Kraus,Bucher & Kraus,,,"Weingut im Weinbaugebiet Rheinhessen, 1937 nachgewiesen",kif,,+,
74177,Manfred Schindler (Designer),Manfred Schindler (Designer) (1935-2016),1935,2016,Geboren am 23.2.1935 in Grimma. Keramikmaler und Gefäßgestalter. Entwickelte zahlreiche Spielzeuge für den VEB Mechanische Spielwaren Brandenburg (MSB),piz,male,+,
127784,Conrad Uhler,Conrad Uhler (1851-1919),1851,1919,Lehrer und Schriftsteller,piz,male,+,http://d-nb.info/gnd/126936366
22779,Kurt Düsterdick,Kurt Düsterdick,,,1939/40 Auszubildender in der Junkers Flugzeug- und Motorenwerke AG Dessau,piz,male,+,
73910,Eintracht - Braunkohlewerke und Brikettfabriken,Eintracht - Braunkohlewerke und Brikettfabriken,,,Brikettfabrik zu Zeiten der DDR,kif,,+,
205137,Sowjetische Aktiengesellschaft (SAG) Kali,Sowjetische Aktiengesellschaft (SAG) Kali,,,"Sowjetische Staatliche Aktiengesellschaft ""Kali"", 1946 bis 1952

""Die im Zweiten Weltkrieg weitestgehend unversehrt gebliebenen Werke der Kaliindustrie auf dem Gebiet der Sowjetischen Besatzungszone wurden 1946 zunächst als Sowjetische Aktiengesellschaft (SAG) Kali in sowjetisches Eigentum überführt und deren frühere Eigentümer (Wintershall AG, Preußag und Salzdetfurt AG) enteignet. 1948 wurden mehrere Werke aus der SAG Kali herausgelöst und mit einem Teil dieser Werke die SAG Sylvinit und die SAG Kainit gegründet. Der Rest der herausgelösten Werke wurde an die Länder Thüringen und Sachsen-Anhalt übergeben, woraus ein Jahr später die Vereinigung Volkseigener Betriebe (VVB) Kali- und Salze Halle entstand. In der SAG Kali selbst verblieben nur die Werke an der Werra. 1952 wurden die Kaliwerke der drei SAG an die DDR zurückgegeben und zusammen mit den Werken der VVB Kali- und Salze Halle der Hauptverwaltung Kali- und Nichterzbergbau Berlin (ab 1956 Erfurt) übergeben. 1958 ging daraus die VVB Kali in Erfurt hervor. Die einzelnen Kali- und Steinsalzwerke wurden bis zu diesem Zeitpunkt relativ autark verwaltet, die übergeordneten Strukturen dienten weitestgehend einer planwirtschaftlichen Koordinierung in Fragen des gesamten Industriezweigs und bezüglich des Exports. ..."" - Wikipedia über Kombinat Kali, 07.08.2022",kif,,+,
67962,Gaius Caec. Sere. (Turiaso),Gaius Caec. Sere. (Turiaso),,,"""Duumvir in Turiaso/Hispania unter Tiberius.
Lit.: RPC I 132; W. Leschhorn, Lexikon der Aufschriften auf griechischen Münzen II (2009) 911."" - https://ikmk.uni-freiburg.de/object?id=ID11086, 27.04.2019",piz,male,+,
18623,Fotoatelier Heinrich Arnemann,Fotoatelier Heinrich Arnemann,,,"Fotoatelier in
- Münster (Westfalen), Frauenstrasse 1",kif,,+,
74996,Andrei Wachuschof,Andrei Wachuschof,,,"Andrei Wachuschof, geboren um 1886 in der Nähe von Sarapul, war ein russischer Bauer, der während des Ersten Weltkriegs im Kriegsgefangenenlager Parchim interniert war.",piz,male,+,
328439,Deutsche Stiftung für Entwicklungsländer,Deutsche Stiftung für Entwicklungsländer,,,deutsche entwicklungspolitische Einrichtung. Sitz: Bonn.,kiz,,+,https://d-nb.info/gnd/1014010-4
24462,Herm. Mieke (Mühlenbesitzer),Herm. Mieke (Mühlenbesitzer),,,"Mühlenbesitzer in Wildau bei Drahnsdorf, nachgewiesen um 1900",piz,,+,
205977,VEB Frottex Berthelsdorf,VEB Frottex Berthelsdorf,,,"1899 schließt sich Hermann Dressler in Berthelsdorf und Ernst Marx aus dem benachbarten Großschönau zusammen und heben gemeinsam die Firma ""Dressler & Marx"" aus der Taufe. Am 1.Mai 1900 wird der erste Frottierwebstuhl im neuen Webereigebäude an der Berthelsdorfer Hauptstraße in betrieb genommen. Innerhalb weniger Jahre wird der junge Fabrikkomplex kontinuierlich erweitert. Das Unternehmen Dressler & Marx etabliert dabei die Marke ""Dressma"", exportiert die Waren bis in die USA und beschäftigt um 1930 zirka 350 Angestellte. Das Produktportfolio der Firma umfasste hauptsächlich Frottierhandtücher, -teppiche und -bademäntel. Mit dem dem Kriegsjahr 1944 muss die Weberei ihre Produktion aber einstellen und die Fabrikhallen der Siemens-Schuckertwerke aus Berlin zur Produktion von kriegswichtigen Elektroartikeln bereitstellen. Kurz nach dem Ende des 2. Weltkrieges geht es für die Firma Dressler & Marx bereits weiter. Als Reperationsbetrieb fertigt man vorwiegend für die sowjetische Besatzungsmacht. Ab 1960 wird das Unternehmen mit staatlicher Beteiligung weitergeführt. 1972 wurde das Unternehmen wie fast alle Betriebe mit staatlicher Beteiligung in einen volkseigenen Betrieb umgewandelt. Dieser firmierte zunächst unter dem Namen VEB Frottex Berthelsdorf, dem 1975 die Firma Rönsch & Söhne Löbau angegliedert wurde. Zum 1. Januar 1980 wurde das Unternehmen dem VEB Frottana Großschönau unterstellt. Die Anzahl der Beschäftigten betrug in den letzten Jahren durchschnittlich 300. Mit der Abwicklung der meisten oberlausitzer Textilbetriebe im Jahr 1990 endet auch in Berthelsdorf die Webereitradition.",kif,,+,
71549,Karl Wingender,Karl Wingender,,,"Maler, nachgewiesen für Zeit um 1834-1845.",piz,male,+,
71094,"Gaststätte Bürgerkasino, Bes. Bruno Teichert","Gaststätte Bürgerkasino, Bes. Bruno Teichert",,,"Gaststätte in Teltow, belegt 1942",kif,,+,
269594,Holger Forberg,Holger Forberg,,,"Fotograf in Freiberg (Sachsen), nachgewiesen 2007",piz,male,+,
75737,Buchhandlung Lecoutrè Bad Sobernheim,Buchhandlung Lecoutrè Bad Sobernheim,,,Poststraße noch nicht ausgebaut.,kif,,+,
21668,Günther Schlusche,Günther Schlusche (1950-),1950,,"Architekt und Stadtplaner
1982 bis 1987 Projektkoordinator der Internationalen Bauausstellung, Berlin, 1996 Promotion zum Dr.-Ing. an der TU Berlin.
1996 bis 2005 Planungs- und Baukoordination für das Denkmal für die ermordeten Juden Europas.
Seit 2005 Projektleitung für die Erweiterung der Gedenkstätte Berliner Mauer.
(http://www.berliner-mauer-gedenkstaette.de/de/mitarbeiterinnen-und-mitarbeiter-261,271,2.html)",piz,male,+,
328471,Carl Theodor Stirn,Carl Theodor Stirn (1811-),1811,,"Kaufmann, geboren 1811 in Hamm",piz,male,+,
259610,Friedrich Radzei,Friedrich Radzei,,,"deutscher Historiker (nachgewiesen 1963 in Freiberg, Sachsen)",piz,male,+,
5807,Kreisbildungsamt Arnstadt,Kreisbildungsamt Arnstadt,,,Einrichtung des Kreises Arnstadt,kio,,+,
124706,Karl Oechsle,Karl Oechsle (1782-1855),1782,1855,Karl Oechsle (1782-1855). Mechaniker und Optiker aus Esslingen am Neckar,piz,male,+,http://d-nb.info/gnd/1012291766
75410,Hamádi Tamurá,Hamádi Tamurá,,,"Hamádi Tamurá, geboren um 1888 in der Nähe von Mopti, war ein malischer Bauer, der während des Ersten Weltkriegs im Kriegsgefangenenlager Wünsdorf interniert war.",piz,male,+,
23872,Ernst Jüch (Mühlenbesitzer),Ernst Jüch (Mühlenbesitzer),,,1913 Auftraggeber / Bauherr einer Mahlmühle in Diesdorf (Krs. Salzwedel),piz,,+,
113729,Carl Korbmann,Carl Korbmann (1894-1958),1894,1958,"CARL KORBMANN (1894 Bad Dürkheim 9.8.1958), Maler

Den Spross einer aus der Schweiz eingewanderten alten Dürkheimer Familie im Dienst der Leininger verschlug es in den zwanziger Jahren nach Hamburg, wo er an der Landeskunstschule studierte, anschließend in Wilsede blieb und sich zum bekannten „Heidemaler“ entwickelte. 

Erst 1946 fand Korbmann in seine Heimatstadt zurück. 
Seine zahllosen Limburgbilder fanden viele Liebhaber.",piz,male,+,
178566,Stollwerck - Budapest Kft.,Stollwerck - Budapest Kft.,,,"Ungarischer Süßwarenhersteller, Tochterfirma der deutschen Firma Stollwerck in Köln",kif,,+,
116569,Mayser-Milz,Mayser-Milz,,,"Hutfabrik in Lindenberg.

Zusammengestellt aus: https://www.mayser.com/de/ueber-uns/historie, 23.07.2023:
1800 Leonhard Mayser eröffnet eine Hutmacherey in der Sterngasse in Ulm.
1886 Das stetige Wachstum erfordert die Umwandlung in eine AG. Die Mayser AG zählt nun zu den großen Aktiengesellschaften des Landes.
1914 Der Münchner Hutfabrikant Anton Seidl beteiligt sich an der Firma Mayser und wandelt diese in eine GmbH um.
1929 Anton Seidl, inzwischen alleiniger Eigentümer der Firma Mayser, übernimmt die Lindenberger Strohhutfabrik Milz & Cie. Mit der Übernahme des Unternehmens stellt Mayser nun auch Strohhüte her.
1940 Nach Anton Seidls Tod übernimmt sein Schwiegersohn, Curt M. Zechbauer, das Unternehmen. Er wandelt Mayser in eine offene Handelsgesellschaft um.",kif,,+,
123298,Elisabeth von Widekind,Elisabeth von Widekind (1869-1950),1869,1950,Zahnärztin,piz,,+,http://d-nb.info/gnd/1159929890
129783,Claes Jansz. Clock,Claes Jansz. Clock (1576-1602),1576,1602,"""Also known as
 Nicolaes Jansz. Clock 
 primary name: primary name: Clock, Nicolaes Jansz. 
 other name: other name: Clock, Claes Jansz 
 other name: other name: Cloeck, Nicolaes Jansz. 
Details
 individual; painter/draughtsman; printmaker; publisher/printer; Dutch; Male 
Life dates
 1576-1602 after 
Biography
 Painter and engraver, b.1576, active in Leiden and Haarlem (1589-1602). Apparently a pupil of Goltzius. Publishing from 1597. "" - https://www.britishmuseum.org/collection/term/BIOG23076, 23.07.2022",piz,male,+,https://d-nb.info/gnd/1055711864
14373,Leipziger Kunstverlag Max Scholz,Leipziger Kunstverlag Max Scholz,,,Leipzig-R.,kif,,+,
275832,Kunstanstalt Hermann Paal,Kunstanstalt Hermann Paal,,,Verlag und lithographische Anstalt in Osnabrück. Herstellung von Ansichtskarten.,kif,,+,
9794,Fritz Rode,Fritz Rode (1874-1972),1874,1972,"Fritz Rode (1874-1972) aus Oberkaufungen war ein Walkenrieder Gipsfabrikant. Im Jahr 1904 erwarb er die Walkenrieder Gipsfabrik von der Witwe des kurz zuvor verstorbenen Gründers Albrecht Meier und führte sie unter dem alten Namen ""Walkenrieder Gipsfabrik Albrecht Meier, Inh. Fritz Rode"" weiter. Fritz Rode und seine Söhne Herbert und Albrecht leiteten das Unternehmen bis zum Verkauf 1969. Im Jahr 1976 wurde der Betrieb eingestellt und anschließend das Werk restlos abgerissen.",piz,male,+,
128707,"Cimerlini, Giovanni Paolo",Giovanni Paolo Cimerlini (1534-1609),1534,1609,"""Giovanni Paolo Cimerlino
Also known as
 Giovanni Paolo Cimerlino 
 primary name: Cimerlino, Giovanni Paolo 
 other name: Cimerlini, Giovanni Paolo 
Details
 individual; printmaker; designer; Italian; Male 
Life dates
 1534/1535-1609 after 
Biography
 Engraver and designer, active in Verona. He was a notary. His mother was Caterina Mondella, the daughter of the goldsmith Girolamo. 12 April 1609 he was in Verona (Dillon, 1985).
 His prints are dated 1565, 1568 and 1570, including a map of the world, reproductive engravings, allegories and a group of paper scientific instruments. 
Bibliography
 M. Bury, 'The Print in Italy 1550-1625', British Museum, London 2001, p.225"" - https://www.britishmuseum.org/collection/term/BIOG22864, 01.04.2021",piz,male,+,
200824,Johann Peter Bernius,Johann Peter Bernius,,,Herr Bernius unterhielt in der Grabenstraße 16 in Reinheim einen Schlosserei-Betrieb.,piz,male,+,
24020,Schnecke (Mühlenbesitzer),Schnecke (Mühlenbesitzer),,,Mühlenbesitzer in Ahlum. Nachgewiesen für Zeit um 1887.,piz,,+,
331574,Verlag Ferdinand Kamp (Bochum),Verlag Ferdinand Kamp (Bochum),,,"Als Unternehmen in der Bundesrepublik Deutschland existierte der Verlag vom 17.04.1962 bis 10.10.2000:
https://www.northdata.de/Verlag%20Ferdinand%20Kamp%20GmbH%20&%20Co%C2%B7%20KG,%20Bochum/HRA%20341",kif,,+,
30032,Aert Verbeek,Aert Verbeek,,,"Niederländischer Medailleur, belegt um 1630",piz,male,+,
214040,Königliche Porzellan Manufaktur Nymphenburg,Königliche Porzellan Manufaktur Nymphenburg,,,Porzellanmanufaktur in Nymphenburg.,kif,,+,
147334,"Insel-Verlag, Berlin","Insel-Verlag, Berlin",,,Niederlassung des Insel-Verlages in Berlin,kif,,+,
42963,Margarete Gruber,Margarete Gruber (1897-1994),1897,1994,"""Ungar. Malerin und Graphikerin"" - gnd, 04.06.2018",piz,female,+,http://d-nb.info/gnd/119275716
278845,Aquitanus (Töpfer),Aquitanus (Töpfer),,,"Töpfer in La Graufesenque, der dort von ca. 40-65 n.Chr. gewirkt hat.",piz,male,+,
54139,Baur/Simon GbR (Verlag),Baur/Simon GbR (Verlag),,,Verlag in Mainz,kif,,+,
231161,"City-Druckerei AG, Berlin","City-Druckerei AG, Berlin",,,"Druckerei in Berlin, nachgewiesen 1931/32",kif,,+,
205910,Arbeitsgemeinschaft Autobahngeschichte e.V. (AGAB),Arbeitsgemeinschaft Autobahngeschichte e.V. (AGAB),,,"Die Anfänge der AGAB liegen buchstäblich in den dichten Wäldern Nordbayerns – genauer gesagt in Unterfranken nahe der hessischen Grenze zwischen Rhön und Spessart. Dort finden sich die Reste der „Strecke 46“ – die im Bauzustand verbliebene Trasse einer fast vergessenen Vorkriegsautobahn. Der Verkehr rollt heute rund 20 km Kilometer weiter östlich über die BAB A 7, auch Rhönautobahn genannt. Einige Hobbyhistoriker wunderten sich über alte – mit Sandstein verkleidete – Unterführungen, die scheinbar sinnlos in der Gegend standen, und gingen auf Entdeckungsreise. Am Ende stand die Wiederentdeckung eines Stücks deutscher Verkehrsgeschichte, die seit Oktober 2003 auf Veranlassung der AGAB in Teilen unter Denkmalschutz steht. Die Geschichte der „Strecke 46″ ist auch in Buchform dokumentiert. Das AGAB-Mitglied Dieter Stockmann hat das bereits in 3. Auflage erschienene Buch “Strecke 46” – die vergessene Autobahn zwischen Spessart und Rhön“ verfasst.",kiz,,+,
334709,Johann Michael Zeckel,Johann Michael Zeckel (-1782),,1782,"Goldschmied, geb. in Augsburg",piz,male,+,
74988,Tanase Toma,Tanase Toma (1882-),1882,,"Tanase Toma, geboren um 1882 in Dărmănești, war ein rumänischer Landmann, der während des Ersten Weltkriegs im Kriegsgefangenenlager Lamsdorf (Łambinowice) und (1917) in Puchheim interniert war.",piz,male,+,
221184,Dirk Sommer,Dirk Sommer (1954-),1954,,"""1954 | geboren in Darmstadt, aufgewachsen am Niederrhein
1975 – 1982 | Studium der Kunst, Kunsterziehung und Germanistik sowie VWL in Düsseldorf und Freiburg
Seit 1992 | regelmäßige Aufenthalte in den USA und in Mexiko
1995 – 2001 | Atelier in Brooklyn, N.Y.
seit 2001 | Lebt und arbeitet in March-Hugstetten bei Freiburg.
seit 2014 | Atelier in Sellia / Kreta"" - https://dirksommer-tigermann.de/vita/, 23.07.2023",piz,male,+,
65906,Cor. Menippos (Alinda),Cor. Menippos (Alinda),,,"""Erscheint in Alinda in Karien mitsamt seinem Titel als Archon zwischen ca. 193 und 211 n. Chr.
Lit.: W. Leschhorn, Lexikon der Aufschriften auf griechischen Münzen II (2009) 676."" - http://www.mkfrankfurt.uni-frankfurt.de/object?lang=de&id=ID345, 26.02.2019",piz,,+,
70504,"NSDAP, Gauleitung Koblenz","NSDAP, Gauleitung Koblenz",,,Herausgeber der Amtlichen Tageszeitung der Nationalsozialistischen Deutschen Arbeiterpartei und aller Behörden im Regierungsbezirk Koblenz.,kio,,+,
141240,Egor Kusnetzoff,Egor Kusnetzoff (1887-),1887,,"Der 1887/1888 geborene Egor Kusnetzoff war Russe, der im ersten Weltkrieg im Kriegsgefangenenlager Chemnitz interniert war und von dem damals Tonaufnahmen erstellt wurden.",piz,male,+,
60050,Ernst Janetzky,Ernst Janetzky (1879-1958),1879,1958,"Maler, künstlerisch tätig bereits von früher Jugend an, Betriebsingenieur bei der Reichsbahn, kam 1926 versetzungsbedingt von Berlin nach Hoyerswerda, Mitglied der ""Gesellschaft für Heimatkunde Hoyerwerda e.V.""; künstlerisches Schaffen:Ölgemälde, Aquarellen, Radierungen, Tuschzeichnungen, kleine Holzskulpturen und Holzschnitzereien.",piz,male,+,http://d-nb.info/gnd/1124270663
17854,Wilhelm J. Hölzen (Firma),Wilhelm J. Hölzen (Firma),,,Unternehmen in Löhne/Oldenburg,kif,,+,
142850,"Hancock, Wakefield & Co","Hancock, Wakefield & Co",,,"""Hancock, Wakefield & Co
Firma von John und Matthew Hancock sowie Francis Wakefield, Baumwollfabrikanten mit Niederlassungen in Nottingham, Mansfield und London.
Ausgabe von Marken 1812, zusammen mit Charles und George Stanton sowie William Ellis
Lit.: P. und B. R. Withers, The Token Book. British Tokens of the 17th 18th and 19th centuries and their values (2010) 407 Nr. 2-3."" - https://ikmk.smb.museum/ndp/koerperschaft/11233, 24.11.2020",kif,,+,
33849,Johann Seeberger,Johann Seeberger (1864-1928),1864,1928,"Architekt aus Kaiserslautern oder Umgebung, Vater von Peter Paul Seeberger (Architekt)",piz,male,+,
4067,Georg Stengel,Georg Stengel (1915-2001),1915,2001,Maler (DDR-Nationalpreisträger),piz,male,+,
266158,Joseph Seibt,Joseph Seibt,,,"Deutscher Maler. Nachgewiesen 1733-1735, tätig in Schweidnitz und Prag. Porträtmaler.",piz,male,+,https://d-nb.info/gnd/126806896
20721,Fotoatelier Franz Erkenz,Fotoatelier Franz Erkenz,,,"Fotoatelier in
- Berlin-Steglitz, Schlossstraße 85 (Nachgewiesen für Ende 19. Jh.)",kif,,+,
45723,"Granat, Jacob",Jacob Granat (1871-),1871,,"""Jacob Granat was born in 1871 in Lemberg (today Lviv), a city in Western Ukraine, at the time part of the Austrian empire. In 1900, at the invitation of his uncle Jacob Kalt, he moved to Veracruz in Mexico, and a year later in Mexico City. We know that he had an uncle or a cousin working at the casa Boker, one of the most successful German owned business in Mexico. Interestingly, Guillermo Kahlo worked at casa Boker during the last years of the 19th century, and probably took his first photographs during the construction of the new Boker shop in 1898-1899.

We also know that Jacob Granat became rapidly the « curio king » of the capital, selling luggages, post cards and other souvenirs from his shop in calle San Francisco, in the Historical center. But the bulk of the business was apparently luggages, and we are inclined to think that Jacob Granat was not the photographer, but the distributor of these images, either in photographic prints or in post cards.

Guillermo Kahlo and Jacob Granat were born the same year (1871), were both German speaking and both had strong connections with the Boker family. It is therefore almost certain that they knew each other. It is tempting to speculate that when Granat opened his « curio shop » he asked Kahlo for some tipos photographs. We will need further research to validate this hypothesis."" - https://earlylatinamerica.wordpress.com/2017/03/14/the-adventurous-and-tragic-life-of-jacob-granat/, 07.06.2021",piz,male,+,
185886,Franz Jan Bartels,Franz Jan Bartels (1894-1947),1894,1947,"Bartels, Franz Jan Adolf Heinrich (geb. 30.07.1894 Magdeburg-gest. 09.07.1947 Magdeburg), war Maler und Grafiker.
Über seine Vita ist wenig bekannt. In Magdeburg besuchte er die Kunstgewerbeschule, zu seinen Lehrern gehörte Franz Fiebiger. Zusammen mit Max Dungert und Bruno Beye war er 1919 Initiator zur Gründung der Künstlervereinigung Die Kugel in Magdeburg. Sein Vater war Besitzer einer Gaststätte “Goldene Kugel”, von der dieser Begriff stammen könnte. Seine Graphiken der frühen 1920er Jahre sind von expressionistischem Gestus geprägt (Abb. in Zeitschriften der Kugel, 1919/20). Für die späteren Arbeiten ist dagegen ein schlichter Realismus charakteristisch. Beye und B. bestritten die letzte Kugel-Ausstellung 1929. Seine wesentlichen Sujets sind Porträts, Landschaften und Stilleben. Kriegsverluste haben das Werk reduziert.
Werke: Konvolut von Zeichnungen im KHM Magdeburg.
Literatur: Kat. Magdeburger Kunstausstellung 1948; Renate Hagedorn, “Die Kugel” – eine Künstlervereinigung der 20er Jahre, Kat. Magdeburg 1993/94.",piz,male,+,
323079,Emma Reger,Emma Reger (1925-),1925,,In den 1930er Jahren Mitglied einer donauschwäbischen Laienspielgruppe in Weprowatz,piz,female,+,
188996,VEB Robotron Sömmerda,VEB Robotron Sömmerda,,,Betriebsteil des VEB Robotron in Sömmerda.,kif,,+,
143706,Volkskommissariat für Justizwesen der UdSSR,Volkskommissariat für Justizwesen der UdSSR,,,"Oberste Justizverwaltung der UdSSR in Moskau.

Volkskommissariat für Justiz (auch: Volkskommissariat für Justizwesen; russ. Народный комиссариат юстиции; Наркомюст; НКЮ; Transkription: NKJu)",kio,,+,https://d-nb.info/gnd/5127365-2
118195,Fotoatelier Hermann Meyer,Fotoatelier Hermann Meyer,,,"Fotoatelier in
- Senftenberg N.L., Promenade 2 (1881-1910; um 1900 auch als Ansichtskartenverlag tätig)

Auf einer Homepage zur Geschichte Senftenbergs heißt es über das Haus Promenade 2 und seine Bewohner: ""Bekanntester Name ist natürlich Hermann Meyer. Dessen Firma bestand seit 1881, worauf man auch permanent hinwies. Neben seiner Tätigkeit aus ""Haus-und-Hoffotograf"" der Senftenberger, wurden unter seinem Namen auch eine ganze Reihe von Ansichtskarten verlegt. Nach 30 Jahren zog Hermann Meyer Mitte 1910 aus Senftenberg fort. Sein Nachfolger wurde Rudolf Käding, der nicht nur fotografisch in die Fußstapfen Meyers trat, sondern auch gleich das Haus übernahm. Fortan prangte über dem kleinen Portal der Schriftzug Herm Meyer Nachf. Inh. Rudolf Käding."" - https://www.gruss-aus-senftenberg.de/jump2.php?t=ht_resources/middle_neues_182.php, 03.05.2020",kif,,+,
169490,K und M,K und M,,,Uhrenhersteller aus der Schweiz,kif,,+,
200229,Philipp Oberle,Philipp Oberle (1877-1950),1877,1950,"""Juwelier, Schmuckgestalter"" - gnd, 03.08.2022",piz,male,+,https://d-nb.info/gnd/1041977697
284149,Fotoatelier L. Leineweber,Fotoatelier L. Leineweber,,,"Fotoatelier in
- Hannover",kif,,+,
270479,G. Richard O'Connor,G. Richard O'Connor (1928-2007),1928,2007,"George Richard O'Connor, US-amerikanischer Ophtalmologe, geb. 1928, gest. 9. 8. 2007
https://d-nb.info/gnd/130890235",piz,male,+,https://d-nb.info/gnd/130890235
340770,Kurt Fichtner,Kurt Fichtner (1906-1977),1906,1977,"Elektromeister in Berlin, geb. 1. 12. 1906 Berlin-Schöneberg, gest. 12. 3. 1977 Berlin-Neukölln",piz,male,+,
131316,Jacob Schotte,Jacob Schotte,,,"""Nahm an der Belagerung Middelburgs teil u. besiegte 1573 die Spanier bei Brigdamme; seit 1588 Bürgermeister von Middelburg; war später in den Haag"" - gnd, 02.07.2022",piz,male,+,https://d-nb.info/gnd/1025644905
154213,Mária Schwartz (Szombathely),Mária Schwartz (Szombathely),,,Einwohnerin von Szombathely,piz,female,+,
25170,Fotoatelier Anna Fröhlich,Fotoatelier Anna Fröhlich,,,"Fotoatelier in
- Berlin, Lützowstrasse 73 mit 
- Filiale in Seebad Ahlbeck, Seestraße (um 1900)",kif,,+,
338624,Josef Hieser,Josef Hieser (1823-1867),1823,1867,"Josef Hieser (1823–1867) war Architekt und Gymnasialprofessor in Wien. Als Kunsterzieher und Zeichenlehrer unterrichtete er an der k.k. Oberrealschule am Schottenfelde, Wien. Sein Sohn Otto Hieser (1850–1892) war ebenfalls Architekt.",piz,male,+,
339032,Nagel (Pionier-Soldat),Nagel (Pionier-Soldat),,,"Tätigkeit nachgewiesen 1837 , hat Pinselzeichnung des Magdeburger Doms angefertigt",piz,male,+,
168288,Heinrich Straub,Heinrich Straub (1577-1636),1577,1636,"Heinrich Straub war ein Goldschmied und Silberarbeiter aus der Goldschmiedefamilie Straub, Nürnberg. Er legte seine Meisterprüfung 1608 ab.
Von Straub sind mehrere aufwändig gestaltete Renaissancepokale erhalten. Seine Arbeiten waren beeinflusst von Hans Petzolt.
(Quelle: Nürnberger Künstlerlexikon: Bildende Künstler, Kunsthandwerker, Gelehrte ...)",piz,male,+,http://d-nb.info/gnd/1200202155
72507,Otto Klippel (Museumsdirektor),Otto Klippel (Museumsdirektor),,,Früherer Museumsdirektor des Stadt- und Festungsmuseums Germersheim,piz,male,+,
66299,Buthod & Thibouville,Buthod & Thibouville,,,Gemeinsame Firma von Charles Buthod und Jerome Thibouville. Aktiv um 1860.,kif,,+,
88319,Franz Stöhr (Koch),Franz Stöhr (Koch),,,Koch in Marienbad. Nachgewiesen für 1910er Jahre.,piz,male,+,
60517,Tiberius Claudius Attalus Paterclianus,Tiberius Claudius Attalus Paterclianus,,,"""Legatus Augusti pro praetore in Thrakien unter Commodus in der Mitte der 180er Jahre. Erscheint auf den Münzen von Nikopolis und Pautalia, immer als Hegemon.
Lit.: B. E. Thomasson, Laterculi Praesidum I (1984) 169 Nr. 40; ebd. I Addenda (2011) 22:040; PIR² C 795."" - https://ikmk.smb.museum/object?id=18243584, 15.09.2018",piz,,+,
1324,Johanne Döring,Johanne Döring,,,Wahrscheinlich Nichte von Bertha Futtig,piz,female,+,
13368,VEB Spinn- und Zwirnereimaschinenbau,VEB Spinn- und Zwirnereimaschinenbau,,,"Teilbetrieb (Karl- Marx-Stadt) des Kombinats Textima, 1991 Übernahme durch Barmag zu Barmag-Spinnzwirn GmbH",kif,,+,http://d-nb.info/gnd/2026013-1
331794,von Humbert (Rittmeister),von Humbert (Rittmeister),,,"Preußischer Kavallerieoffizier, nachgewiesen 1865",piz,male,,
344347,A. Schlechter,A. Schlechter,,,Nachgewiesen 1937,piz,,,
345722,Jenny Ollenroth-Zimmermann,Jenny Ollenroth-Zimmermann (1805-1860),1805,1860,"Genre- und Porträtmalerin (erw. 1824–1860), Tochter eines Militärarztes

Geburtsname: Jenny Adelaide Ollenroth
auch: Jenny Adelheid Ollenroth
auch: Johanne Adelheide Ollenroth
auch: Jenny Zimmermann",piz,female,+,
262082,Leo M. Sabota,Leo M. Sabota (1924-2012),1924,2012,"Dr. Leo M. Sabota trat 1943 in die US Navy ein. 1945 beendete er seine fliegerische Ausbildung und wurde als Transportflieger für Pazifik und Asien eingesetzt. 1947 wurde er zur 8. Transportstaffel der US Navy (VR8) nach Hawaii versetzt. Von dort kam er im November 1948 nach Frankfurt Rhein-Main. Am 04.03.1949 leistete Sabota als erster Pilot der US Navy Transportstaffeln 100 Luftbrückenflüge nach Berlin. 1950 war er mit einer Transportstaffel am Korea-Krieg beteiligt und in den folgenden Jahren auf verschiedenen US-amerikanischen Stützpunkten eingesetzt. Sabota absolvierte zwei Universitätsstudien und promovierte, seine letzte Militärstation war 1965 Guantanamo Bay auf Kuba. Anschließend begann er eine Universitätslaufbahn in Tennesee und Texas.",piz,male,+,
67422,Nils Johann Thorvald Thorsson,Nils Johann Thorvald Thorsson (1898-1975),1898,1975,"Geboren in Eslöv (Schweden). Keramiker, lange bei Royal Copenhagen tätig.",piz,male,+,
324747,Sepp Waldeck,Sepp Waldeck,,,1944 aus Tschene geflohen.,piz,male,+,
45566,J.M. Bolivar,J.M. Bolivar,,,"Zahnarzt in Chimbote, Peru. Der Regierungsbaumeister Carl Plock kauft von ihm eine Sammlung von Moche-Artefakten, die vom Königlichen Museum für Völkerkunde in Berlin erworben wird.",piz,male,+,
208037,Ruhrknappschaft,Ruhrknappschaft,,,"Die Ruhrknappschaft entstand 1923 durch die Zentralisierung der Knappschaften im Rahmen des Reichsknappschaftsgesetzes. Sitz war Bochum-Ehrenfeld, im neobarocken Prachtbau einer Vorgängerknappschaft. 1969 wurde die Ruhrknappschaft umbenannt in 'Bundesknappschaft', der Sitz blieb in Bochum.",kiz,,-,
302276,Genthiner Aktienbrauerei,Genthiner Aktienbrauerei,,,"Genthiner Brauerei 1897 gegründet, 1919 Actienbrauerei",kif,,+,
339494,Friedrich Wilhelm Julius Brennicke,Friedrich Wilhelm Julius Brennicke (-1892),,1892,"*1826/27, Bildhauer in Berlin (erw. um 1855), Vater der Genre- und Porträtmalerin Elise Brennicke (1855–1938)",piz,male,+,
313873,Johann Heinrich Knickmann,Johann Heinrich Knickmann (-1899),,1899,"Gest. 1899 in Bremen, 1897/98 Schiffszimmermann für die Neuguinea-Kompagnie in Deutsch-Neuguinea; ethnografischer Sammler",piz,male,+,
2001,Gerd Gebert,Gerd Gebert (1926-2007),1926,2007,"Grafiker, Ehrenbürger der Stadt Luckenwalde
* 7. Januar 1926 in Klasdorf/Baruth; † 16. Juli 2007",piz,,+,
120823,"Bell, John","Bell, John",,,"""Buchhandlung und Verlg im 18./19. Jht. in London"" - gnd, 12.08.2024",kiz,,,https://d-nb.info/gnd/1087601126
162222,Ernst Oberwinter (Firma),Ernst Oberwinter (Firma),,,"Herstellung von keramischen Produkten. Seit etwa 1885 stellte Ernst Oberwinter in einem patentierten Verfahren Produkte unter der Markenbezeichnung ""Lippstädter Gesundheitsgeschirr"" her. 
Die Hitzebeständigkeit wurde durch einen untergebundenen Metallboden erhöht, weil keramische Kochgeschirre bei rascher Erwärmung zu schnell Risse bekamen oder sprangen.",kif,,+,
307250,Tapetenfabrik Gebr. Rasch & Co.,Tapetenfabrik Gebr. Rasch & Co.,,,Unternehmen in Bramsche (nachgewiesen 1951),kif,,+,
79295,Strebelwerk GmbH,Strebelwerk GmbH,,,"Unternehmen in Mannheim, ""Spezialfabrik für Zentralheizungskessel; Werk I (Hansastr.): gußeiserne Heizkörper; Werk II (Diffenéstr.): Kessel und Blechheizkörper. 1909: Sie besitzt Zweigniederlassungen in Berlin, Hamburg, Dresden, Düsseldorf und in fast allen europäischen Hauptstädten, außerdem eigene Gießereien in Lodz (Polen) und in Gegengottes b. Brünn. Der Lagerbestand an Stebelkesseln beträgt stets 3.000 Stück; die Kessel sind in einer Anzahl von 50.000 Stück über ganz Europa verbreitet. ..."" - http://www.albert-gieseler.de/dampf_de/firmen1/firmadet14796.shtml, 04.09.2021",kif,,+,
338705,Heinz Ball (Chirurg),Heinz Ball (Chirurg),,,"Dr. med., 1965-1970 Facharzt für Chirurgie und Unfallarzt in Darmstadt",piz,male,+,
331359,Pic...,Pic...,,,"""Quattuorvir quinquennalis in Parion/Mysien um 45 v. Chr.
RPC I Nr. 2253-2254A."" - https://ikmk.smb.museum/ndp/person/16595, 18.08.2025",piz,,+,
180727,Alfred Lindemann,Alfred Lindemann (1936-),1936,,"Sicherheitsingenieur bei Prosper-Haniel. Seit 1991 im Ruhestand. Widmet sich dem Wissen um die Heilige Barbara. - http://www.alfred-ulrich-lindemann.de/vorstellung/vorstellung.htm, 03.06.2022",piz,male,+,
324744,Anna Ströbl,Anna Ströbl,,,1944 aus Tschene geflohen.,piz,female,+,
70684,Polizeidirektion Dresden,Polizeidirektion Dresden,,,"Mittelbehörde der Polizei Sachsen, nachgewiesen seit 19. Jh., heute dem Sächsischen Staatsministerium des Innern untergeordnet",kio,,+,
23187,Amateurfilmzentrum Bernau,Amateurfilmzentrum Bernau,,,"Die Ursprünge des Amateurfilmzentrums Bernau reichen vermutlich bis in die Mitte der 1960er Jahre zurück. 
Unter der Leitung von Armin H. Liersch profilierte sich das Amateurfilmzentrum Bernau - das beim VEB Plast‐ und Schichtpreßstoffwerk (SPW) Bernau angesiedelt war – in den 1970er Jahren dann zu den künstlerisch herausragenden Amateurfilmgruppen der DDR. 
Die Räumlichkeiten des Studios befanden sich im Kreiskulturhaus in der heutigen Breitscheid-Straße in Bernau, in dem die Amateure zwei Räume in der oberen Etage des Gebäude nutzten und sich nach eigenen Angaben einmal pro Woche trafen.
Die Filme des Amateurfilmzentrum Bernau sind im Filmmuseum Potsdam überliefert.",kiz,,+,
200025,Johann Wolfgang Schmidt (Glaskünstler),Johann Wolfgang Schmidt (Glaskünstler),,,Glaskünstler in Nürnberg. Nachgewiesen für Zeit um 1676.,piz,male,+,https://d-nb.info/gnd/1033850829
77853,Godefroy Holtzman,Godefroy Holtzman (1736-1799),1736,1799,Musikinstrumentenmacher,piz,male,+,
329957,Johann Emanuel Göbel,Johann Emanuel Göbel (1720-1759),1720,1759,"Deutscher Maler. Geboren in Berlin als Sohn des Kupferstechers Friedrich Carl G. und bei diesem in Ausbildung, anschließend bei seiner Tante, der Miniaturmalerin Anna Maria Werner in Dresden. Seit 1746 in Warschau tätig. Porträtist in Öl und Miniatur.",piz,male,+,https://d-nb.info/gnd/1037337131
25046,Fotoatelier Atelier Viktoria,Fotoatelier Atelier Viktoria (Ulm),,,"Fotoatelier in
- Ulm, Hafengasse 2 (Ecke Münsterplatz)
belegt Anf. 20. Jh.",kif,,+,
220258,Ludwig Friedrich Frantzen,Ludwig Friedrich Frantzen (1848-1903),1848,1903,"Ludwig Frantzen übernahm 1871 die Leitung der von seinem Bruder Eduard 1867 gegründeten Stift Brauerei in Hörde. Eduard Frantzen fiel im Deutsch-Französischen Krieg 1870/1871. 
1903 fusionierte die Brauerei mit der 1870 gegründeten Wallrabe-Brauerei, die 1900 in eine Aktiengesellschaft umgewandelt und 1901 in „Bürgerliches Brauhaus AG, Hoerde“ umbenannt worden war. Der Name des Unternehmens lautete seitdem „Stifts-Brauerei Aktiengesellschaft vorm. Eduard Frantzen und Bürgerliches Brauhaus“.",piz,male,+,
255160,Angelika Griebner,Angelika Griebner (1951-),1951,,Journalistin,piz,female,+,https://d-nb.info/gnd/120139502
115083,Sandra Davolio,Sandra Davolio (1951-),1951,,"Sandra Davolio (Keramikerin)
*1951 Corregio (Italien). Lebt seit 1974 in Dänemark. 1980–1985 Studium an der Det Kongelige Danske Kunstakademi in Kopenhagen. Seit 1985 Werkstatt in Måløv bei Kopenhagen. Daneben ist sie als Dozentin an der Kunsthøjskole Holbæk tätig und gibt Sommerkurse am Studio Pandora in Sorano (Italien). Es entstehen Gefäße und Vasen aus Keramik in Raku- und Bucchero-Technik mit matten, stark farbigen, teils metallisch wirkenden Oberflächen. Charakteristisch ist das Dekor aus markanten Lamellenstrukturen. Ihre Objekte werden weltweit ausgestellt und sie erhält mehrere Preise, u. a. wird sie 2000 von der Galerie Skovhuset in Værløse als „Artist of the Year“ ausgezeichnet.",piz,female,+,http://d-nb.info/gnd/11922450X
123231,Marcus Valerius Aristophanes (Myrina),Marcus Valerius Aristophanes (Myrina),,,"""Marcus Valerius Aristophanes
Magistrat in Myrina/Aiolis unter Marcus Aurelius.
Lit.: W. Leschhorn, Lexikon der Aufschriften auf griechischen Münzen II (2009) 362."" - https://ikmk.smb.museum/ndp/person/3305, 21.06.2020",piz,,+,
5132,Kreisausschuß Kreis Calbe (Saale),Kreisausschuß Kreis Calbe (Saale),,,Kreisverwaltung des Kreises Calbe (Saale). Nachgewiesen für 1923,kio,,+,
281773,Marlies Schmidt,Marlies Schmidt (1917-2013),1917,2013,1942 bis 1979 Stationsschwester im Städtischen Krankenhaus Bielefeld,piz,,+,
181729,Emilie Schubert,Emilie Schubert (1809-1862),1809,1862,"In Berlin 1845–1847 als Porträtmalerin und Zeichenlehrerin nachweisbar, zuletzt Lehrerin an einer privaten Töchterschule in der Dorotheenstraße 69. Starb 1862 mit 53 Jahren an einem Herzfehler und hinterließ zwei Geschwister. Nur drei 1840 und 1841 datierte Pastelle mit Porträtdarstellungen im Familienumfeld bekannt. Die Qualität bescheiden. Sie ist nicht in Ausstellungskatalogen nachweisbar. [kl-bb]",piz,female,+,
331606,Luise von Friesen,Luise von Friesen (1794-1870),1794,1870,"""Am 27. Juli 1783 heiratete er die Gräfin Juliane Caroline von der Schulenburg (* 1764; † 23. Juli 1803), eine Tochter von Gebhard Werner von der Schulenburg, mit der er 11 Kinder bekam: ... Louise (* 27. November 1794 in Dresden; † 15. Januar 1870 in Dresden), Oberhofmeistern von Königin Amalie von Sachsen; erste unverheiratete und protestantische Oberhofmeisterin am Königlich Sächsischen Hof"" - Wikipedia (de) über den Vater, Johann Georg Friedrich von Friesen, 20.0.2025",piz,female,+,
328556,Heinrich Wulfertange,Heinrich Wulfertange (1854-1924),1854,1924,"Heinrich Wulfertange war ein im Bremer Stadtteil Blumenthal geborener Holzschnitzer, Modelleur und Bildhauer, später in Osnabrück tätig.",piz,male,+,
252502,Laszlo Papp (Medailleur),Laszlo Papp (Medailleur) (1947-),1947,,Medailleur,piz,male,+,
327802,Verlag Rudolph Stein,Verlag Rudolph Stein,,,Verlag in Eberswalde um 1900,kif,,+,
70466,Sekartaji,Sekartaji,,,Weibliche Hauptfigur aus dem Panji-Mythos.,pxl,,+,
340802,Dobbs & Co.,Dobbs & Co.,,,"Papiermanufaktur und Druckerei in London, gegründet von Henry Dobbs, 19. Jh. (https://www.britishmuseum.org/collection/term/BIOG228224)",kif,,+,
338741,Fachschule für angewandte Kunst Schneeberg,Fachschule für angewandte Kunst Schneeberg,,,Fakultät Angewandte Kunst Schneeberg der Westsächsischen Hochschule Zwickau,kiz,,+,
36760,"Thomsen, James",James Thomsen (1790-1850),1790,1850,"""James Thompson (Biographical details)
James Thompson (printmaker; British; Male; 1790 - 1850)
Also known as: Thompson, James; Thomson, James
Address: 5 Edward Street, Hampstead Road, London (1832)
Biography: Stipple engraver and draughtsman."" - https://www.britishmuseum.org/collection/term/BIOG163451, 18.10.2020",piz,male,+,
