70769,Kreiskriegerverband Neuhaldensleben,Kreiskriegerverband Neuhaldensleben,,,Verband in Neuhaldensleben,kiz,,,
230545,Josef B. Scholz (Firma),Josef B. Scholz (Firma),,,"Spezialfabrik in Deutschland für geprägte Etiketten und Siegelmarken in Eberfeld bzw. Wuppertal, nachweisbar mindestens 1892-1960
1960: Großdruckerei, Kunstprägeanstalt, Offsetdruckerei",kif,,+,
267859,Alfred Dreger (Druckerei),Alfred Dreger (Druckerei),,,"Druckerei in Berlin-Spandau (nachgewiesen 1935 und 1941)
1941 laut Telefonbuch in Berlin-Spandau, Karl-Schurz-Str. 45, ansässig, Angebotspalette: ""Drucksachen für Gewerbe, Handel, Industrie, Privat"".",kif,,+,
254891,Gottlieb Tannert (Bauer),Gottlieb Tannert (Bauer),,,Bauer und Gemeinde-Ältester in Großschönau (1802 und 1803),piz,male,+,
48495,Druckerei Otto von Holten,Druckerei Otto von Holten,,,Druckerei in Berlin. Nachgewiesen für Zeit um 1900,kif,,+,
56318,"Verlag Haus Neuerburg, Köln","Verlag Haus Neuerburg, Köln",,,Verlag der Zigarettenfabrik Haus Neuerburg. Herausgeber von Sammelbildern.,kif,,+,
277173,Pötzschke,Pötzschke,,,deutscher Maler,piz,male,,
71669,Umkreis des Filippo Napoletano,Umkreis des Filippo Napoletano,,,"Maler aus dem Umkreis des Filippo Napoletano. Filippo Napoletano, eigentlich Filippo d’Angeli (* um 1587 in Rom; † 1629 ebenda), war ein italienischer Maler des 17. Jahrhunderts.",siu,,+,
205630,Höhere Fachschule für Wirkerei- und Strickerei-Industrie Chemnitz und Limbach,Höhere Fachschule für Wirkerei- und Strickerei-Industrie Chemnitz und Limbach,,,"""1923 Vereinigung der ""Höheren Wirkschule in Limbach in Sachsen"" mit der ""Sächsischen Höheren Fachschule für Textilindustrie"" in Chemnitz zur ""Höheren Fachschule für Wirkerie- und Strickereiindustrie Chemnitz und Limbach"", Sitz: Chemnitz; 1938 Umbenennung der vereinigten Schulen Chemnitz und Limbach in ""Höhere Textilschulen Chemnitz und Limbach"""" - gnd, 10.08.2022",kiz,,+,https://d-nb.info/gnd/5054563-2
19807,Gemeindeverwaltung Irxleben,Gemeindeverwaltung Irxleben,,,Gemeindeverwaltung des des bis 2010 eigenständigen Dorfs Irxleben in der Börde,kio,,+,
9635,John Ryan,John Ryan,,,"John Ryan war Senior Animation Director der Firma DESIGNefx, u.a. erschuf er das Maskottchen ""Izzy"" zu den Olympischen Spielen 1996 in Atlanta.",piz,male,+,
47721,Iwanaga Shikô,Iwanaga Shikô,,,Töpfer in Japan,piz,,+,
67614,Dewag Werbung Weißenfels,Dewag Werbung Weißenfels,,,in Weißenfels ansässiges Unternehmen der Werbeindustrie.,kif,,+,
311576,Luise Köhler,Luise Köhler,,,"Frau des Müllers Philipp Jacob Wernz in Dürkheim, Anfang 19.Jh. Witwe",piz,female,+,
40205,Fotoatelier Theodor Kimstädt,Fotoatelier Theodor Kimstädt,,,"Fotoatelier in
- Wittenberg, Mittelstraße 58",kif,,+,
310055,István Rosta,István Rosta (1946-),1946,,"ungarischer Wissenchaftshistoriker, Ingenieur, geb. 12. 10. 1946 Kaposvár.",piz,male,+,
270273,Rich. John (Papierhandlung),Rich. John (Papierhandlung),,,Berliner Papierhandlung und Ansichtskarten-Verlag. Zu Beginn des 20. Jahrhunderts in der Glogauerstr. 21 nachgewiesen.,kif,,+,
133170,Anne Bastard,Anne Bastard,,,"geborene Worsley, 17 Jh.",piz,female,+,
204721,Körner & Proll,Körner & Proll,,,Die Berliner Firma Körner & Proll zählte zu den renommierten Berliner Gold- und Silberschmiedeunternehmen. Es existierte seit dem Jahre 1845 und war durch Franz Eduard Körner und Friedrich Wilhelm Proll gegründet worden. Auf Grund seiner künstlerischen und qualitativ herausragenden Arbeiten war der noch heute existierenden Firma der Titel Hofgoldschmied verliehen worden.,kif,,+,
10770,A. Lagemang (Verlag),A. Lagemang (Verlag),,,Druck und Verlag in Magdeburg,kif,,+,
217182,Friedrich Mauke (Jena),Friedrich Mauke (Jena),,,"Verlag in Jena
""Gründung: 1789 von Joh. Michael Mauke"" - gnd, 25.01.2023
""Verkauf des Verlages: 31.12.1866"" - gnd, 25.01.2023",kif,,+,https://d-nb.info/gnd/107299173X
260864,Constantin Gehlhaar,Constantin Gehlhaar,,,"Zimmermeister in Frankfurt am Main, belegt 1834-1884 (gestorben 1884/85).
Andere Namensform: Constantin Gelhaar.
Quelle: Adressbuch Frankfurt am Main 1834-1884 (1885: Witwe).",piz,male,+,
125118,Mihály Székely (Rechtsanwalt),Mihály Székely (Rechtsanwalt) (1887-),1887,,"Mihály Székely; Kisvárda, 1887-, Rechtsanwalt",piz,male,+,
8945,A. Laumannsche Buchhandlung Dülmen/Westfalen,A. Laumannsche Buchhandlung Dülmen/Westfalen,,,"A. Laumannsche Buchhandlung, Dülmen i. Westf, Ende 19.Jh. Auch als Verlag tätig.",kif,,+,
235399,Johannes Henkel (Schuhmacher),Johannes Henkel (Schuhmacher),,,"Schuhmacher in Rauschenberg (Hessen), Schmaleicherstorstraße",piz,male,+,
557,Magdalena Sybilla von Sachsen-Zeitz,Magdalena Sybilla von Sachsen-Zeitz (1672-1672),1672,1672,"Magdalena Sibylla (* 7. April 1672 auf Schloss Moritzburg in Zeitz; † 20. August 1672 ebd.), Prinzessin von Sachsen-Zeitz; Tochter der Herzogs Moritz aus zweiter Ehe.",pik,female,+,
288037,Jean Chemineau,Jean Chemineau (1916-1964),1916,1964,Französischer Architekt.,piz,male,+,
54299,Verlag H. Klesser (Oldenburg),Verlag H. Klesser (Oldenburg),,,Verlag in Oldenburg.,kif,,+,
132554,Georg Adolf von Hohenlohe-Schillingsfürst,Georg Adolf von Hohenlohe-Schillingsfürst,,,Aus der Familie Hohenlohe-Schillingsfürst.,pik,male,+,
123470,Marquis Roger de Meyran de Lagoy,Marquis Roger de Meyran de Lagoy (1789-1860),1789,1860,"""Numismatiker"" - gnd, 18.08.2024",piz,male,+,http://d-nb.info/gnd/139423087
66697,Karl Hermann von Ehrenstein,Karl Hermann von Ehrenstein (1837-1899),1837,1899,"""Karl Hermann von Ehrenstein
19.8.1837 Dresden - 31.10.1899 Sibyllenort (Szczodre) in Schlesien
beruflicher Titel, Amtsbezeichung, Dienstgrad: Generalleutnant
beruflicher Titel, Amtsbezeichung, Dienstgrad: Kgl. Oberstallmeister
- 1876 erster Nachweis in Dresden als Major beim Garde-Reiterregiment
- 1890 Generalmajor der Kavallerie a. D. und Königlicher Oberstallmeister"" - http://sammlungsdatenbank-museen-dresden.de/de/entitySearch?artId=50580, 30.03.2019",piz,male,+,
19056,Ludwig Kretschmer,Ludwig Kretschmer (-1845),,1845,"Ludwig Kretschmer, gest. 2. Febr. 1845 in Kirchberg an der Jagst, OT Lendsiedel, pensionierter Hauptmann der Kgl. Bayerischen Armee, Verfasser militärischer Schriften, Maler",piz,male,+,
332526,Emil Johann Frey (Regierungsrat),Emil Johann Frey (Regierungsrat),,,"Schweizer Offizier, Landschreiber, Redaktor, Diplomat. Direktor Int. Büro Telegraphenunion. Regierungsrat und Bundesrat für die FDP.",piz,male,+,
74641,Hermann Wildt (Buchhändler),Hermann Wildt (Buchhändler),,,"Buchhändler aus Stuttgart, belegt Ende des 19. Jahrhunderts.",piz,male,+,
202910,Georg Huebner,Georg Huebner,,,"""Huebner, Georg
Münzwardein in Breslau um 1650.
Signiert mit GH."" - https://ikmk.smb.museum/ndp/person/3210, 21.05.2022",piz,,+,
198732,Magnus Herrmann,Magnus Herrmann (1817-1894),1817,1894,"Banker und Kunstsammler in Belin
Bei dem Bankier Magnus Herrmann aus Berlin handelt es sich um einen Freund Menzels, der auch eine Reihe von Werken in Auftrag gab. Er war auch Realitätenbesitzer in Hofgastein.",piz,male,+,
278720,Louis Hermsdorf (Färberei),Louis Hermsdorf (Färberei),,,"Färberei in Chemnitz, Louis Hermsdorf, der Inhaber und Begründer der Firma gilt als der bedeutendste „Echt-Schwarz-Färber“ der Welt",kif,,,
19244,Manzanillo (Kuba),Manzanillo (Kuba),,,Kubanische Landmaschinenfirma,kif,,+,
70478,"Cencin, Vincenzo",Vincenzo Cencin (1925-2010),1925,2010,"""Vincenzo Cencin (Veneza, Itália 1925 - São Paulo SP 2010). Pintor e engenheiro.[...]"" - http://enciclopedia.itaucultural.org.br/pessoa8684/vincenzo-cencin",piz,,+,
311193,Pécsi Tudományegyetem Nemzetközi Igazgatóság,Pécsi Tudományegyetem Nemzetközi Igazgatóság,,,"A Pécsi Tudományegyetem Nemzetközi Igazgatósága felel az egyetem nemzetközi kapcsolatainak fejlesztéséért, a külföldi hallgatók támogatásáért és a nemzetközi mobilitási programok koordinálásáért. Célja, hogy elősegítse az intézmény globális jelenlétét és támogassa a nemzetközi együttműködéseket.",kio,,+,
75016,Athanasios Tzandalis,Athanasios Tzandalis (1894-),1894,,"Athanasios Tzandalis, geboren 1894 in Ahmetbey, war ein türkischer Hirte, der während des Ersten Weltkriegs im Kriegsgefangenenlager Görlitz interniert war.",piz,male,+,
301236,Ionia S.P.A.,Ionia S.P.A.,,,"Ionia S.p.A. ist ein italienisches Kaffeeunternehmen mit Sitz in Santa Venerina, Sizilien. Gegründet wurde es 1960 unter dem Namen „Torrefazione Ionia di Ottani Rossana“ in Giarre. Seit 1975 produziert das Unternehmen in Santa Venerina Espresso-Kaffee, der weltweit exportiert wird.",kif,,+,
170638,Claus-Henning Ammann,Claus-Henning Ammann (1954-),1954,,Erster Vorsitzender des Krankenhausmuseum Bielefeld e.V.,piz,male,+,
187784,Maria Haffke,Maria Haffke,,,Lehrerin in Bodendorf,piz,female,+,
339620,Margaretha Antonia Hölzl,Margaretha Antonia Hölzl,,,"Deutsche Malerin, tätig in Ingolstadt. Vor 1747 verehelicht mit dem Maler Johann Evangelist Hölzl (nach älteren Angaben Tochter von dessen Bruder Felix H.). Porträt- und Historienmalerin, um 1767 gerühmt für Muttergottes-Bilder.",piz,female,+,https://d-nb.info/gnd/129272787
17146,Glass,Glass (Firma),,,Hersteller u.a. von Entkernern,kif,,+,
184480,Eckart-Verlag,Eckart-Verlag,,,Verlag in Berlin - Steglitz. Nachgewiesen für Zeit um 1930.,kif,,+,
271367,Christophel Jacob de Weys,Christophel Jacob de Weys (1743-1813),1743,1813,"Iserlohner Uhrmacher, reformiert; V: Quirin de Weys (Kauf- und Handelsmann aus Amsterdam), M: NN; verheiratet mit Catharina Maria Elisabeth Quincke (* 1742)
geboren in Amsterdam, gestorben in iserlohn ca. 1813",piz,male,+,
282027,Hans Dahl,Hans Dahl (1849-1937),1849,1937,Norwegischer Landschafts- und Genremaler,piz,male,+,https://d-nb.info/gnd/117617091
274812,Otto Wandl (Fotoatelier/Verlag),Otto Wandl (Fotoatelier/Verlag),,,"Berliner Fotoatelier/Verlag, um 1900.",kif,,+,
201515,Fotoatelier Franjo Svirčević,Fotoatelier Franjo Svirčević,,,"Fotoatelier in
- Ossijek, Kapucinsca Utca Br. 16",kif,,+,
264952,A. M. Prochorow,A. M. Prochorow,,,1981 nachgewiesen als Wörtberbuchautor,piz,,,
350274,Gebrüder Jänecke Druck- und Verlagshaus,Gebrüder Jänecke Druck- und Verlagshaus,,,"Druckerei in Hannover
Am 12.10.1827 eröffneten die Brüder Friedrich und Christian Jänecke eröffnen in der Rademacherstraße eine Buchdruckerei. 1927 verfasste Martin Frehsee (Berlin) den Text und und Walter Schacht (Hannover) die Zeichnungen und den Entwurf zum Werk: ""Gebrüder Jänecke Druck- und Verlagshaus Hannover - Rückblick und Entwicklung Festschrift zur Hundertjahrfeier des Hauses Gebrüder Jänecke"". 
https://d-nb.info/gnd/1303060-7",kif,,+,https://d-nb.info/gnd/1303060-7
73930,Brikettfabrik Knappenrode,Brikettfabrik Knappenrode,,,"""Von 1918 bis zur Stilllegung 1993 wurden in der Brikettfabrik Werminghoff (später: Knappenrode) Briketts aus Rohbraunkohle produziert. Die Pressen waren teils elektrisch, teils mit Dampfmaschinen angetrieben. Zur Versorgung der Pressen und Trockner mit Dampf und Elektroenergie verfügte die Fabrik über ein eigenes Kesselhaus und Kraftwerk.

Bis 1946 galt die Fabrik als modernste Brikettfabrik Deutschlands. Nach der Schließung blieben die imposante Backsteinarchitektur, die fast vollständig eingerichtete Brikettfabrik mit einer lückenlosen Folge dampfbetriebener Brikettiertechnik erhalten"" - Wikipedia über Energiefabrik Knappenrode, 06.04.2021",kif,,,
63016,Graphisches Institut Oscar Fürstenau,Graphisches Institut Oscar Fürstenau,,,Leipziger Verlag,kif,,+,
271886,Verlag Benno Michaelis,Verlag Benno Michaelis,,,Der Verlag Benno Michaelis veröffentlichte um 1900 Ansichtskarten in Berlin.,kif,,+,
225950,Klaus Eberhardt (Maler),Klaus Eberhardt (Maler) (1954-),1954,,"Geboren wurde er 1954 in Delmenhorst, wo er auch aufwuchs, ehe er an die Hochschule für Bildende Kunst in Braunschweig zum Studieren ging. Dort lernte er bei Malte Sartorius und war von 1974 bis 1980 Meisterschüler. Aus dieser Zeit stammen auch Eberhardts frühere Werke, in denen er noch fotorealistisch gearbeitet hat. Er malte Filmszenen oder Fotografien nach, etwas, was ihn auf Dauer aber nicht zufrieden stellte. ""Fotorealistische Bilder sind im Prinzip einfach zu machen, sie sind sehr plakativ"", findet der Künstler. Später ging er dann über zum Hyper-Realismus – weg von dem Plakativen, hin zu Bildern, die so detailgenau waren, dass man sogar Adern und Hautstrukturen erkennen konnte.

https://www.weser-kurier.de/stadt-delmenhorst/der-grosse-unbekannte-doc7e4iebhc8mw49ikd1s7 (Stand: 22.04.2023)",piz,male,+,https://d-nb.info/gnd/1150649399
28994,Stefan Bading,Stefan Bading (1977-),1977,,"Geb. 12. 4. 1977 Ilmenau
""Bildhauer und Medailleur. 1995-1998 Lehre zum Steinmetz und Steinbildhauer in Leinburg bei Nürnberg. 1999-2003 Wanderjahre (’Walz’). 2003-2007 Tätigkeit als Bildhauer. Seit 2007 Studium der Bildhauerei an der Hochschule für Kunst und Design Burg Giebichenstein in Halle bei B. Göbel und C. Theumer. Dritter Preis im Künstlerwettbewerb zum Salierjahr 2012. Lit.: R. Albert, Künstlerwettbewerb zum Salierjahr 2011, NNB 2011, 294-295."" - Interaktiver Katalog des Münzkabinetts der SMB, 15.01.2017",piz,male,+,
13311,Innungsvereinigung des Kreises Bitterfeld,Innungsvereinigung des Kreises Bitterfeld,,,Zusammenschluss von Handwerksinnungen auf der Ebene des Kreises Bitterfeld,kiz,,+,
30253,Johann Gottlob Richter (Zinngießer),Johann Gottlob Richter (Zinngießer),,,Zinngießermeister in Luckau (Wirkungszeit 1764 - ca. 1815),piz,,+,
186891,Carla Antonia Stuart,Carla Antonia Stuart,,,"Aus Frankfurt am Main stammende Schottin, die Gattin des Adam Elsheimer war, den sie 1606 in Rom heiratete und 1608 einen Sohn gebar. Ab 11.12.1610 war sie Witwe.",piz,female,+,
246254,Gesamtdeutscher Block/BHE,Gesamtdeutscher Block/BHE,,,"""Der Gesamtdeutsche Block/Bund der Heimatvertriebenen und Entrechteten (kurz GB/BHE) war eine von 1950 bis 1961 aktive politische Partei in der Bundesrepublik Deutschland. Sie richtete sich an die nach dem Ende des Zweiten Weltkrieges aus ihrer Heimat vertriebenen Deutschen."" - (Wikipedia (de) 29.10.2023)",kiz,,+,
31694,Friedrich Methner (Markscheider),Friedrich Methner (Markscheider),,,Oberbergamtsmarkscheider in Halle (Saale). Nachgewiesen für 1911.,piz,male,+,
206582,Walter Burgermeister,Walter Burgermeister (1901-1971),1901,1971,"Walter Burgermeister war ein Künstler, der vor dem 2. Weltkrieg in Trier aktiv war. Über sein Leben ist wenig bekannt.",piz,male,+,https://d-nb.info/gnd/1051207282
68521,Anette Wandrer,Anette Wandrer (1960-),1960,,"""1960 in Jena geboren
1977-1979 Töpferlehre bei ihrer Mutter Ulli Wittich-Großkurth
1979-1984 Studium an der HiF Burg Giebichenstein in Halle/Saale bei Gertraud Möhwald
1984-1987 freischaffend in Jena tätig
1987-2017 Arbeit in eigener Werkstatt in Berlin
seit 2017 Atelier in Apolda"" - https://www.wandrer.com/vita-annette.html, 02.05.2019",piz,female,+,https://d-nb.info/gnd/119205785
275169,Tsuishu Yôsei XX,Tsuishu Yôsei XX (1880-1952),1880,1952,"Japanischer Künstler.

""Yôsei stammte aus einer alten Lackmeister-Familie, die ihren (legendären) Stammbaum bis ins 14. Jahrhundert zurückführt und das Wort ""Tsuishu"" (""Schnitzlack"") noch heute als Beinamen trägt."" (SMB)",piz,male,-,
74317,Schwarzwald Industrie GmbH,Schwarzwald Industrie GmbH,,,Kunstgewerbliche Industrie,kif,,+,
129972,Umkreis des Jan Gossaert,Umkreis des Jan Gossaert,,,Personen aus dem Umkreis des Jan Gossaert,siu,,+,
346161,Günther Mika,Günther Mika (1953-),1953,,"deutscher Zahnarzt und Keramiker
geboren 1953 in Borna, 1974 -1979 Studium der Zahnmedizin in Leipzig, seit 1980 Bekanntschaft mit dem Maler Erich Dietz, eigene Arbeiten in Öl und Pastellkreide, seit 1983 Hinwendung zur Keramik und Aufbau eigener Keramikwerkstatt mit Ehefrau Bärbel Mika, seit 1984 entstehen Objekte der Feinkeramik im Freibrandofen, seit 1991 Niederlassung als Zahnarzt in Kitzscher, 2022 -2024 Fernstudium mit Abschluss an Cornelia Goethe Akademie.",piz,male,+,
269124,Foto-Lersch,Foto-Lersch,,,"Fotoatelier in
- Schwiebus, Frankfurter Str. 4 (nachgewiesen durch 1933 verschickte Ansichtrskarte mit dem Aufdruck ""Foto-Lersch, Schwiebus, Frankfurter Str. 4"")",kif,,+,
151087,Paul Scholz,Paul Scholz (1916-),1916,,Paul Scholz wurde vermutlich am 10. Juni 1916 [?] in Greppin geboren. In den 1930er Jahren war er als Friseur tätig.,piz,male,+,
286599,Oskar Winneberger,Oskar Winneberger,,,Direktor der Adlerstycht-(Real-)Schule in Frankfurt am Main (nachgewiesen 1905),piz,male,+,
314356,Karlheinz Hesse,Karlheinz Hesse,,,1995/2000 Hersteller eines Modells des Komnick-Postbusses,piz,male,,
209092,Adelheid zu Ysenburg,Adelheid zu Ysenburg (1805-1873),1805,1873,"Adelheid zu Ysenburg und Büdingen
Born 11 Mar 1805

Daughter of Ernst Casimir zu Ysenburg und Büdingen I. and Ferdinande (zu Erbach-Schönberg) zu Ysenburg und Büdingen
Sister of Unknown zu Ysenburg und Büdingen, Unknown zu Ysenburg und Büdingen, Ernst Casimir zu Ysenburg und Büdingen II., Marie zu Ysenburg und Büdingen, Mathilde zu Ysenburg und Büdingen, Gustav zu Ysenburg und Büdingen and Ida (zu Ysenburg und Büdingen) zu Solms-Laubach",piz,female,+,
100081,Kálmán Szabó (Schriftsteller),Kálmán Szabó (Schriftsteller) (1915-1980),1915,1980,ungarischer Lehrer und Schriftsteller,piz,male,+,
193758,Johann Georg Friedrich Matthäi,Johann Georg Friedrich Matthäi (-1830),,1830,Johann Georg Friedrich Matthäi war Jurist.,piz,male,+,
190787,Joseph Mayr,Joseph Mayr (1828-1904),1828,1904,"Die beiden im schwäbischen Unterthingau geborenen Maler Andreas Mayr (1820-1893) und Joseph Mayr (1828-1904) waren Absolventen der Münchner Kunstakademie und wurden 1846 von Johann Schraudolph (1808-1879) als Gehilfen für die Ausmalung des Speyerer Doms verpflichtet. Joseph Mayr blieb in Speyer und starb dort 1904. Sein Bruder Andreas scheint der prominentere Maler gewesen zu sein, er ging 1853 zurück nach München und ließ sich schließlich ab 1862 wieder in seiner Geburtsgemeinde Unterthingau nieder.",piz,male,+,
284090,Fotoatelier Carl Schäfer,Fotoatelier Carl Schäfer,,,"Fotoatelier in
- Elberfeld, Kipdorfstraße 57",kif,,+,
222803,Metzgerzunft Dürrwangen,Metzgerzunft Dürrwangen,,,Zunft der Metzger in Dürrwangen,kiz,,+,
36069,F. Ramberg (Kupferstecher),F. Ramberg (Kupferstecher),,,Kupferstecher in Berlin,piz,,+,http://d-nb.info/gnd/1130811573
325841,Herodes (Temnos),Herodes (Temnos),,,"""Strategos in Temnos/Aiolis unter Elagabalus.
Lit.: W. Leschhorn, Lexikon der Aufschriften auf griechischen Münzen II (2009) 540 (datiert 218-222 n. Chr.)."" - https://ikmk.smb.museum/ndp/person/9546, 29.05.2025",piz,,+,
180364,"Heinrich Wetteroth, München","Heinrich Wetteroth, München",,,Druck und Verlag in München. Kunstdrucke.,kif,,+,
4964,Vityaz,Vityaz,,,Sowjetischer Uhrenhersteller,kif,,+,
201855,Rußika (Literarische Gestalt),Rußika (Literarische Gestalt),,,"Gestalt in ""Das Märchen von den Märchen oder Liebseelchen"", einer Erzählung von Clemens von Brentano.",pxl,,+,
33346,Fontana-Werkstatt,Fontana-Werkstatt,,,Werkstatt des Orazio Fontana (ca. 1511-1571),kif,,+,
248896,Norman King,Norman King (1927-),1927,,Norman King war als Angehöriger der britischen Royal Air Force während der Berliner Luftbrücke auf den britischen Stützpunkten Lübeck und Gatow tätig.,piz,male,,
338486,Königliches akademisches Institut für Kirchenmusik,Königliches akademisches Institut für Kirchenmusik,,,Das Königliche Musik-Institut zu Berlin war eine Ausbildungsstätte für Musiker und eine Vorgängerinstitution des heutigen Instituts für Kirchenmusik der Universität der Künste.,kio,,+,https://d-nb.info/gnd/5227441-X
1015,"Grenzregiment ""Fritz Heckert"" (NVA)","Grenzregiment ""Fritz Heckert"" (NVA)",,,Stationiert in Salzwedel,kio,,+,
45759,Eugen Reinhard,Eugen Reinhard,,,Sammler von Ethnografika.,piz,male,+,
301442,Jacobs Douwe Egberts DE GmbH,Jacobs Douwe Egberts DE GmbH,,,"Jacobs Douwe Egberts DE GmbH ist die deutsche Landesgesellschaft des internationalen Kaffeeunternehmens JDE Peet’s mit Sitz in Bremen. Das Unternehmen geht auf die 1895 gegründete Kaffeerösterei von Johann Jacobs zurück. Heute betreibt es ein Werk in Bremen-Hemelingen mit rund 330 Mitarbeitenden und ist für den DACH-Markt (Deutschland, Österreich, Schweiz) zuständig. Produziert werden vor allem Instantkaffee und weitere Kaffeespezialitäten. Die GmbH gehört zum weltweit tätigen Mutterkonzern JDE Peet’s mit Sitz in den Niederlanden.",kif,,+,
6230,Giambattista dalle Palle,Giambattista dalle Palle,,,"Majolikamaler, 16. JH.",piz,,+,
250933,Hanns Benninghoff,Hanns Benninghoff,,,Ingenieur in Bad Saulgau (nachgewiesen 1971),piz,male,+,
11488,Joh. Friedrich Holtzinger,Joh. Friedrich Holtzinger (1743-),1743,,"Silberschmied, Meister in Berlin

Angaben zu finden in:
Die Kunstdenkmale des Landkreises Dessau-Köthen ...
unter Jeßnitz Nr. 6",piz,,+,
308486,Maria Katharina Scheubel,Maria Katharina Scheubel (-1786),,1786,"Deutsche Malerin. Geboren um 1725-30, tätig in Bamberg. Porträtmalerin. Tochter des Malers Johann Joseph Scheubel II. (1686-1769), Schwester der Malerin Anna Theresia Scheubel (-1791) und des Malers Johann Joseph Scheubel III. (1733-1801).",piz,female,+,
267275,Männer-Gesangsverein Liederkranz Oberkirch,Männer-Gesangsverein Liederkranz Oberkirch,,,Der Männergesangsverein (M. G. V.) Oberkirch wurde 1829 gegründet.,kim,,+,
18714,Heinrich Albrecht Conrad,Heinrich Albrecht Conrad (1648-1710),1648,1710,"Heinrich Albrecht Conrad (Cunradi), geb. am 9. März 1648 in Kirchberg an der Jagst, gest. am 7 Mai 1710 ebd.; seit 1679 verheiratet mit Agnes Maria Münster (gest. 1709 in Kirchberg). Vor seiner Amtszeit in Kichberg war Conrad Schlossverwalter in Langenburg und Amtsvogt in Schrozberg.",piz,male,+,
127120,Anton Kral (Verlag),Anton Kral (Verlag),,,Fotograf und Verlag,kif,,+,
25209,Fotoatelier A. Dickhaut,Fotoatelier A. Dickhaut,,,"Fotoatelier in
- Wuppertal-Elberfeld, Hofaue 87 (Ende 19. Jh.)",kif,,+,
18630,Destadt,Destadt,,,"Druckerei
Sitz: Iserlohn.
Nachgewiesen für die Mitte des 20. Jh.",kif,,+,
60452,Dioskourides (Laodikeia),Dioskourides (Laodikeia),,,"""Erscheint auf Münzen des phrygischen Laodikeia ohne Amtsbezeichnung unter Tiberius (?).
Lit.: RPC I 478; W. Leschhorn, Lexikon der Aufschriften auf griechischen Münzen II (2009) 461."" - https://ikmk.smb.museum/object?id=18240934, 15.09.2018",piz,,+,
23815,H. Behle,H. Behle,,,Mühlenbesitzer in Börry bei Emmerthal (1909),piz,male,+,
224366,Anthon Kalland,Anthon Kalland (1856-1933),1856,1933,"Kunstsmaler und Fotograf. Geboren 1856 in Bergen, verstorben 1933 in Hammerfest.",piz,male,+,
302207,Johann Hector Römer,Johann Hector Römer (1629-1691),1629,1691,"geb. 10.11.1629, gest. 18.06.1691
Kaiserlicher Notar; Hausmeister des Armen- und Waisenhauses in Frankfurt am Main",piz,male,+,
332598,Deutscher Sportverein,Deutscher Sportverein,,,Verband (nachgewiesen 1907),kiz,,,
24113,Hut (Mühlenbesitzer),Hut (Mühlenbesitzer),,,Um 1896 Besitzer einer Sägemühle in Oranienbaum,piz,,+,
339669,Katharina Czerlinsky,Katharina Czerlinsky (1872-1922),1872,1922,"Zeichenlehrerin in Berlin, unverh.",piz,female,+,
3110,VEB Thermometerwerk Geraberg,VEB Thermometerwerk Geraberg,,,"Unternehmen in Geraberg. Heute: Geraterm Medical AG. Zu dieser: ""Geratherm ging 1990 nach der Wende aus dem Volkseigenen Betrieb VEB Thermometerwerk Geraberg (TWG) hervor, der wiederum aus der 1900 im damals noch eigenständigen Dorf Arlesberg gegründeten Firma Keiner, Schramm & Co. entstand."" - Wikipedia, 24.09.2017",kif,,+,
190337,Alexandra von Hellberg,Alexandra von Hellberg (1968-),1968,,Alexandra von Hellberg ist eine Graphikerin.,piz,female,+,
113962,Else Kamp Jensen,Else Kamp Jensen (1937-),1937,,"*1937 Fredericia (Dänemark) | 1970-1974 Studium an der Designskolen Kolding | 1974-1977 eigene Werkstatt in Kolding, seit 1977 in Solrød Strand bei Kopenhagen | 1977-1985 Mitarbeiterin bei Bing & Grøndahl in Kopenhagen | Gefäße aus Steinzeug und Porzellan, offene Ovalformen, aus Platten gebogen und montiert, mitunter mit umlaufendem Stempeldekor, außen unglasiert, mit Oxyden eingerieben",piz,female,+,
4760,Jazzband Klaus Franke,Jazzband Klaus Franke,,,"Jazzband, aktiv in der DDR. Nachgewiesen für zweite Hälfte 1950er Jahre.",kiz,,+,
191984,Fotoatelier R. Wittwer,Fotoatelier R. Wittwer,,,"Fotoatelier in
- Neusalz a.O. (= Nowa Sól)
- (Filiale) Beuthen a.O. (= Bytom Odrzański)",kif,,+,
31143,Lindemann (Mühlenbesitzer in Rohrberg),Lindemann (Mühlenbesitzer in Rohrberg),,,1899 belegt als Besitzer einer Wassermühle in Rohrberg,piz,,+,
18706,Johann Christoph Conrad,Johann Christoph Conrad (1724-1795),1724,1795,Hof- und Regierungsrat in Kirchberg an der Jagst.,piz,,+,
163728,Karl Andreas von Meyer zu Knonow,Karl Andreas von Meyer zu Knonow (1744-1797),1744,1797,"""Physiker und Tonkünstler in Görlitz, baute verschiedenste musikalische Instrumente, seit 1782 Mitglieder der Oberlausitzer Gesellschaft der Wissenschaften, einheimische Naturaliensammlung, 1782 Bau einer Glasharmonika"" - gnd, 29.01.2021",piz,male,+,https://d-nb.info/gnd/1080928146
191694,Paschal Josef von Damiani,Paschal Josef von Damiani (1740-),1740,,"""Damiani, Paschal Josef von (geboren um 1740)
Münzwardein in Kremnitz von 1765 bis 1785. Münzmeister in Kremnitz von 1805 bis 1810.
Damiani signiert mit den Initialen D bzw. PD.
Lit.: L. Herinek, Österreichische Münzprägungen von 1740-1969 III (1970) 13; E. R. Berger-Damiani, Die Szeklerfamilie Haller von Hilib und ihre Nachkommen, Siebenbürgische Familienforschung 2, 1985, 12-29. bes. 25 f."" - https://ikmk.smb.museum/ndp/person/12942, 28.06.2022",piz,male,+,https://d-nb.info/gnd/1239980310
164924,Herman Caspar Lohmann,Herman Caspar Lohmann,,,"Gravaur, Kupferpräger",piz,male,+,
3404,"Photographische Kunstanstalt ""Makart""","Photographische Kunstanstalt ""Makart""",,,"Die Berliner Kunstanstalt ""Makart"" existierte in den Jahren 1909-1910 in der Schönhauser Allee 6-7 mit dem Besitzer H. Kammer.",kif,,+,
297446,Schramm & Echtermeyer Tabakwaren (Dresden),Schramm & Echtermeyer Tabakwaren (Dresden),,,1835 gegründetes Unternehmen,kif,,+,
329617,DK Umweltverlag & Promotion,DK Umweltverlag & Promotion,,,"Der DK Umweltverlag & Promotion sieht seine Dienstleistungsschwerpunkte in der Entwicklung, der Herausgabe und dem Vertrieb von pädagogisch wertvollen Informations-, Lern- und Unterhaltungsmedien für Kinder im Vor- und Grundschulalter. Darüber hinaus planen und organisieren wir Veranstaltungen und Kampagnen für diese Zielgruppe.

Quelle: http://www.dk-umweltverlag.de/index.php/auf-einen-blick/verlagsprofil
(2025)",kif,,+,
5333,Franz Gebhardt Stolberg,Franz Gebhardt Stolberg,,,"Maler, nachgewiesen für 1670er Jahre.",piz,male,+,
71705,Umkreis des Cornelis Poelenburg,Umkreis des Cornelis Poelenburg,,,Person aus dem Umkreis des Cornelis van Poelenburgh. Cornelis van Poelenburgh (* 1594/95 in Utrecht; † 12. August 1667 ebenda) war ein niederländischer Maler des Barocks.,siu,,+,
201939,VEB Georg Wolf Endoskope,VEB Georg Wolf Endoskope,,,"1906 Gründung der Georg Wolf GmbH Berlin 
und ihre Patente:
Instrument zum Einblick in Körperhöhlen (1923)
Biegegastroskop (1930)
Erstes Photozystoskop mit Blaulichtbeleuchtung (1937)

1948 Die Georg Wolf GmbH ging in den Staatsbesitz der ehemaligen DDR über

1990 Privatisierung in die MGB Medizinische Geräte GmbH Berlin",kif,,+,
188860,Ernst Hering,Ernst Hering,,,"Ehemaliger Vorsitzender des ""Deutschen Vegetarier-Bundes"" , 1892 gegründet",piz,male,,
8234,Sophie Karoline Leopoldine Friederike von Maltzahn,Sophie Karoline Leopoldine Friederike von Maltzahn (1736-1792),1736,1792,Stiftsdame in Heiligengrabe,piz,female,+,
194891,Köllnflockenwerke,Köllnflockenwerke,,,Unternehmen in Elmshorn.,kif,,+,
310008,Maerker (Sammler),Maerker (Sammler),,,"Sammlung Maerker, Neuwied",piz,,+,
331273,Peter Michael Bjarnø,Peter Michael Bjarnø,,,"Münzdirektor in Kopenhagen von 1978 bis 1981.
Münzzeichen B.",piz,,+,
6059,"Kosta Glasbruk AB, Ekeberga","Kosta Glasbruk AB, Ekeberga",,,"Glasmanufaktur, 1742 gegründet

""Orrefors Kosta Boda AB ist ein Zusammenschluss der vormals eigenständigen Glashütten Orrefors, Kosta, Boda und Åfors, gelegen im so genannten Glasreich in der südschwedischen Provinz Småland. Das Unternehmen gehört seit 2005 zur New Wave Group AB."" - (Wikipedia (de) 10.08.2021)",kif,,+,
113313,Andreas Maier (Uhrenbemaler),Andreas Maier (Uhrenbemaler),,,Bemalte Lackschilduhren. Nachgewiesen für Zeit um 1880.,piz,male,+,
205355,Beteiligungs-Aktiengesellschaft Ruhrort,Beteiligungs-Aktiengesellschaft Ruhrort,,,"In Ruhrort angesiedeltes Unternehmen.
Vorgänger: Gutehoffnungshütte",kif,,+,https://d-nb.info/gnd/1035537-6
23322,Griess & Möwes (Rathenow),Griess & Möwes (Rathenow),,,1911 Bauherren/Betreiber einer Mahlmühle in Rathenow,kif,,+,
69125,Kreisheimatbund Diepholz,Kreisheimatbund Diepholz,,,"""Seit seiner Gründung im Jahre 1979 repräsentiert der Kreisheimatbund (KHB) als Dachorganisation die regionale und kulturelle Vielfalt der örtlichen Heimat-, Kultur- und Bürgervereine im Landkreis Diepholz. "" - https://www.kreisheimatbunddiepholz.de/%C3%BCber-uns/zweck-und-ziele-des-vereins/, 22.11.2021",kiz,,+,
114835,Horst Bogislaw von Smelding,Horst Bogislaw von Smelding (1905-1967),1905,1967,"""Horst Bogislaw von Smelding
8.8.1905 Berlin - 1967
beruflicher Titel, Amtsbezeichung, Dienstgrad: Sächsischer Staatsschauspieler
Beruf: Schauspieler
Beruf: Rezitator
- Bühnendebüt am Stadttheater Altona 
- 1930 Engagement am Deutschen Kunsttheater Berlin
- Mitglied des Paul Wegener Ensembles Berliner Künstler
- bis 1945 [?] Ensemblemitglied des Sächsischen Staatstheaters Dresden
- 15.2.1943 Auftritt mit Goethe-Rezitationen vor der Waffen-SS im Konzentrationslager Auschwitz
- bis 1967 Staatsschauspieler in München"" - http://sammlungsdatenbank-museen-dresden.de/de/entitySearch?artId=69165, 12.08.2020",piz,male,+,http://d-nb.info/gnd/1068879246
31669,W. Spliesgarth (techn. Zeichner),W. Spliesgarth (techn. Zeichner),,,1898 techn. Zeichner o. Projektant bei der Königlichen Eisenbahndirektion Halle a. Saale.,piz,,+,
350383,Michael Hofmann,Michael Hofmann,,,"Deutscher Maler. Tätig 17. Jh. in Grimma, Porträtmaler.",piz,male,+,
172318,Verlag J. A. Vetter (Königsberg),Verlag J. A. Vetter (Königsberg),,,Verlag in Königsberg.,kif,,+,
191940,Peter Schröter,Peter Schröter (1937-),1937,,"Grafikdesigner, geboren in Zeitz.",piz,male,+,
314299,Ada VILHAN,Ada VILHAN,,,Ada VILHAN magyar kortárs képzőművész.,piz,female,+,
72626,Sextus Quinctilius,Sextus Quinctilius,,,"""Römischer Münzmeister, belegt ca. 189-180 v. Chr."" - gnd, 20.10.2020",piz,,+,http://d-nb.info/gnd/1186415363
172543,Gebr. Arnold'scher Pensionsverein,Gebr. Arnold'scher Pensionsverein,,,Der Gebr. Arnold'sche Pensionsverein war ein Pensionsverein für Angestellte in Dresden in den 1930er Jahren.,kiz,,+,
245211,Jakob Metterich,Jakob Metterich,,,Holzbildhauer in Schwäbisch Gmünd. Nachgewiesen für Zeit um 1760.,piz,male,+,https://d-nb.info/gnd/1029858799
66563,David Christian Hopf (der Jüngere),David Christian Hopf (der Jüngere) (1776-1830),1776,1830,"Geigenbauer in Klingenthal, Sohn des David Christian Hopf sen. (1734-1803)",piz,male,+,
234605,Adolph Ludolphi,Adolph Ludolphi,,,"Adolph Ludolphi war ein Hersteller von Petroleumöfen aus Hamburg. Der Produktionszeitraum liegt zwischen 1890 und 1935.

Der Firmensitz war in der Jägergasse 21 in Wandsbeck bei Hamburg. eine Filiale befand sich unter anderem am Balindam 17, das Hamburger Bildarchiv listet eine Ansicht des Schaufensters um 1900.

Die Firma fungierte als Nachfolgegesellschaft der Firma Wiedemann (Adolph Ludolphi & Carl Wiedemann) .
Die Produkte führen oft die Herstellerbezeichnung Adolphi.
Besonders interessant sind von diesem Hersteller auch die Heizlampen, mit einem großen, oft dunklem Glaszylinder.",kiz,,,
273661,Clemens Nißl,Clemens Nißl,,,Clemens Nißl aus Obereichstätt stellte als Hobby historische Modelle her.,piz,male,,
19448,Karl Frank (Firma),Karl Frank (Firma),,,"1919 gründet der Feinmechanikermeister Karl Jakob Frank eine Firma zur Fertigung von Messgeräten in Mannheim-Rheinau, die sich nach dem Zweiten Weltkrieg auf Prüfgeräte für die Papier- und Zellstoffindustrie spezialisiert hat (heute Frank-PTI GmbH).",kif,,+,http://d-nb.info/gnd/5113335-0
251361,Maria Josepha Debler,Maria Josepha Debler,1760,1819,"Maria Josepha Debler, geb. Daser, war mit dem Schwäbisch Gmünder Patrizier Franz Xaver Debler verheiratet.",piz,female,+,
50041,Fotoatelier Lipnitzki,Fotoatelier Lipnitzki,,,"Fotoatelier in
- Paris",kif,,+,
22925,Brauerei Müller (Potsdam),Brauerei Müller (Potsdam),,,"Neben der Königlichen Brauerei wurden nach Einführung der Gewerbefreiheit Ende des 18. Jahrhunderts in Potsdam mehrere private Brauereien gegründet, zu der auch die Brauerei Müller in der Junkerstrasse 69-70 um 1870 als eine der größeren zählte. [Hannes Wittenberg]",kif,,+,
34111,Anna von der Mark (Äbtissin),Anna von der Mark (Äbtissin),,,1604–1631 Äbtissin von Thorn (Torun),piz,female,+,
129968,Pieter Aertsen - Werkstatt,Pieter Aertsen - Werkstatt,,,Werkstatt des Peter Aertsen,kif,,+,
317683,Pierre Blin (Drucker),Pierre Blin (Drucker),,,Drucker und Herausgeber des 18. Jahrhunderts.,piz,male,+,https://d-nb.info/gnd/1272336697
19216,VEB Rohrwerke Bitterfeld,VEB Rohrwerke Bitterfeld,,,"Zum 1. Januar 1962 durch Umstrukturierungen entstandenes Unternehmen mit Zweigwerk in Muldenstein (ab 1967 in Betrieb)
1985 kam es zur Bildung eines Montagegroßbetriebes unter Führung des VEB Industrie- und Kraftwerksrohrleitungsbau Bitterfeld als Leitbetrieb, mit der Folge, dass der VEB Rohrwerke Bitterfeld dem VEB IKR als Betriebsteil zugeordnet wurde.
(nach: https://de.wikipedia.org/wiki/Industrie-_und_Kraftwerksrohrleitungsbau_Bitterfeld; 31.07.2017)",kif,,+,
327514,"Heinrich Thie, Spezialfabrik für Bienengeräte","Heinrich Thie, Spezialfabrik für Bienengeräte",,,Unternehmen in Wolfenbüttel,kif,,,
328766,Otto Fuchs (Maler),Otto Fuchs (Maler) (1859-1938),1859,1938,"Maler, geboren in Königstein, gestorben in Meißen",piz,male,+,
229716,Dieter Nentwig (Goldschmied),Dieter Nentwig (Goldschmied) (1929-),1929,,Goldschmied,piz,male,+,
69008,Wir-Verlag Walter Weller,Wir-Verlag Walter Weller,,,Wir-Verlag Walter Weller in Aalen (Baden-Württemberg),kif,,+,
114138,Hanns Robert Doering-Manteuffel,Hanns Robert Doering-Manteuffel (1905-),1905,,"""Hanns Robert Doering-Manteuffel
3.10.1905
letzte Erwähnung: +1967
beruflicher Titel, Amtsbezeichung, Dienstgrad: Chefdramaturg
akademischer Grad: Dr. phil.
Beruf: Dramaturg
- seit 1939 Nachweis als Dramaturg am Staatstheater Dresden"" - http://sammlungsdatenbank-museen-dresden.de/de/entitySearch?artId=50541, 08.06.2020",piz,male,+,http://d-nb.info/gnd/1146341083
114370,Friedrich Emil Oskar Kaiser,Friedrich Emil Oskar Kaiser (1838-1914),1838,1914,"""Friedrich Emil Oskar Kaiser

16.7.1838 - 23.1.1914

beruflicher Titel, Amtsbezeichung, Dienstgrad: Königlich Sächsischer Baurat

Beruf: Stadtrat
Beruf: Zimmermeister

- 1865 erster Nachweis in Dresden als Zimmermeister
- 1884-1902 Dresdner Stadtrat"" - http://sammlungsdatenbank-museen-dresden.de/de/entitySearch?artId=51568, 19.04.2020",piz,male,+,
205977,VEB Frottex Berthelsdorf,VEB Frottex Berthelsdorf,,,"1899 schließt sich Hermann Dressler in Berthelsdorf und Ernst Marx aus dem benachbarten Großschönau zusammen und heben gemeinsam die Firma ""Dressler & Marx"" aus der Taufe. Am 1.Mai 1900 wird der erste Frottierwebstuhl im neuen Webereigebäude an der Berthelsdorfer Hauptstraße in betrieb genommen. Innerhalb weniger Jahre wird der junge Fabrikkomplex kontinuierlich erweitert. Das Unternehmen Dressler & Marx etabliert dabei die Marke ""Dressma"", exportiert die Waren bis in die USA und beschäftigt um 1930 zirka 350 Angestellte. Das Produktportfolio der Firma umfasste hauptsächlich Frottierhandtücher, -teppiche und -bademäntel. Mit dem dem Kriegsjahr 1944 muss die Weberei ihre Produktion aber einstellen und die Fabrikhallen der Siemens-Schuckertwerke aus Berlin zur Produktion von kriegswichtigen Elektroartikeln bereitstellen. Kurz nach dem Ende des 2. Weltkrieges geht es für die Firma Dressler & Marx bereits weiter. Als Reperationsbetrieb fertigt man vorwiegend für die sowjetische Besatzungsmacht. Ab 1960 wird das Unternehmen mit staatlicher Beteiligung weitergeführt. 1972 wurde das Unternehmen wie fast alle Betriebe mit staatlicher Beteiligung in einen volkseigenen Betrieb umgewandelt. Dieser firmierte zunächst unter dem Namen VEB Frottex Berthelsdorf, dem 1975 die Firma Rönsch & Söhne Löbau angegliedert wurde. Zum 1. Januar 1980 wurde das Unternehmen dem VEB Frottana Großschönau unterstellt. Die Anzahl der Beschäftigten betrug in den letzten Jahren durchschnittlich 300. Mit der Abwicklung der meisten oberlausitzer Textilbetriebe im Jahr 1990 endet auch in Berthelsdorf die Webereitradition.",kif,,+,
269434,Verlag Carl Schulze,Verlag Carl Schulze,,,"Als Verleger von Ansichtskarten in Berlin nachgewiesen durch ein 1913 verschicktes Exemplar mit der Aufschrift ""Verlag: Carl Schulze, Berlin-Johannisthal, Kaiser Wilhelmstraße 12.""",kif,,+,
267938,Fotoatelier Anton Hruschka,Fotoatelier Anton Hruschka,,,"Fotoatelier in
- Straßburg im Elsaß, Broglieplatz 4 (Quelle: Adressbücher 1874-1888)",pif,,+,
213826,Fotoatelier Martin Herzfeld,Fotoatelier Martin Herzfeld,,,"Fotoatelier in
- Dresden, Pragerstr. 7
- Leipzig, Thomasgasse 4",kif,,+,
17836,"A. Kempf, Nürnberg","A. Kempf, Nürnberg",,,"Hersteller oder Verwender (Konditorei?) von Backmodeln, 19. Jh.",kif,,+,
327571,KPD-Unterbezirksleitung Magdeburg,KPD-Unterbezirksleitung Magdeburg,,,"Kommunistische Partei Deutschlands - Unterbezirksleitung Magdeburg
Nachweis für 1945",kiz,,+,
123251,Marcus Aurelius Phronton (Byzantion),Marcus Aurelius Phronton (Byzantion),,,"""Marcus Aurelius Phronton
Magistrat in Byzantion/Thrakien unter Severus Alexander.
Lit.: E. Schönert-Geiss, Die Münzprägung von Byzantion II (1972) 15 f. 20; W. Leschhorn, Lexikon der Aufschriften auf griechischen Münzen II (2009) 386. 884."" - https://ikmk.smb.museum/ndp/person/5100, 21.06.2020",piz,,+,
347404,Country Verlag,Country Verlag,,,"Verlag von Gila van Delden, Fischweg 7, Halle (Westfalen) (nachgewiesen 1996-2002)",kif,,+,
60983,Anno (Münzmeister),Anno (Münzmeister),,,"""Münzmeister in Regensburg unter Heinrich II.
Lit.. W. Hahn, Moneta Radasponesis (1976) 83 f."" - https://ikmk.smb.museum/object?id=18260035, 19.08.2018",piz,,+,
56052,Erika Neumann (Biesdorf),Erika Neumann (Biesdorf),,,Um 1973 Mitwirkende im Textilzirkel Berlin-Biesdorf,piz,female,+,
180155,Vereinigung der Bergbau-Spezialgesellschaften e.V.,Vereinigung der Bergbau-Spezialgesellschaften e.V.,,,1949 gegründete Wirtschaftsvereinigung in Essen.,kiz,,+,
189646,Verlag Pfeifer & Weßbecher,Verlag Pfeifer & Weßbecher,,,Verlag in Bergzabern/Rheinpfalz,kiz,,+,
349277,Josef Trappen,Josef Trappen,,,"Schwerathlet aus Trier, Sohn ds Schwerathleten Paul Trappen
(nachgewiesen 1931)",piz,male,+,
267250,Alphonse Lasor a Varea,Alphonse Lasor a Varea,,,"Graphiker, 18. Jh.",piz,male,,
117907,Erich Schug,Erich Schug (1906-1982),1906,1982,"Deutscher Künstler, geboren 1906 in Ludwigshafen am Rhein, gestorben 1982
Bad Dürkheimer Maler, Grafiker, Kunsterzieher, Mitbegründer der ""Pfälzischen Sezession"" und des Künstlerbundes ""Rhein Neckar"" nach Ende des Zweiten Weltkrieges, Ausmalung und Gestaltung zahlreicher Kirchen, Kapellen und Schulen in Bad Dürkheim.
Eine Straße in seiner Geburtsstadt Ludwigshafen ist nach ihm benannt.",piz,male,+,https://d-nb.info/gnd/118762184
308742,F. J. Weygand & Comp.,F. J. Weygand & Comp.,,,"Firma in Den Haag, gegründet 1805
gnd: 129535800X",kif,,+,https://d-nb.info/gnd/129535800X
153781,Wenzel Prokesch,Wenzel Prokesch,,,Instrumentenbauer in Wien. Nachgewiesen für Zeit um 1850.,piz,,+,
152418,Neufeldt & Kuhnke,Neufeldt & Kuhnke,,,"1899 wurde Neufeldt & Kuhnke in Kiel gegründet, 1936 erfolgte die Umbenennung in Hanseatische Apparatebau-Gesellschaft Neufeldt & Kuhnke GmbH (Hagenuk). Hagenuk in Kiel ist ein deutscher Hersteller von Telekommunikations- und Radiogeräten, Schiffsausrüstung und Tauchgeräten. Teile des Unternehmens existieren noch, andere Teile wurden geschlossen.",kif,,+,
16872,Friedrich Pouch (Verlag),Friedrich Pouch (Verlag),,,"Verlag von Friedrich Pouch, Buch-, Kunst- & Musikalienhandlung Merseburg",piz,,+,
316270,Industria de Maquinas Agricolas IDEAL S.A.,Industria de Maquinas Agricolas IDEAL S.A.,,,"Brasilianischer Landmaschinenhersteller, nachgewiesen 1970-1974 in Santa Rosa",kif,,+,
39860,"Bauhaus Dessau, Hochschule für Gestaltung, Metallwerkstatt","Bauhaus Dessau, Hochschule für Gestaltung, Metallwerkstatt",,,Metallwerkstatt an der Hochschule für Gestaltung am Bauhaus Dessau 1926-1932,kio,,+,
273099,Heinrich Ross (Fotoatelier/Verlag),Heinrich Ross (Fotoatelier/Verlag),,,Berliner Verlag und Fotoatelier um 1900.,kif,,+,
158008,János Glatz,János Glatz,,,"Künstler, nachgewiesen 1815",piz,male,,
118721,Kurfürstliche Hof- und Akademie- Buchdruckerei Mannheim,Kurfürstliche Hof- und Akademie- Buchdruckerei Mannheim,,,Kurfürstliche Hofbuchdruckerei in Mannheim.,kif,,+,
43947,Hartsteinwerke Burgk GmbH & Co. oHG - Werk Burgk,Hartsteinwerke Burgk GmbH & Co. oHG - Werk Burgk,,,Unternehmen in Ostthüringen mit drei Steinbrüchen. Abbau von Hartgestein zur Herstellung von Baustoffen.,kif,,+,
311408,Friedrich Wernz,Friedrich Wernz,,,Müller in Dürkheim 18./19. Jh.,piz,male,+,
113139,Josef Siegel (Waffenfabrik),Josef Siegel (Waffenfabrik),,,Waffenhersteller in Salzburg.,kif,,+,
200470,Glasolinschilderfabrik Meise Möcking G.m.b.H.,Glasolinschilderfabrik Meise Möcking G.m.b.H.,,,Unternehmen in Wuppertal.,kif,,+,
209777,Tennis-Club Reichelsheim,Tennis-Club Reichelsheim,,,"Verein in Reichelsheim (Odenwald), gegründet 1971, nachgewiesen 1996",kiz,,+,
275385,Pourtalès-Maler,Pourtalès-Maler,,,"""Attischer Vasenmaler, aktiv ca. 4. Jh. v. Chr. "" VIAF 12.11.2025",piz,male,+,
266045,Karl Benjamin Gottlieb Gocht,Karl Benjamin Gottlieb Gocht,,,Diakon in Großschönau 1850-1862,piz,male,+,
4973,Eric Homann-Webau,Eric Homann-Webau (1907-1989),1907,1989,"Homann-Webau ist am 26.3. 1907 in Frankfurt am Main geboren und 1989 in Köln verstorben.
Die Biografie ist nur in Bruchstücken bekannt. Er war Maler und Bühnenbildner. Er war auf der ""Allgemeinen Kunstausstellung"" 1946 in Dresden vertreten. Er gehörte der Künstlerkolonie Wernigerode an.",piz,male,+,
145453,Klemmer-Tiefdruck Mannheim,Klemmer-Tiefdruck Mannheim,,,Druckereiunternehmen in Mannheim.,kif,,+,
256001,Hermann Schade (Soldat),Hermann Schade (Soldat),,,"Soldat (Musketier) in Eilenburg, erwähnt 1914",piz,male,+,
313624,Otto Kast (Künstler),Otto Kast (Künstler) (1908-1988),1908,1988,"deutscher Maler und Lehrer, geb. 1906 Karlsruhe, gest. 1988 Offenburg",piz,male,+,
214356,Otto Dannenberg,Otto Dannenberg,,,"vermutlich Künstler in Berlin, um 1930.",piz,male,,
115829,Joseph Thurau,Joseph Thurau,,,Joseph Thurau war in der ersten Hälfte des 20. Jahrhunderts Schuhwarenhändler in Bitterfeld. Er war Inhaber eines Schuhgeschäftes in der Mühlstraße.,piz,male,+,
9678,Hermann Höding,Hermann Höding,,,"Geboren vermutlich Ende des 19. Jh.
Beruf: Dreher
Verheiratet.
1909 wohnhaft in Olvenstedt bei Magdeburg, Ebendorfer Straße 257; 1915/16 ebendort in der Feldstraße Nr. 7b.
vermutlich Vater von Reinhold Höding

Briefwechsel mit mehreren Soldaten während des 1. Weltkrieges an Ost- und Westfront.",piz,male,+,
200638,Johann Baptist Allgeyer,Johann Baptist Allgeyer,,,"Glockengießer, nachgewiesen für 1762",piz,male,+,
2437,Eduard Föhr (Firma),Eduard Föhr (Firma),,,"Stuttgarter Firma, gegr. 1801
ab 1880 königlich-württembergischer und ab 1891 preußischer Hofjuwelier",kif,,+,
11210,Wilhelm Strube GmbH,Wilhelm Strube GmbH,,,"1889 gegründetes Unternehmen in Magdeburg-Buckau, das unter anderem Lokomobile herstellte.",kif,,+,
295304,"C. W. Kreidel's Verlag, Wiesbaden","C. W. Kreidel's Verlag, Wiesbaden",,,Verlag in Wiesbaden (nachgewiesen 1895 und 1909),kif,,+,
